country,threshold,area_ha_x,extent_2000_ha,extent_2010_ha,gain_2000-2012_ha,tree_cover_loss_ha,year,area_ha_y,primary_forest_loss_ha,hard_commodities,logging,other_natural_disturbances,permanent_agriculture,settlements_infrastructure,shifting_cultivation,wildfire,umd_tree_cover_extent_2000__ha,gfw_aboveground_carbon_stocks_2000__mg_c,avg_gfw_aboveground_carbon_stocks_2000__mg_c_ha-1,gfw_forest_carbon_gross_emissions__mg_co2e_yr-1,gfw_forest_carbon_gross_removals__mg_co2_yr-1,gfw_forest_carbon_net_flux__mg_co2e_yr-1,carbon_gross_emissions_MgCO2e
Afghanistan,30,64383655.0,205771.0,71786.0,10738.0,88.0,2001,0.0,0.0,0.0,3.0,2.0,63.0,0.0,0.0,1.0,205771.0,12409398.0,123.0,15339.0,376800.0,-361461.0,27986.0
Afghanistan,30,64383655.0,205771.0,71786.0,10738.0,179.0,2002,0.0,0.0,0.0,64.0,3.0,49.0,0.0,0.0,34.0,205771.0,12409398.0,123.0,15339.0,376800.0,-361461.0,41762.0
Afghanistan,30,64383655.0,205771.0,71786.0,10738.0,244.0,2003,0.0,0.0,0.0,73.0,1.0,11.0,0.0,0.0,134.0,205771.0,12409398.0,123.0,15339.0,376800.0,-361461.0,47255.0
Afghanistan,30,64383655.0,205771.0,71786.0,10738.0,201.0,2004,0.0,0.0,0.0,143.0,1.0,24.0,0.0,0.0,13.0,205771.0,12409398.0,123.0,15339.0,376800.0,-361461.0,34770.0
Afghanistan,30,64383655.0,205771.0,71786.0,10738.0,236.0,2005,0.0,0.0,0.0,142.0,4.0,12.0,0.0,0.0,51.0,205771.0,12409398.0,123.0,15339.0,376800.0,-361461.0,39928.0
Afghanistan,30,64383655.0,205771.0,71786.0,10738.0,152.0,2006,0.0,0.0,0.0,102.0,0.0,10.0,0.0,0.0,23.0,205771.0,12409398.0,123.0,15339.0,376800.0,-361461.0,23558.0
Afghanistan,30,64383655.0,205771.0,71786.0,10738.0,253.0,2007,0.0,0.0,0.0,182.0,0.0,9.0,0.0,0.0,36.0,205771.0,12409398.0,123.0,15339.0,376800.0,-361461.0,41092.0
Afghanistan,30,64383655.0,205771.0,71786.0,10738.0,108.0,2008,0.0,0.0,0.0,67.0,2.0,7.0,0.0,0.0,19.0,205771.0,12409398.0,123.0,15339.0,376800.0,-361461.0,19422.0
Afghanistan,30,64383655.0,205771.0,71786.0,10738.0,70.0,2009,0.0,0.0,0.0,33.0,0.0,8.0,0.0,0.0,12.0,205771.0,12409398.0,123.0,15339.0,376800.0,-361461.0,13779.0
Afghanistan,30,64383655.0,205771.0,71786.0,10738.0,87.0,2010,0.0,0.0,0.0,67.0,0.0,4.0,0.0,0.0,6.0,205771.0,12409398.0,123.0,15339.0,376800.0,-361461.0,13779.0
Afghanistan,30,64383655.0,205771.0,71786.0,10738.0,113.0,2011,0.0,0.0,0.0,41.0,1.0,4.0,0.0,0.0,53.0,205771.0,12409398.0,123.0,15339.0,376800.0,-361461.0,19743.0
Afghanistan,30,64383655.0,205771.0,71786.0,10738.0,40.0,2012,0.0,0.0,0.0,11.0,0.0,10.0,0.0,0.0,5.0,205771.0,12409398.0,123.0,15339.0,376800.0,-361461.0,9337.0
Afghanistan,30,64383655.0,205771.0,71786.0,10738.0,1.0,2013,0.0,0.0,0.0,0.0,0.0,0.0,0.0,0.0,0.0,205771.0,12409398.0,123.0,15339.0,376800.0,-361461.0,310.0
Afghanistan,30,64383655.0,205771.0,71786.0,10738.0,3.0,2014,0.0,0.0,0.0,1.0,0.0,0.0,0.0,0.0,0.0,205771.0,12409398.0,123.0,15339.0,376800.0,-361461.0,660.0
Afghanistan,30,64383655.0,205771.0,71786.0,10738.0,0.0,2015,0.0,0.0,0.0,0.0,0.0,0.0,0.0,0.0,0.0,205771.0,12409398.0,123.0,15339.0,376800.0,-361461.0,0.0
Afghanistan,30,64383655.0,205771.0,71786.0,10738.0,0.0,2016,0.0,0.0,0.0,0.0,0.0,0.0,0.0,0.0,0.0,205771.0,12409398.0,123.0,15339.0,376800.0,-361461.0,0.0
Afghanistan,30,64383655.0,205771.0,71786.0,10738.0,0.0,2017,0.0,0.0,0.0,0.0,0.0,0.0,0.0,0.0,0.0,205771.0,12409398.0,123.0,15339.0,376800.0,-361461.0,0.0
Afghanistan,30,64383655.0,205771.0,71786.0,10738.0,26.0,2018,0.0,0.0,0.0,24.0,0.0,0.0,0.0,0.0,0.0,205771.0,12409398.0,123.0,15339.0,376800.0,-361461.0,4893.0
Afghanistan,30,64383655.0,205771.0,71786.0,10738.0,18.0,2019,0.0,0.0,0.0,8.0,1.0,0.0,0.0,0.0,2.0,205771.0,12409398.0,123.0,15339.0,376800.0,-361461.0,3708.0
Afghanistan,30,64383655.0,205771.0,71786.0,10738.0,36.0,2020,0.0,0.0,0.0,31.0,0.0,0.0,0.0,0.0,1.0,205771.0,12409398.0,123.0,15339.0,376800.0,-361461.0,11409.0
Afghanistan,30,64383655.0,205771.0,71786.0,10738.0,26.0,2021,0.0,0.0,0.0,23.0,0.0,0.0,0.0,0.0,2.0,205771.0,12409398.0,123.0,15339.0,376800.0,-361461.0,6772.0
Afghanistan,30,64383655.0,205771.0,71786.0,10738.0,6.0,2022,0.0,0.0,0.0,5.0,0.0,0.0,0.0,0.0,0.0,205771.0,12409398.0,123.0,15339.0,376800.0,-361461.0,1913.0
Afghanistan,30,64383655.0,205771.0,71786.0,10738.0,15.0,2023,0.0,0.0,0.0,6.0,0.0,0.0,0.0,0.0,6.0,205771.0,12409398.0,123.0,15339.0,376800.0,-361461.0,3435.0
Afghanistan,30,64383655.0,205771.0,71786.0,10738.0,10.0,2024,0.0,0.0,0.0,2.0,0.0,0.0,0.0,0.0,5.0,205771.0,12409398.0,123.0,15339.0,376800.0,-361461.0,2636.0
Albania,30,2872761.0,648459.0,588824.0,16468.0,3729.0,2001,0.0,0.0,30.0,1079.0,55.0,368.0,37.0,0.0,2040.0,648459.0,40958831.0,238.0,721806.0,5103589.0,-4381783.0,1417747.0
Albania,30,2872761.0,648459.0,588824.0,16468.0,890.0,2002,0.0,0.0,11.0,474.0,10.0,66.0,12.0,0.0,279.0,648459.0,40958831.0,238.0,721806.0,5103589.0,-4381783.0,348556.0
Albania,30,2872761.0,648459.0,588824.0,16468.0,614.0,2003,0.0,0.0,5.0,164.0,8.0,65.0,8.0,0.0,338.0,648459.0,40958831.0,238.0,721806.0,5103589.0,-4381783.0,189361.0
Albania,30,2872761.0,648459.0,588824.0,16468.0,3235.0,2004,0.0,0.0,25.0,1232.0,44.0,425.0,45.0,0.0,1372.0,648459.0,40958831.0,238.0,721806.0,5103589.0,-4381783.0,1406600.0
Albania,30,2872761.0,648459.0,588824.0,16468.0,694.0,2005,0.0,0.0,12.0,274.0,6.0,104.0,11.0,0.0,261.0,648459.0,40958831.0,238.0,721806.0,5103589.0,-4381783.0,287405.0
Albania,30,2872761.0,648459.0,588824.0,16468.0,962.0,2006,0.0,0.0,6.0,391.0,11.0,160.0,19.0,0.0,345.0,648459.0,40958831.0,238.0,721806.0,5103589.0,-4381783.0,440565.0
Albania,30,2872761.0,648459.0,588824.0,16468.0,5222.0,2007,0.0,0.0,63.0,576.0,41.0,544.0,69.0,0.0,3873.0,648459.0,40958831.0,238.0,721806.0,5103589.0,-4381783.0,1729900.0
Albania,30,2872761.0,648459.0,588824.0,16468.0,5470.0,2008,0.0,0.0,50.0,990.0,52.0,286.0,100.0,0.0,3953.0,648459.0,40958831.0,238.0,721806.0,5103589.0,-4381783.0,1852558.0
Albania,30,2872761.0,648459.0,588824.0,16468.0,1338.0,2009,0.0,0.0,27.0,554.0,15.0,142.0,41.0,0.0,516.0,648459.0,40958831.0,238.0,721806.0,5103589.0,-4381783.0,588617.0
Albania,30,2872761.0,648459.0,588824.0,16468.0,653.0,2010,0.0,0.0,29.0,306.0,10.0,54.0,40.0,0.0,192.0,648459.0,40958831.0,238.0,721806.0,5103589.0,-4381783.0,287044.0
Albania,30,2872761.0,648459.0,588824.0,16468.0,1187.0,2011,0.0,0.0,26.0,268.0,6.0,79.0,34.0,0.0,745.0,648459.0,40958831.0,238.0,721806.0,5103589.0,-4381783.0,357544.0
Albania,30,2872761.0,648459.0,588824.0,16468.0,5396.0,2012,0.0,0.0,21.0,821.0,68.0,633.0,73.0,0.0,3709.0,648459.0,40958831.0,238.0,721806.0,5103589.0,-4381783.0,2171740.0
Albania,30,2872761.0,648459.0,588824.0,16468.0,2570.0,2013,0.0,0.0,40.0,320.0,95.0,104.0,54.0,0.0,1909.0,648459.0,40958831.0,238.0,721806.0,5103589.0,-4381783.0,891429.0
Albania,30,2872761.0,648459.0,588824.0,16468.0,1051.0,2014,0.0,0.0,28.0,390.0,28.0,88.0,60.0,0.0,420.0,648459.0,40958831.0,238.0,721806.0,5103589.0,-4381783.0,456856.0
Albania,30,2872761.0,648459.0,588824.0,16468.0,284.0,2015,0.0,0.0,25.0,136.0,2.0,28.0,21.0,0.0,62.0,648459.0,40958831.0,238.0,721806.0,5103589.0,-4381783.0,120041.0
Albania,30,2872761.0,648459.0,588824.0,16468.0,928.0,2016,0.0,0.0,35.0,294.0,11.0,38.0,62.0,0.0,465.0,648459.0,40958831.0,238.0,721806.0,5103589.0,-4381783.0,334094.0
Albania,30,2872761.0,648459.0,588824.0,16468.0,1687.0,2017,0.0,0.0,39.0,296.0,12.0,47.0,86.0,0.0,1185.0,648459.0,40958831.0,238.0,721806.0,5103589.0,-4381783.0,448993.0
Albania,30,2872761.0,648459.0,588824.0,16468.0,2049.0,2018,0.0,0.0,38.0,362.0,32.0,48.0,77.0,0.0,1478.0,648459.0,40958831.0,238.0,721806.0,5103589.0,-4381783.0,724335.0
Albania,30,2872761.0,648459.0,588824.0,16468.0,1073.0,2019,0.0,0.0,41.0,415.0,34.0,40.0,58.0,0.0,467.0,648459.0,40958831.0,238.0,721806.0,5103589.0,-4381783.0,429556.0
Albania,30,2872761.0,648459.0,588824.0,16468.0,1116.0,2020,0.0,0.0,37.0,360.0,30.0,42.0,34.0,0.0,597.0,648459.0,40958831.0,238.0,721806.0,5103589.0,-4381783.0,427420.0
Albania,30,2872761.0,648459.0,588824.0,16468.0,1685.0,2021,0.0,0.0,30.0,361.0,16.0,31.0,45.0,0.0,1186.0,648459.0,40958831.0,238.0,721806.0,5103589.0,-4381783.0,506228.0
Albania,30,2872761.0,648459.0,588824.0,16468.0,2096.0,2022,0.0,0.0,25.0,300.0,19.0,29.0,46.0,0.0,1660.0,648459.0,40958831.0,238.0,721806.0,5103589.0,-4381783.0,649874.0
Albania,30,2872761.0,648459.0,588824.0,16468.0,2502.0,2023,0.0,0.0,30.0,572.0,23.0,97.0,46.0,0.0,1712.0,648459.0,40958831.0,238.0,721806.0,5103589.0,-4381783.0,948758.0
Albania,30,2872761.0,648459.0,588824.0,16468.0,889.0,2024,0.0,0.0,18.0,228.0,6.0,28.0,42.0,0.0,552.0,648459.0,40958831.0,238.0,721806.0,5103589.0,-4381783.0,308121.0
Algeria,30,230802067.0,1223325.0,821437.0,89147.0,3467.0,2001,0.0,0.0,51.0,29.0,5.0,315.0,58.0,0.0,2955.0,1223325.0,64822106.0,313.0,1872312.0,4873094.0,-3000781.0,574332.0
Algeria,30,230802067.0,1223325.0,821437.0,89147.0,3010.0,2002,0.0,0.0,30.0,113.0,35.0,661.0,70.0,0.0,2046.0,1223325.0,64822106.0,313.0,1872312.0,4873094.0,-3000781.0,629840.0
Algeria,30,230802067.0,1223325.0,821437.0,89147.0,3830.0,2003,0.0,0.0,31.0,108.0,8.0,540.0,51.0,0.0,3021.0,1223325.0,64822106.0,313.0,1872312.0,4873094.0,-3000781.0,868395.0
Algeria,30,230802067.0,1223325.0,821437.0,89147.0,4375.0,2004,0.0,0.0,93.0,185.0,6.0,677.0,154.0,4.0,3169.0,1223325.0,64822106.0,313.0,1872312.0,4873094.0,-3000781.0,959382.0
Algeria,30,230802067.0,1223325.0,821437.0,89147.0,4469.0,2005,0.0,0.0,107.0,57.0,18.0,529.0,114.0,1.0,3591.0,1223325.0,64822106.0,313.0,1872312.0,4873094.0,-3000781.0,920879.0
Algeria,30,230802067.0,1223325.0,821437.0,89147.0,5412.0,2006,0.0,0.0,86.0,79.0,10.0,531.0,172.0,8.0,4441.0,1223325.0,64822106.0,313.0,1872312.0,4873094.0,-3000781.0,1083437.0
Algeria,30,230802067.0,1223325.0,821437.0,89147.0,5199.0,2007,0.0,0.0,124.0,57.0,5.0,373.0,127.0,3.0,4457.0,1223325.0,64822106.0,313.0,1872312.0,4873094.0,-3000781.0,982184.0
Algeria,30,230802067.0,1223325.0,821437.0,89147.0,7971.0,2008,0.0,0.0,215.0,60.0,20.0,446.0,211.0,2.0,6965.0,1223325.0,64822106.0,313.0,1872312.0,4873094.0,-3000781.0,1568410.0
Algeria,30,230802067.0,1223325.0,821437.0,89147.0,10465.0,2009,0.0,0.0,191.0,105.0,18.0,775.0,228.0,14.0,8978.0,1223325.0,64822106.0,313.0,1872312.0,4873094.0,-3000781.0,2226731.0
Algeria,30,230802067.0,1223325.0,821437.0,89147.0,2605.0,2010,0.0,0.0,121.0,50.0,9.0,330.0,113.0,1.0,1949.0,1223325.0,64822106.0,313.0,1872312.0,4873094.0,-3000781.0,630061.0
Algeria,30,230802067.0,1223325.0,821437.0,89147.0,8341.0,2011,0.0,0.0,183.0,192.0,18.0,757.0,178.0,0.0,6935.0,1223325.0,64822106.0,313.0,1872312.0,4873094.0,-3000781.0,1914290.0
Algeria,30,230802067.0,1223325.0,821437.0,89147.0,10909.0,2012,0.0,0.0,115.0,234.0,37.0,682.0,166.0,16.0,9583.0,1223325.0,64822106.0,313.0,1872312.0,4873094.0,-3000781.0,2145388.0
Algeria,30,230802067.0,1223325.0,821437.0,89147.0,6925.0,2013,0.0,0.0,84.0,175.0,18.0,566.0,224.0,10.0,5829.0,1223325.0,64822106.0,313.0,1872312.0,4873094.0,-3000781.0,1543294.0
Algeria,30,230802067.0,1223325.0,821437.0,89147.0,9523.0,2014,0.0,0.0,192.0,86.0,10.0,627.0,290.0,3.0,8287.0,1223325.0,64822106.0,313.0,1872312.0,4873094.0,-3000781.0,1811470.0
Algeria,30,230802067.0,1223325.0,821437.0,89147.0,5705.0,2015,0.0,0.0,214.0,107.0,23.0,510.0,182.0,0.0,4651.0,1223325.0,64822106.0,313.0,1872312.0,4873094.0,-3000781.0,1281104.0
Algeria,30,230802067.0,1223325.0,821437.0,89147.0,8011.0,2016,0.0,0.0,234.0,156.0,9.0,521.0,186.0,0.0,6887.0,1223325.0,64822106.0,313.0,1872312.0,4873094.0,-3000781.0,1558776.0
Algeria,30,230802067.0,1223325.0,821437.0,89147.0,45969.0,2017,0.0,0.0,242.0,139.0,34.0,909.0,245.0,5.0,44371.0,1223325.0,64822106.0,313.0,1872312.0,4873094.0,-3000781.0,7772718.0
Algeria,30,230802067.0,1223325.0,821437.0,89147.0,5762.0,2018,0.0,0.0,201.0,89.0,12.0,650.0,131.0,2.0,4655.0,1223325.0,64822106.0,313.0,1872312.0,4873094.0,-3000781.0,1459887.0
Algeria,30,230802067.0,1223325.0,821437.0,89147.0,6290.0,2019,0.0,0.0,193.0,46.0,9.0,579.0,153.0,0.0,5292.0,1223325.0,64822106.0,313.0,1872312.0,4873094.0,-3000781.0,1387405.0
Algeria,30,230802067.0,1223325.0,821437.0,89147.0,13072.0,2020,0.0,0.0,132.0,55.0,17.0,553.0,137.0,0.0,12159.0,1223325.0,64822106.0,313.0,1872312.0,4873094.0,-3000781.0,2389009.0
Algeria,30,230802067.0,1223325.0,821437.0,89147.0,20471.0,2021,0.0,0.0,73.0,91.0,5.0,550.0,110.0,0.0,19626.0,1223325.0,64822106.0,313.0,1872312.0,4873094.0,-3000781.0,3527428.0
Algeria,30,230802067.0,1223325.0,821437.0,89147.0,13443.0,2022,0.0,0.0,98.0,64.0,9.0,431.0,101.0,0.0,12729.0,1223325.0,64822106.0,313.0,1872312.0,4873094.0,-3000781.0,2488017.0
Algeria,30,230802067.0,1223325.0,821437.0,89147.0,22020.0,2023,0.0,0.0,103.0,30.0,11.0,412.0,108.0,5.0,21341.0,1223325.0,64822106.0,313.0,1872312.0,4873094.0,-3000781.0,4037606.0
Algeria,30,230802067.0,1223325.0,821437.0,89147.0,4407.0,2024,0.0,0.0,171.0,67.0,14.0,406.0,116.0,6.0,3616.0,1223325.0,64822106.0,313.0,1872312.0,4873094.0,-3000781.0,1175433.0
Angola,30,124691420.0,55276135.0,53831806.0,1224131.0,101218.0,2001,0.0,0.0,266.0,919.0,1205.0,59807.0,949.0,34717.0,452.0,55276135.0,2879806419.0,296.0,62402574.0,170616018.0,-108213442.0,39294740.0
Angola,30,124691420.0,55276135.0,53831806.0,1224131.0,61008.0,2002,2458061.0,3499.0,192.0,828.0,1336.0,37636.0,570.0,17893.0,490.0,55276135.0,2879806419.0,296.0,62402574.0,170616018.0,-108213442.0,21107943.0
Angola,30,124691420.0,55276135.0,53831806.0,1224131.0,52464.0,2003,2458061.0,2963.0,550.0,514.0,1524.0,31187.0,695.0,16032.0,279.0,55276135.0,2879806419.0,296.0,62402574.0,170616018.0,-108213442.0,17242314.0
Angola,30,124691420.0,55276135.0,53831806.0,1224131.0,71273.0,2004,2458061.0,2354.0,539.0,837.0,853.0,48927.0,841.0,17313.0,467.0,55276135.0,2879806419.0,296.0,62402574.0,170616018.0,-108213442.0,22129963.0
Angola,30,124691420.0,55276135.0,53831806.0,1224131.0,93438.0,2005,2458061.0,3110.0,941.0,645.0,802.0,64064.0,958.0,23662.0,499.0,55276135.0,2879806419.0,296.0,62402574.0,170616018.0,-108213442.0,28182145.0
Angola,30,124691420.0,55276135.0,53831806.0,1224131.0,76936.0,2006,2458061.0,1400.0,1013.0,1057.0,491.0,56097.0,502.0,15913.0,382.0,55276135.0,2879806419.0,296.0,62402574.0,170616018.0,-108213442.0,23202229.0
Angola,30,124691420.0,55276135.0,53831806.0,1224131.0,145288.0,2007,2458061.0,8060.0,713.0,1276.0,1061.0,98768.0,1370.0,40030.0,361.0,55276135.0,2879806419.0,296.0,62402574.0,170616018.0,-108213442.0,49525640.0
Angola,30,124691420.0,55276135.0,53831806.0,1224131.0,103557.0,2008,2458061.0,2699.0,587.0,498.0,719.0,77135.0,674.0,21608.0,1062.0,55276135.0,2879806419.0,296.0,62402574.0,170616018.0,-108213442.0,31784460.0
Angola,30,124691420.0,55276135.0,53831806.0,1224131.0,165904.0,2009,2458061.0,5342.0,1193.0,1873.0,980.0,126117.0,1520.0,32059.0,444.0,55276135.0,2879806419.0,296.0,62402574.0,170616018.0,-108213442.0,53731022.0
Angola,30,124691420.0,55276135.0,53831806.0,1224131.0,159800.0,2010,2458061.0,5225.0,963.0,1621.0,869.0,108563.0,1919.0,42220.0,1092.0,55276135.0,2879806419.0,296.0,62402574.0,170616018.0,-108213442.0,53362065.0
Angola,30,124691420.0,55276135.0,53831806.0,1224131.0,182909.0,2011,2458061.0,4257.0,446.0,1754.0,850.0,143306.0,1044.0,32960.0,479.0,55276135.0,2879806419.0,296.0,62402574.0,170616018.0,-108213442.0,58093241.0
Angola,30,124691420.0,55276135.0,53831806.0,1224131.0,180747.0,2012,2458061.0,5594.0,646.0,2775.0,1193.0,132326.0,1627.0,37842.0,1343.0,55276135.0,2879806419.0,296.0,62402574.0,170616018.0,-108213442.0,59464120.0
Angola,30,124691420.0,55276135.0,53831806.0,1224131.0,168837.0,2013,2458061.0,9263.0,1124.0,3998.0,778.0,106038.0,930.0,50163.0,2339.0,55276135.0,2879806419.0,296.0,62402574.0,170616018.0,-108213442.0,57602652.0
Angola,30,124691420.0,55276135.0,53831806.0,1224131.0,212657.0,2014,2458061.0,10988.0,1251.0,5591.0,1015.0,129491.0,1110.0,70241.0,1364.0,55276135.0,2879806419.0,296.0,62402574.0,170616018.0,-108213442.0,73779150.0
Angola,30,124691420.0,55276135.0,53831806.0,1224131.0,161712.0,2015,2458061.0,8998.0,1044.0,1952.0,410.0,95852.0,765.0,58053.0,2968.0,55276135.0,2879806419.0,296.0,62402574.0,170616018.0,-108213442.0,57495258.0
Angola,30,124691420.0,55276135.0,53831806.0,1224131.0,229690.0,2016,2458061.0,12040.0,1445.0,2193.0,394.0,145051.0,795.0,77625.0,1571.0,55276135.0,2879806419.0,296.0,62402574.0,170616018.0,-108213442.0,81701513.0
Angola,30,124691420.0,55276135.0,53831806.0,1224131.0,280422.0,2017,2458061.0,11166.0,2169.0,3339.0,455.0,181998.0,959.0,88514.0,2441.0,55276135.0,2879806419.0,296.0,62402574.0,170616018.0,-108213442.0,96868314.0
Angola,30,124691420.0,55276135.0,53831806.0,1224131.0,242522.0,2018,2458061.0,13507.0,1573.0,2211.0,273.0,151605.0,475.0,85658.0,356.0,55276135.0,2879806419.0,296.0,62402574.0,170616018.0,-108213442.0,89321456.0
Angola,30,124691420.0,55276135.0,53831806.0,1224131.0,175077.0,2019,2458061.0,9995.0,945.0,1970.0,107.0,116946.0,295.0,54348.0,279.0,55276135.0,2879806419.0,296.0,62402574.0,170616018.0,-108213442.0,63088356.0
Angola,30,124691420.0,55276135.0,53831806.0,1224131.0,247979.0,2020,2458061.0,8895.0,837.0,2047.0,256.0,180764.0,280.0,62820.0,573.0,55276135.0,2879806419.0,296.0,62402574.0,170616018.0,-108213442.0,86151528.0
Angola,30,124691420.0,55276135.0,53831806.0,1224131.0,298263.0,2021,2458061.0,24326.0,1512.0,1856.0,340.0,190747.0,381.0,101731.0,1311.0,55276135.0,2879806419.0,296.0,62402574.0,170616018.0,-108213442.0,119823559.0
Angola,30,124691420.0,55276135.0,53831806.0,1224131.0,266916.0,2022,2458061.0,15576.0,1906.0,1068.0,213.0,190331.0,288.0,71935.0,850.0,55276135.0,2879806419.0,296.0,62402574.0,170616018.0,-108213442.0,103197478.0
Angola,30,124691420.0,55276135.0,53831806.0,1224131.0,268278.0,2023,2458061.0,17627.0,2674.0,1356.0,284.0,185104.0,446.0,75926.0,2137.0,55276135.0,2879806419.0,296.0,62402574.0,170616018.0,-108213442.0,104232196.0
Angola,30,124691420.0,55276135.0,53831806.0,1224131.0,283340.0,2024,2458061.0,13660.0,2245.0,1656.0,629.0,205032.0,365.0,68657.0,4147.0,55276135.0,2879806419.0,296.0,62402574.0,170616018.0,-108213442.0,107280459.0
Argentina,30,277905834.0,39069969.0,38368480.0,1107407.0,147801.0,2001,0.0,0.0,211.0,27147.0,5163.0,108123.0,1366.0,47.0,3768.0,39069969.0,1445657711.0,227.0,69947451.0,162781598.0,-92834148.0,32550580.0
Argentina,30,277905834.0,39069969.0,38368480.0,1107407.0,104934.0,2002,4418724.0,9318.0,291.0,22547.0,2586.0,73429.0,781.0,29.0,4168.0,39069969.0,1445657711.0,227.0,69947451.0,162781598.0,-92834148.0,25247897.0
Argentina,30,277905834.0,39069969.0,38368480.0,1107407.0,249107.0,2003,4418724.0,14459.0,268.0,28334.0,4322.0,204182.0,1578.0,8.0,9123.0,39069969.0,1445657711.0,227.0,69947451.0,162781598.0,-92834148.0,48731735.0
Argentina,30,277905834.0,39069969.0,38368480.0,1107407.0,433423.0,2004,4418724.0,28090.0,216.0,35923.0,4765.0,377615.0,1992.0,20.0,11071.0,39069969.0,1445657711.0,227.0,69947451.0,162781598.0,-92834148.0,86305031.0
Argentina,30,277905834.0,39069969.0,38368480.0,1107407.0,367247.0,2005,4418724.0,31429.0,317.0,39195.0,3723.0,313450.0,3062.0,22.0,6024.0,39069969.0,1445657711.0,227.0,69947451.0,162781598.0,-92834148.0,79708051.0
Argentina,30,277905834.0,39069969.0,38368480.0,1107407.0,316413.0,2006,4418724.0,24095.0,319.0,43790.0,6225.0,257052.0,1696.0,28.0,5546.0,39069969.0,1445657711.0,227.0,69947451.0,162781598.0,-92834148.0,73106104.0
Argentina,30,277905834.0,39069969.0,38368480.0,1107407.0,425335.0,2007,4418724.0,18687.0,378.0,43477.0,4231.0,362889.0,3589.0,28.0,9343.0,39069969.0,1445657711.0,227.0,69947451.0,162781598.0,-92834148.0,86998552.0
Argentina,30,277905834.0,39069969.0,38368480.0,1107407.0,592719.0,2008,4418724.0,47067.0,825.0,47923.0,8980.0,515571.0,4396.0,55.0,11807.0,39069969.0,1445657711.0,227.0,69947451.0,162781598.0,-92834148.0,133264861.0
Argentina,30,277905834.0,39069969.0,38368480.0,1107407.0,309854.0,2009,4418724.0,20819.0,495.0,28319.0,6801.0,258675.0,2191.0,38.0,11444.0,39069969.0,1445657711.0,227.0,69947451.0,162781598.0,-92834148.0,70116286.0
Argentina,30,277905834.0,39069969.0,38368480.0,1107407.0,413245.0,2010,4418724.0,31328.0,522.0,35440.0,5996.0,355586.0,3124.0,29.0,10992.0,39069969.0,1445657711.0,227.0,69947451.0,162781598.0,-92834148.0,95353374.0
Argentina,30,277905834.0,39069969.0,38368480.0,1107407.0,499194.0,2011,4418724.0,17365.0,530.0,42182.0,5609.0,430721.0,3050.0,2.0,15164.0,39069969.0,1445657711.0,227.0,69947451.0,162781598.0,-92834148.0,109718859.0
Argentina,30,277905834.0,39069969.0,38368480.0,1107407.0,478180.0,2012,4418724.0,24808.0,333.0,59166.0,15154.0,376391.0,2878.0,31.0,20155.0,39069969.0,1445657711.0,227.0,69947451.0,162781598.0,-92834148.0,113857152.0
Argentina,30,277905834.0,39069969.0,38368480.0,1107407.0,376746.0,2013,4418724.0,56681.0,308.0,41513.0,12776.0,260303.0,2626.0,55.0,57069.0,39069969.0,1445657711.0,227.0,69947451.0,162781598.0,-92834148.0,87423807.0
Argentina,30,277905834.0,39069969.0,38368480.0,1107407.0,241119.0,2014,4418724.0,19308.0,280.0,34692.0,3842.0,181915.0,2473.0,13.0,16371.0,39069969.0,1445657711.0,227.0,69947451.0,162781598.0,-92834148.0,61539541.0
Argentina,30,277905834.0,39069969.0,38368480.0,1107407.0,180227.0,2015,4418724.0,10547.0,298.0,25143.0,3067.0,122854.0,2344.0,11.0,25893.0,39069969.0,1445657711.0,227.0,69947451.0,162781598.0,-92834148.0,44936972.0
Argentina,30,277905834.0,39069969.0,38368480.0,1107407.0,230312.0,2016,4418724.0,15247.0,372.0,29938.0,3247.0,179648.0,2519.0,14.0,14026.0,39069969.0,1445657711.0,227.0,69947451.0,162781598.0,-92834148.0,59421005.0
Argentina,30,277905834.0,39069969.0,38368480.0,1107407.0,233945.0,2017,4418724.0,17202.0,719.0,31178.0,2963.0,187039.0,2344.0,32.0,8811.0,39069969.0,1445657711.0,227.0,69947451.0,162781598.0,-92834148.0,65046697.0
Argentina,30,277905834.0,39069969.0,38368480.0,1107407.0,172965.0,2018,4418724.0,9496.0,589.0,23193.0,1203.0,141517.0,1694.0,18.0,4536.0,39069969.0,1445657711.0,227.0,69947451.0,162781598.0,-92834148.0,45966268.0
Argentina,30,277905834.0,39069969.0,38368480.0,1107407.0,145458.0,2019,4418724.0,8983.0,308.0,22398.0,1882.0,116132.0,1174.0,17.0,3330.0,39069969.0,1445657711.0,227.0,69947451.0,162781598.0,-92834148.0,41087636.0
Argentina,30,277905834.0,39069969.0,38368480.0,1107407.0,197405.0,2020,4418724.0,20847.0,324.0,24000.0,4219.0,137498.0,1251.0,505.0,29286.0,39069969.0,1445657711.0,227.0,69947451.0,162781598.0,-92834148.0,51442894.0
Argentina,30,277905834.0,39069969.0,38368480.0,1107407.0,201897.0,2021,4418724.0,11921.0,433.0,24898.0,1355.0,148226.0,1133.0,15.0,25567.0,39069969.0,1445657711.0,227.0,69947451.0,162781598.0,-92834148.0,63898345.0
Argentina,30,277905834.0,39069969.0,38368480.0,1107407.0,232225.0,2022,4418724.0,21388.0,367.0,30862.0,3129.0,165674.0,1636.0,26.0,30077.0,39069969.0,1445657711.0,227.0,69947451.0,162781598.0,-92834148.0,75036462.0
Argentina,30,277905834.0,39069969.0,38368480.0,1107407.0,215940.0,2023,4418724.0,11473.0,227.0,26490.0,3067.0,165793.0,1227.0,10.0,18927.0,39069969.0,1445657711.0,227.0,69947451.0,162781598.0,-92834148.0,66700844.0
Argentina,30,277905834.0,39069969.0,38368480.0,1107407.0,203056.0,2024,4418724.0,12103.0,277.0,35667.0,2514.0,126418.0,851.0,33.0,36956.0,39069969.0,1445657711.0,227.0,69947451.0,162781598.0,-92834148.0,61279857.0
Australia,30,768777179.0,42281439.0,39481413.0,1600599.0,218815.0,2001,0.0,0.0,927.0,43917.0,1088.0,8141.0,2424.0,0.0,161217.0,42281439.0,2535843436.0,378.0,94305549.0,205891865.0,-111586318.0,29028529.0
Australia,30,768777179.0,42281439.0,39481413.0,1600599.0,312151.0,2002,13977.0,0.0,1048.0,51887.0,1059.0,11718.0,2851.0,0.0,242558.0,42281439.0,2535843436.0,378.0,94305549.0,205891865.0,-111586318.0,37627252.0
Australia,30,768777179.0,42281439.0,39481413.0,1600599.0,373847.0,2003,13977.0,0.0,1466.0,70493.0,1794.0,17005.0,5861.0,1.0,275041.0,42281439.0,2535843436.0,378.0,94305549.0,205891865.0,-111586318.0,60829377.0
Australia,30,768777179.0,42281439.0,39481413.0,1600599.0,124768.0,2004,13977.0,0.0,1718.0,63544.0,1200.0,14450.0,4405.0,11.0,38156.0,42281439.0,2535843436.0,378.0,94305549.0,205891865.0,-111586318.0,37490363.0
Australia,30,768777179.0,42281439.0,39481413.0,1600599.0,177026.0,2005,13977.0,0.0,2257.0,62336.0,1849.0,13446.0,4372.0,2.0,91458.0,42281439.0,2535843436.0,378.0,94305549.0,205891865.0,-111586318.0,40910129.0
Australia,30,768777179.0,42281439.0,39481413.0,1600599.0,186305.0,2006,13977.0,25.0,2540.0,66784.0,1892.0,15154.0,3710.0,1.0,94960.0,42281439.0,2535843436.0,378.0,94305549.0,205891865.0,-111586318.0,46006906.0
Australia,30,768777179.0,42281439.0,39481413.0,1600599.0,372724.0,2007,13977.0,0.0,3545.0,92073.0,2790.0,15890.0,4634.0,9.0,251845.0,42281439.0,2535843436.0,378.0,94305549.0,205891865.0,-111586318.0,78773113.0
Australia,30,768777179.0,42281439.0,39481413.0,1600599.0,205724.0,2008,13977.0,0.0,3065.0,65026.0,1270.0,12802.0,3909.0,0.0,118415.0,42281439.0,2535843436.0,378.0,94305549.0,205891865.0,-111586318.0,50594239.0
Australia,30,768777179.0,42281439.0,39481413.0,1600599.0,203710.0,2009,13977.0,2.0,2513.0,74035.0,2261.0,13851.0,3430.0,2.0,106215.0,42281439.0,2535843436.0,378.0,94305549.0,205891865.0,-111586318.0,61106443.0
Australia,30,768777179.0,42281439.0,39481413.0,1600599.0,290726.0,2010,13977.0,0.0,3214.0,57850.0,1206.0,8936.0,2652.0,0.0,215196.0,42281439.0,2535843436.0,378.0,94305549.0,205891865.0,-111586318.0,49032059.0
Australia,30,768777179.0,42281439.0,39481413.0,1600599.0,121317.0,2011,13977.0,1.0,2854.0,60419.0,4844.0,9330.0,2407.0,7.0,40198.0,42281439.0,2535843436.0,378.0,94305549.0,205891865.0,-111586318.0,44322792.0
Australia,30,768777179.0,42281439.0,39481413.0,1600599.0,139803.0,2012,13977.0,2.0,2244.0,55377.0,1526.0,10697.0,3573.0,0.0,64441.0,42281439.0,2535843436.0,378.0,94305549.0,205891865.0,-111586318.0,46782222.0
Australia,30,768777179.0,42281439.0,39481413.0,1600599.0,260094.0,2013,13977.0,21.0,2312.0,53307.0,1979.0,7937.0,2866.0,8.0,189980.0,42281439.0,2535843436.0,378.0,94305549.0,205891865.0,-111586318.0,73837998.0
Australia,30,768777179.0,42281439.0,39481413.0,1600599.0,281741.0,2014,13977.0,7.0,2242.0,62881.0,2034.0,14276.0,3104.0,13.0,195381.0,42281439.0,2535843436.0,378.0,94305549.0,205891865.0,-111586318.0,81045842.0
Australia,30,768777179.0,42281439.0,39481413.0,1600599.0,261574.0,2015,13977.0,5.0,2092.0,58278.0,1324.0,8940.0,2806.0,0.0,187301.0,42281439.0,2535843436.0,378.0,94305549.0,205891865.0,-111586318.0,70507932.0
Australia,30,768777179.0,42281439.0,39481413.0,1600599.0,430903.0,2016,13977.0,0.0,4198.0,94134.0,1372.0,15537.0,4180.0,3.0,310940.0,42281439.0,2535843436.0,378.0,94305549.0,205891865.0,-111586318.0,123641462.0
Australia,30,768777179.0,42281439.0,39481413.0,1600599.0,236877.0,2017,13977.0,0.0,3429.0,82088.0,1140.0,11413.0,3397.0,4.0,134930.0,42281439.0,2535843436.0,378.0,94305549.0,205891865.0,-111586318.0,88814157.0
Australia,30,768777179.0,42281439.0,39481413.0,1600599.0,250753.0,2018,13977.0,0.0,2011.0,67827.0,1087.0,8932.0,2202.0,8.0,168314.0,42281439.0,2535843436.0,378.0,94305549.0,205891865.0,-111586318.0,76876858.0
Australia,30,768777179.0,42281439.0,39481413.0,1600599.0,1661548.0,2019,13977.0,5.0,2279.0,74866.0,3460.0,12096.0,2494.0,1.0,1565317.0,42281439.0,2535843436.0,378.0,94305549.0,205891865.0,-111586318.0,330570924.0
Australia,30,768777179.0,42281439.0,39481413.0,1600599.0,2356518.0,2020,13977.0,0.0,2481.0,78883.0,1059.0,8020.0,1825.0,2.0,2263470.0,42281439.0,2535843436.0,378.0,94305549.0,205891865.0,-111586318.0,563980105.0
Australia,30,768777179.0,42281439.0,39481413.0,1600599.0,261045.0,2021,13977.0,0.0,1806.0,56814.0,580.0,6114.0,2218.0,0.0,192986.0,42281439.0,2535843436.0,378.0,94305549.0,205891865.0,-111586318.0,97868017.0
Australia,30,768777179.0,42281439.0,39481413.0,1600599.0,118986.0,2022,13977.0,0.0,2282.0,41423.0,480.0,5128.0,2168.0,0.0,67148.0,42281439.0,2535843436.0,378.0,94305549.0,205891865.0,-111586318.0,54730361.0
Australia,30,768777179.0,42281439.0,39481413.0,1600599.0,190715.0,2023,13977.0,0.0,2303.0,32005.0,123.0,5064.0,1435.0,3.0,149672.0,42281439.0,2535843436.0,378.0,94305549.0,205891865.0,-111586318.0,59980326.0
Australia,30,768777179.0,42281439.0,39481413.0,1600599.0,180671.0,2024,13977.0,0.0,1468.0,32716.0,564.0,4652.0,1237.0,3.0,139860.0,42281439.0,2535843436.0,378.0,94305549.0,205891865.0,-111586318.0,58975753.0
Austria,30,8394663.0,4340284.0,4353244.0,36348.0,6939.0,2001,0.0,0.0,24.0,6523.0,125.0,66.0,130.0,0.0,3.0,4340284.0,361850327.0,264.0,9540658.0,29515919.0,-19975261.0,2818397.0
Austria,30,8394663.0,4340284.0,4353244.0,36348.0,10907.0,2002,0.0,0.0,29.0,10205.0,297.0,67.0,190.0,0.0,17.0,4340284.0,361850327.0,264.0,9540658.0,29515919.0,-19975261.0,4520374.0
Austria,30,8394663.0,4340284.0,4353244.0,36348.0,14484.0,2003,0.0,0.0,59.0,13917.0,300.0,29.0,125.0,0.0,10.0,4340284.0,361850327.0,264.0,9540658.0,29515919.0,-19975261.0,5832968.0
Austria,30,8394663.0,4340284.0,4353244.0,36348.0,14612.0,2004,0.0,0.0,46.0,13704.0,402.0,73.0,265.0,0.0,7.0,4340284.0,361850327.0,264.0,9540658.0,29515919.0,-19975261.0,6372935.0
Austria,30,8394663.0,4340284.0,4353244.0,36348.0,21669.0,2005,0.0,0.0,87.0,20472.0,404.0,150.0,394.0,0.0,16.0,4340284.0,361850327.0,264.0,9540658.0,29515919.0,-19975261.0,10062337.0
Austria,30,8394663.0,4340284.0,4353244.0,36348.0,12574.0,2006,0.0,0.0,44.0,11959.0,187.0,65.0,240.0,0.0,4.0,4340284.0,361850327.0,264.0,9540658.0,29515919.0,-19975261.0,6095637.0
Austria,30,8394663.0,4340284.0,4353244.0,36348.0,31682.0,2007,0.0,0.0,102.0,30583.0,334.0,123.0,385.0,0.0,38.0,4340284.0,361850327.0,264.0,9540658.0,29515919.0,-19975261.0,15522594.0
Austria,30,8394663.0,4340284.0,4353244.0,36348.0,26909.0,2008,0.0,0.0,77.0,25951.0,352.0,100.0,323.0,0.0,13.0,4340284.0,361850327.0,264.0,9540658.0,29515919.0,-19975261.0,13428539.0
Austria,30,8394663.0,4340284.0,4353244.0,36348.0,15893.0,2009,0.0,0.0,99.0,14840.0,340.0,74.0,420.0,0.0,19.0,4340284.0,361850327.0,264.0,9540658.0,29515919.0,-19975261.0,7816089.0
Austria,30,8394663.0,4340284.0,4353244.0,36348.0,16725.0,2010,0.0,0.0,63.0,15644.0,409.0,125.0,355.0,0.0,5.0,4340284.0,361850327.0,264.0,9540658.0,29515919.0,-19975261.0,8052753.0
Austria,30,8394663.0,4340284.0,4353244.0,36348.0,18099.0,2011,0.0,0.0,70.0,17202.0,333.0,94.0,295.0,0.0,13.0,4340284.0,361850327.0,264.0,9540658.0,29515919.0,-19975261.0,9353109.0
Austria,30,8394663.0,4340284.0,4353244.0,36348.0,11166.0,2012,0.0,0.0,41.0,10418.0,248.0,70.0,287.0,0.0,3.0,4340284.0,361850327.0,264.0,9540658.0,29515919.0,-19975261.0,5718173.0
Austria,30,8394663.0,4340284.0,4353244.0,36348.0,7655.0,2013,0.0,0.0,45.0,7180.0,130.0,53.0,173.0,0.0,2.0,4340284.0,361850327.0,264.0,9540658.0,29515919.0,-19975261.0,3860429.0
Austria,30,8394663.0,4340284.0,4353244.0,36348.0,9876.0,2014,0.0,0.0,35.0,9229.0,200.0,58.0,205.0,0.0,23.0,4340284.0,361850327.0,264.0,9540658.0,29515919.0,-19975261.0,4980972.0
Austria,30,8394663.0,4340284.0,4353244.0,36348.0,7940.0,2015,0.0,0.0,24.0,7585.0,100.0,55.0,136.0,0.0,1.0,4340284.0,361850327.0,264.0,9540658.0,29515919.0,-19975261.0,4201960.0
Austria,30,8394663.0,4340284.0,4353244.0,36348.0,17218.0,2016,0.0,0.0,73.0,16295.0,386.0,66.0,309.0,0.0,4.0,4340284.0,361850327.0,264.0,9540658.0,29515919.0,-19975261.0,9321415.0
Austria,30,8394663.0,4340284.0,4353244.0,36348.0,18403.0,2017,0.0,0.0,79.0,17343.0,470.0,56.0,340.0,0.0,2.0,4340284.0,361850327.0,264.0,9540658.0,29515919.0,-19975261.0,10003734.0
Austria,30,8394663.0,4340284.0,4353244.0,36348.0,26335.0,2018,0.0,0.0,57.0,25555.0,290.0,49.0,320.0,0.0,2.0,4340284.0,361850327.0,264.0,9540658.0,29515919.0,-19975261.0,14985244.0
Austria,30,8394663.0,4340284.0,4353244.0,36348.0,33660.0,2019,0.0,0.0,70.0,32490.0,660.0,47.0,295.0,0.0,6.0,4340284.0,361850327.0,264.0,9540658.0,29515919.0,-19975261.0,18607137.0
Austria,30,8394663.0,4340284.0,4353244.0,36348.0,25941.0,2020,0.0,0.0,59.0,25125.0,388.0,19.0,268.0,0.0,1.0,4340284.0,361850327.0,264.0,9540658.0,29515919.0,-19975261.0,14782590.0
Austria,30,8394663.0,4340284.0,4353244.0,36348.0,16650.0,2021,0.0,0.0,49.0,16039.0,311.0,23.0,179.0,0.0,0.0,4340284.0,361850327.0,264.0,9540658.0,29515919.0,-19975261.0,9316885.0
Austria,30,8394663.0,4340284.0,4353244.0,36348.0,19870.0,2022,0.0,0.0,54.0,19286.0,229.0,23.0,210.0,0.0,19.0,4340284.0,361850327.0,264.0,9540658.0,29515919.0,-19975261.0,11345239.0
Austria,30,8394663.0,4340284.0,4353244.0,36348.0,26516.0,2023,0.0,0.0,64.0,25786.0,301.0,28.0,281.0,0.0,11.0,4340284.0,361850327.0,264.0,9540658.0,29515919.0,-19975261.0,15737155.0
Austria,30,8394663.0,4340284.0,4353244.0,36348.0,27496.0,2024,0.0,0.0,81.0,26447.0,514.0,19.0,303.0,0.0,61.0,4340284.0,361850327.0,264.0,9540658.0,29515919.0,-19975261.0,16239120.0
Azerbaijan,30,8623526.0,1268606.0,1082392.0,30269.0,553.0,2001,0.0,0.0,6.0,217.0,32.0,136.0,13.0,0.0,22.0,1268606.0,68892420.0,208.0,102688.0,4353135.0,-4250447.0,165142.0
Azerbaijan,30,8623526.0,1268606.0,1082392.0,30269.0,1154.0,2002,0.0,0.0,9.0,248.0,36.0,618.0,30.0,0.0,27.0,1268606.0,68892420.0,208.0,102688.0,4353135.0,-4250447.0,319691.0
Azerbaijan,30,8623526.0,1268606.0,1082392.0,30269.0,1039.0,2003,0.0,0.0,9.0,519.0,33.0,256.0,15.0,0.0,22.0,1268606.0,68892420.0,208.0,102688.0,4353135.0,-4250447.0,335073.0
Azerbaijan,30,8623526.0,1268606.0,1082392.0,30269.0,585.0,2004,0.0,0.0,12.0,197.0,20.0,192.0,9.0,0.0,43.0,1268606.0,68892420.0,208.0,102688.0,4353135.0,-4250447.0,158080.0
Azerbaijan,30,8623526.0,1268606.0,1082392.0,30269.0,247.0,2005,0.0,0.0,6.0,56.0,15.0,84.0,15.0,0.0,13.0,1268606.0,68892420.0,208.0,102688.0,4353135.0,-4250447.0,67954.0
Azerbaijan,30,8623526.0,1268606.0,1082392.0,30269.0,525.0,2006,0.0,0.0,7.0,132.0,44.0,181.0,24.0,0.0,27.0,1268606.0,68892420.0,208.0,102688.0,4353135.0,-4250447.0,147994.0
Azerbaijan,30,8623526.0,1268606.0,1082392.0,30269.0,508.0,2007,0.0,0.0,7.0,119.0,40.0,212.0,25.0,0.0,28.0,1268606.0,68892420.0,208.0,102688.0,4353135.0,-4250447.0,144451.0
Azerbaijan,30,8623526.0,1268606.0,1082392.0,30269.0,472.0,2008,0.0,0.0,3.0,98.0,14.0,195.0,34.0,0.0,65.0,1268606.0,68892420.0,208.0,102688.0,4353135.0,-4250447.0,133122.0
Azerbaijan,30,8623526.0,1268606.0,1082392.0,30269.0,372.0,2009,0.0,0.0,35.0,84.0,15.0,134.0,16.0,0.0,16.0,1268606.0,68892420.0,208.0,102688.0,4353135.0,-4250447.0,109954.0
Azerbaijan,30,8623526.0,1268606.0,1082392.0,30269.0,550.0,2010,0.0,0.0,52.0,99.0,42.0,132.0,33.0,0.0,50.0,1268606.0,68892420.0,208.0,102688.0,4353135.0,-4250447.0,163045.0
Azerbaijan,30,8623526.0,1268606.0,1082392.0,30269.0,147.0,2011,0.0,0.0,10.0,20.0,12.0,37.0,10.0,0.0,11.0,1268606.0,68892420.0,208.0,102688.0,4353135.0,-4250447.0,43076.0
Azerbaijan,30,8623526.0,1268606.0,1082392.0,30269.0,597.0,2012,0.0,0.0,22.0,98.0,12.0,336.0,22.0,0.0,30.0,1268606.0,68892420.0,208.0,102688.0,4353135.0,-4250447.0,174782.0
Azerbaijan,30,8623526.0,1268606.0,1082392.0,30269.0,149.0,2013,0.0,0.0,12.0,17.0,7.0,17.0,11.0,0.0,25.0,1268606.0,68892420.0,208.0,102688.0,4353135.0,-4250447.0,43803.0
Azerbaijan,30,8623526.0,1268606.0,1082392.0,30269.0,328.0,2014,0.0,0.0,6.0,20.0,13.0,39.0,15.0,0.0,191.0,1268606.0,68892420.0,208.0,102688.0,4353135.0,-4250447.0,64768.0
Azerbaijan,30,8623526.0,1268606.0,1082392.0,30269.0,27.0,2015,0.0,0.0,0.0,4.0,0.0,0.0,0.0,0.0,17.0,1268606.0,68892420.0,208.0,102688.0,4353135.0,-4250447.0,5170.0
Azerbaijan,30,8623526.0,1268606.0,1082392.0,30269.0,25.0,2016,0.0,0.0,2.0,2.0,2.0,1.0,0.0,0.0,4.0,1268606.0,68892420.0,208.0,102688.0,4353135.0,-4250447.0,8249.0
Azerbaijan,30,8623526.0,1268606.0,1082392.0,30269.0,80.0,2017,0.0,0.0,6.0,15.0,1.0,7.0,0.0,0.0,36.0,1268606.0,68892420.0,208.0,102688.0,4353135.0,-4250447.0,22639.0
Azerbaijan,30,8623526.0,1268606.0,1082392.0,30269.0,76.0,2018,0.0,0.0,0.0,8.0,1.0,33.0,0.0,0.0,29.0,1268606.0,68892420.0,208.0,102688.0,4353135.0,-4250447.0,23997.0
Azerbaijan,30,8623526.0,1268606.0,1082392.0,30269.0,12.0,2019,0.0,0.0,5.0,0.0,0.0,0.0,0.0,0.0,1.0,1268606.0,68892420.0,208.0,102688.0,4353135.0,-4250447.0,4112.0
Azerbaijan,30,8623526.0,1268606.0,1082392.0,30269.0,23.0,2020,0.0,0.0,0.0,3.0,0.0,14.0,0.0,0.0,0.0,1268606.0,68892420.0,208.0,102688.0,4353135.0,-4250447.0,7822.0
Azerbaijan,30,8623526.0,1268606.0,1082392.0,30269.0,85.0,2021,0.0,0.0,47.0,4.0,1.0,23.0,1.0,0.0,1.0,1268606.0,68892420.0,208.0,102688.0,4353135.0,-4250447.0,36247.0
Azerbaijan,30,8623526.0,1268606.0,1082392.0,30269.0,146.0,2022,0.0,0.0,122.0,5.0,0.0,4.0,6.0,0.0,0.0,1268606.0,68892420.0,208.0,102688.0,4353135.0,-4250447.0,65522.0
Azerbaijan,30,8623526.0,1268606.0,1082392.0,30269.0,461.0,2023,0.0,0.0,241.0,36.0,3.0,33.0,24.0,0.0,111.0,1268606.0,68892420.0,208.0,102688.0,4353135.0,-4250447.0,152730.0
Azerbaijan,30,8623526.0,1268606.0,1082392.0,30269.0,173.0,2024,0.0,0.0,82.0,26.0,16.0,15.0,15.0,0.0,6.0,1268606.0,68892420.0,208.0,102688.0,4353135.0,-4250447.0,67105.0
Bangladesh,30,13938387.0,1938958.0,2216745.0,317862.0,4587.0,2001,0.0,0.0,0.0,660.0,50.0,1575.0,45.0,2140.0,7.0,1938958.0,174161109.0,451.0,6341158.0,19314139.0,-12972982.0,2569187.0
Bangladesh,30,13938387.0,1938958.0,2216745.0,317862.0,3995.0,2002,101114.0,619.0,0.0,495.0,72.0,1427.0,33.0,1821.0,3.0,1938958.0,174161109.0,451.0,6341158.0,19314139.0,-12972982.0,2132369.0
Bangladesh,30,13938387.0,1938958.0,2216745.0,317862.0,2160.0,2003,101114.0,266.0,0.0,218.0,96.0,728.0,56.0,1022.0,1.0,1938958.0,174161109.0,451.0,6341158.0,19314139.0,-12972982.0,1150527.0
Bangladesh,30,13938387.0,1938958.0,2216745.0,317862.0,4282.0,2004,101114.0,347.0,0.0,645.0,70.0,1771.0,84.0,1615.0,9.0,1938958.0,174161109.0,451.0,6341158.0,19314139.0,-12972982.0,2221651.0
Bangladesh,30,13938387.0,1938958.0,2216745.0,317862.0,3293.0,2005,101114.0,306.0,0.0,417.0,29.0,1074.0,81.0,1625.0,1.0,1938958.0,174161109.0,451.0,6341158.0,19314139.0,-12972982.0,1832932.0
Bangladesh,30,13938387.0,1938958.0,2216745.0,317862.0,6862.0,2006,101114.0,677.0,0.0,639.0,125.0,3068.0,58.0,2835.0,3.0,1938958.0,174161109.0,451.0,6341158.0,19314139.0,-12972982.0,3714656.0
Bangladesh,30,13938387.0,1938958.0,2216745.0,317862.0,3996.0,2007,101114.0,369.0,0.0,535.0,103.0,1798.0,48.0,1395.0,24.0,1938958.0,174161109.0,451.0,6341158.0,19314139.0,-12972982.0,2127382.0
Bangladesh,30,13938387.0,1938958.0,2216745.0,317862.0,4479.0,2008,101114.0,240.0,0.0,566.0,58.0,2040.0,64.0,1660.0,6.0,1938958.0,174161109.0,451.0,6341158.0,19314139.0,-12972982.0,2406487.0
Bangladesh,30,13938387.0,1938958.0,2216745.0,317862.0,5626.0,2009,101114.0,557.0,0.0,546.0,71.0,2437.0,107.0,2400.0,0.0,1938958.0,174161109.0,451.0,6341158.0,19314139.0,-12972982.0,3077047.0
Bangladesh,30,13938387.0,1938958.0,2216745.0,317862.0,4668.0,2010,101114.0,235.0,0.0,591.0,156.0,2061.0,153.0,1567.0,4.0,1938958.0,174161109.0,451.0,6341158.0,19314139.0,-12972982.0,2470270.0
Bangladesh,30,13938387.0,1938958.0,2216745.0,317862.0,4181.0,2011,101114.0,262.0,0.0,563.0,79.0,1730.0,59.0,1623.0,4.0,1938958.0,174161109.0,451.0,6341158.0,19314139.0,-12972982.0,2278773.0
Bangladesh,30,13938387.0,1938958.0,2216745.0,317862.0,5359.0,2012,101114.0,326.0,0.0,525.0,23.0,1551.0,52.0,3128.0,1.0,1938958.0,174161109.0,451.0,6341158.0,19314139.0,-12972982.0,3085807.0
Bangladesh,30,13938387.0,1938958.0,2216745.0,317862.0,6022.0,2013,101114.0,187.0,0.0,308.0,5.0,808.0,62.0,4829.0,0.0,1938958.0,174161109.0,451.0,6341158.0,19314139.0,-12972982.0,3418204.0
Bangladesh,30,13938387.0,1938958.0,2216745.0,317862.0,12061.0,2014,101114.0,458.0,3.0,699.0,10.0,1250.0,30.0,10055.0,0.0,1938958.0,174161109.0,451.0,6341158.0,19314139.0,-12972982.0,6833399.0
Bangladesh,30,13938387.0,1938958.0,2216745.0,317862.0,12604.0,2015,101114.0,205.0,1.0,1166.0,12.0,1194.0,30.0,10192.0,0.0,1938958.0,174161109.0,451.0,6341158.0,19314139.0,-12972982.0,7242216.0
Bangladesh,30,13938387.0,1938958.0,2216745.0,317862.0,21196.0,2016,101114.0,345.0,0.0,1582.0,20.0,1813.0,72.0,17698.0,0.0,1938958.0,174161109.0,451.0,6341158.0,19314139.0,-12972982.0,12336332.0
Bangladesh,30,13938387.0,1938958.0,2216745.0,317862.0,28377.0,2017,101114.0,414.0,22.0,1628.0,20.0,2627.0,575.0,23488.0,0.0,1938958.0,174161109.0,451.0,6341158.0,19314139.0,-12972982.0,16716432.0
Bangladesh,30,13938387.0,1938958.0,2216745.0,317862.0,19343.0,2018,101114.0,358.0,0.0,1390.0,10.0,2123.0,176.0,15627.0,3.0,1938958.0,174161109.0,451.0,6341158.0,19314139.0,-12972982.0,11266517.0
Bangladesh,30,13938387.0,1938958.0,2216745.0,317862.0,22079.0,2019,101114.0,387.0,2.0,1143.0,19.0,1817.0,33.0,19054.0,0.0,1938958.0,174161109.0,451.0,6341158.0,19314139.0,-12972982.0,12778277.0
Bangladesh,30,13938387.0,1938958.0,2216745.0,317862.0,21475.0,2020,101114.0,459.0,0.0,1170.0,42.0,2383.0,32.0,17806.0,29.0,1938958.0,174161109.0,451.0,6341158.0,19314139.0,-12972982.0,12428756.0
Bangladesh,30,13938387.0,1938958.0,2216745.0,317862.0,17587.0,2021,101114.0,308.0,28.0,1094.0,27.0,2703.0,12.0,13699.0,12.0,1938958.0,174161109.0,451.0,6341158.0,19314139.0,-12972982.0,10535021.0
Bangladesh,30,13938387.0,1938958.0,2216745.0,317862.0,13798.0,2022,101114.0,307.0,22.0,880.0,12.0,2532.0,30.0,10308.0,1.0,1938958.0,174161109.0,451.0,6341158.0,19314139.0,-12972982.0,8289251.0
Bangladesh,30,13938387.0,1938958.0,2216745.0,317862.0,17787.0,2023,101114.0,743.0,68.0,913.0,233.0,2929.0,33.0,13446.0,145.0,1938958.0,174161109.0,451.0,6341158.0,19314139.0,-12972982.0,11274906.0
Bangladesh,30,13938387.0,1938958.0,2216745.0,317862.0,15929.0,2024,101114.0,467.0,59.0,607.0,115.0,2592.0,10.0,12474.0,52.0,1938958.0,174161109.0,451.0,6341158.0,19314139.0,-12972982.0,10001405.0
Belarus,30,20706903.0,9118583.0,9486569.0,963614.0,18360.0,2001,0.0,0.0,38.0,17657.0,69.0,127.0,86.0,0.0,130.0,9118583.0,435669121.0,206.0,17944990.0,64349173.0,-46404183.0,5007433.0
Belarus,30,20706903.0,9118583.0,9486569.0,963614.0,25383.0,2002,0.0,0.0,20.0,24091.0,58.0,95.0,102.0,0.0,781.0,9118583.0,435669121.0,206.0,17944990.0,64349173.0,-46404183.0,6925244.0
Belarus,30,20706903.0,9118583.0,9486569.0,963614.0,32120.0,2003,0.0,0.0,97.0,29217.0,53.0,37.0,113.0,0.0,2454.0,9118583.0,435669121.0,206.0,17944990.0,64349173.0,-46404183.0,9224718.0
Belarus,30,20706903.0,9118583.0,9486569.0,963614.0,38597.0,2004,0.0,0.0,67.0,37424.0,116.0,84.0,155.0,0.0,530.0,9118583.0,435669121.0,206.0,17944990.0,64349173.0,-46404183.0,11515344.0
Belarus,30,20706903.0,9118583.0,9486569.0,963614.0,36192.0,2005,0.0,0.0,68.0,35175.0,128.0,135.0,174.0,0.0,268.0,9118583.0,435669121.0,206.0,17944990.0,64349173.0,-46404183.0,11120548.0
Belarus,30,20706903.0,9118583.0,9486569.0,963614.0,42269.0,2006,0.0,0.0,72.0,40853.0,256.0,256.0,199.0,0.0,317.0,9118583.0,435669121.0,206.0,17944990.0,64349173.0,-46404183.0,13168499.0
Belarus,30,20706903.0,9118583.0,9486569.0,963614.0,32657.0,2007,0.0,0.0,52.0,31729.0,128.0,156.0,170.0,0.0,203.0,9118583.0,435669121.0,206.0,17944990.0,64349173.0,-46404183.0,10320371.0
Belarus,30,20706903.0,9118583.0,9486569.0,963614.0,35896.0,2008,0.0,0.0,93.0,35083.0,55.0,133.0,193.0,0.0,137.0,9118583.0,435669121.0,206.0,17944990.0,64349173.0,-46404183.0,11616363.0
Belarus,30,20706903.0,9118583.0,9486569.0,963614.0,35542.0,2009,0.0,0.0,107.0,34283.0,124.0,202.0,239.0,0.0,361.0,9118583.0,435669121.0,206.0,17944990.0,64349173.0,-46404183.0,11874896.0
Belarus,30,20706903.0,9118583.0,9486569.0,963614.0,35754.0,2010,0.0,0.0,255.0,34191.0,134.0,346.0,414.0,0.0,122.0,9118583.0,435669121.0,206.0,17944990.0,64349173.0,-46404183.0,12236557.0
Belarus,30,20706903.0,9118583.0,9486569.0,963614.0,45366.0,2011,0.0,0.0,289.0,43730.0,144.0,397.0,300.0,0.0,217.0,9118583.0,435669121.0,206.0,17944990.0,64349173.0,-46404183.0,16012531.0
Belarus,30,20706903.0,9118583.0,9486569.0,963614.0,39591.0,2012,0.0,0.0,179.0,38287.0,111.0,251.0,308.0,0.0,100.0,9118583.0,435669121.0,206.0,17944990.0,64349173.0,-46404183.0,14166029.0
Belarus,30,20706903.0,9118583.0,9486569.0,963614.0,28085.0,2013,0.0,0.0,124.0,27219.0,30.0,129.0,385.0,0.0,83.0,9118583.0,435669121.0,206.0,17944990.0,64349173.0,-46404183.0,10028055.0
Belarus,30,20706903.0,9118583.0,9486569.0,963614.0,33626.0,2014,0.0,0.0,308.0,32647.0,65.0,189.0,231.0,0.0,46.0,9118583.0,435669121.0,206.0,17944990.0,64349173.0,-46404183.0,12209439.0
Belarus,30,20706903.0,9118583.0,9486569.0,963614.0,33899.0,2015,0.0,0.0,354.0,31649.0,39.0,191.0,471.0,0.0,1080.0,9118583.0,435669121.0,206.0,17944990.0,64349173.0,-46404183.0,12237392.0
Belarus,30,20706903.0,9118583.0,9486569.0,963614.0,90487.0,2016,0.0,0.0,287.0,82907.0,251.0,609.0,763.0,0.0,5335.0,9118583.0,435669121.0,206.0,17944990.0,64349173.0,-46404183.0,33321011.0
Belarus,30,20706903.0,9118583.0,9486569.0,963614.0,78767.0,2017,0.0,0.0,311.0,76166.0,229.0,706.0,485.0,0.0,584.0,9118583.0,435669121.0,206.0,17944990.0,64349173.0,-46404183.0,29592553.0
Belarus,30,20706903.0,9118583.0,9486569.0,963614.0,87447.0,2018,0.0,0.0,324.0,85626.0,120.0,634.0,358.0,0.0,228.0,9118583.0,435669121.0,206.0,17944990.0,64349173.0,-46404183.0,33405609.0
Belarus,30,20706903.0,9118583.0,9486569.0,963614.0,75049.0,2019,0.0,0.0,210.0,71725.0,63.0,191.0,222.0,0.0,2506.0,9118583.0,435669121.0,206.0,17944990.0,64349173.0,-46404183.0,29058114.0
Belarus,30,20706903.0,9118583.0,9486569.0,963614.0,68933.0,2020,0.0,0.0,337.0,67148.0,47.0,175.0,187.0,0.0,899.0,9118583.0,435669121.0,206.0,17944990.0,64349173.0,-46404183.0,27661105.0
Belarus,30,20706903.0,9118583.0,9486569.0,963614.0,63478.0,2021,0.0,0.0,212.0,62664.0,50.0,94.0,123.0,0.0,235.0,9118583.0,435669121.0,206.0,17944990.0,64349173.0,-46404183.0,26159880.0
Belarus,30,20706903.0,9118583.0,9486569.0,963614.0,64996.0,2022,0.0,0.0,186.0,64306.0,25.0,62.0,168.0,0.0,118.0,9118583.0,435669121.0,206.0,17944990.0,64349173.0,-46404183.0,27191775.0
Belarus,30,20706903.0,9118583.0,9486569.0,963614.0,59233.0,2023,0.0,0.0,332.0,58556.0,19.0,57.0,132.0,0.0,84.0,9118583.0,435669121.0,206.0,17944990.0,64349173.0,-46404183.0,25483692.0
Belarus,30,20706903.0,9118583.0,9486569.0,963614.0,71160.0,2024,0.0,0.0,168.0,70157.0,88.0,98.0,215.0,0.0,353.0,9118583.0,435669121.0,206.0,17944990.0,64349173.0,-46404183.0,31142583.0
Belgium,30,3070744.0,865425.0,890288.0,41687.0,971.0,2001,0.0,0.0,1.0,799.0,2.0,41.0,62.0,0.0,0.0,865425.0,76114279.0,368.0,2779887.0,5662146.0,-2882258.0,424998.0
Belgium,30,3070744.0,865425.0,890288.0,41687.0,2349.0,2002,0.0,0.0,8.0,2124.0,0.0,55.0,89.0,0.0,0.0,865425.0,76114279.0,368.0,2779887.0,5662146.0,-2882258.0,1096450.0
Belgium,30,3070744.0,865425.0,890288.0,41687.0,1891.0,2003,0.0,0.0,0.0,1793.0,0.0,18.0,51.0,0.0,6.0,865425.0,76114279.0,368.0,2779887.0,5662146.0,-2882258.0,907259.0
Belgium,30,3070744.0,865425.0,890288.0,41687.0,4794.0,2004,0.0,0.0,9.0,4596.0,1.0,54.0,97.0,0.0,2.0,865425.0,76114279.0,368.0,2779887.0,5662146.0,-2882258.0,2301053.0
Belgium,30,3070744.0,865425.0,890288.0,41687.0,3028.0,2005,0.0,0.0,25.0,2728.0,3.0,47.0,159.0,0.0,7.0,865425.0,76114279.0,368.0,2779887.0,5662146.0,-2882258.0,1469665.0
Belgium,30,3070744.0,865425.0,890288.0,41687.0,6916.0,2006,0.0,0.0,7.0,6594.0,6.0,77.0,178.0,0.0,0.0,865425.0,76114279.0,368.0,2779887.0,5662146.0,-2882258.0,3470613.0
Belgium,30,3070744.0,865425.0,890288.0,41687.0,5985.0,2007,0.0,0.0,15.0,5712.0,2.0,45.0,169.0,0.0,0.0,865425.0,76114279.0,368.0,2779887.0,5662146.0,-2882258.0,3052387.0
Belgium,30,3070744.0,865425.0,890288.0,41687.0,7214.0,2008,0.0,0.0,14.0,6946.0,0.0,53.0,147.0,0.0,3.0,865425.0,76114279.0,368.0,2779887.0,5662146.0,-2882258.0,3658524.0
Belgium,30,3070744.0,865425.0,890288.0,41687.0,5176.0,2009,0.0,0.0,17.0,4790.0,1.0,59.0,240.0,0.0,6.0,865425.0,76114279.0,368.0,2779887.0,5662146.0,-2882258.0,2673404.0
Belgium,30,3070744.0,865425.0,890288.0,41687.0,10910.0,2010,0.0,0.0,37.0,10384.0,24.0,87.0,286.0,0.0,6.0,865425.0,76114279.0,368.0,2779887.0,5662146.0,-2882258.0,5675384.0
Belgium,30,3070744.0,865425.0,890288.0,41687.0,5016.0,2011,0.0,0.0,13.0,4727.0,2.0,69.0,159.0,0.0,0.0,865425.0,76114279.0,368.0,2779887.0,5662146.0,-2882258.0,2701125.0
Belgium,30,3070744.0,865425.0,890288.0,41687.0,5636.0,2012,0.0,0.0,18.0,5404.0,0.0,56.0,118.0,0.0,0.0,865425.0,76114279.0,368.0,2779887.0,5662146.0,-2882258.0,3090068.0
Belgium,30,3070744.0,865425.0,890288.0,41687.0,3316.0,2013,0.0,0.0,32.0,3199.0,0.0,10.0,58.0,0.0,0.0,865425.0,76114279.0,368.0,2779887.0,5662146.0,-2882258.0,1841304.0
Belgium,30,3070744.0,865425.0,890288.0,41687.0,4239.0,2014,0.0,0.0,17.0,4076.0,0.0,23.0,94.0,0.0,0.0,865425.0,76114279.0,368.0,2779887.0,5662146.0,-2882258.0,2341941.0
Belgium,30,3070744.0,865425.0,890288.0,41687.0,3420.0,2015,0.0,0.0,6.0,3270.0,0.0,33.0,82.0,0.0,0.0,865425.0,76114279.0,368.0,2779887.0,5662146.0,-2882258.0,1898962.0
Belgium,30,3070744.0,865425.0,890288.0,41687.0,4512.0,2016,0.0,0.0,24.0,4237.0,0.0,32.0,174.0,0.0,0.0,865425.0,76114279.0,368.0,2779887.0,5662146.0,-2882258.0,2485458.0
Belgium,30,3070744.0,865425.0,890288.0,41687.0,4137.0,2017,0.0,0.0,14.0,3867.0,0.0,26.0,153.0,0.0,31.0,865425.0,76114279.0,368.0,2779887.0,5662146.0,-2882258.0,2272095.0
Belgium,30,3070744.0,865425.0,890288.0,41687.0,4630.0,2018,0.0,0.0,16.0,4317.0,0.0,45.0,201.0,0.0,23.0,865425.0,76114279.0,368.0,2779887.0,5662146.0,-2882258.0,2596945.0
Belgium,30,3070744.0,865425.0,890288.0,41687.0,5577.0,2019,0.0,0.0,29.0,5065.0,0.0,41.0,371.0,0.0,19.0,865425.0,76114279.0,368.0,2779887.0,5662146.0,-2882258.0,3124914.0
Belgium,30,3070744.0,865425.0,890288.0,41687.0,5408.0,2020,0.0,0.0,5.0,5034.0,0.0,38.0,275.0,0.0,0.0,865425.0,76114279.0,368.0,2779887.0,5662146.0,-2882258.0,3119756.0
Belgium,30,3070744.0,865425.0,890288.0,41687.0,9143.0,2021,0.0,0.0,24.0,8647.0,2.0,38.0,370.0,0.0,1.0,865425.0,76114279.0,368.0,2779887.0,5662146.0,-2882258.0,5404048.0
Belgium,30,3070744.0,865425.0,890288.0,41687.0,4833.0,2022,0.0,0.0,7.0,4585.0,0.0,20.0,187.0,0.0,0.0,865425.0,76114279.0,368.0,2779887.0,5662146.0,-2882258.0,2872891.0
Belgium,30,3070744.0,865425.0,890288.0,41687.0,7579.0,2023,0.0,0.0,13.0,7311.0,0.0,19.0,208.0,0.0,0.0,865425.0,76114279.0,368.0,2779887.0,5662146.0,-2882258.0,4564032.0
Belgium,30,3070744.0,865425.0,890288.0,41687.0,6095.0,2024,0.0,0.0,4.0,5862.0,0.0,26.0,170.0,0.0,0.0,865425.0,76114279.0,368.0,2779887.0,5662146.0,-2882258.0,3674053.0
Belize,30,2204340.0,1755302.0,1755302.0,18728.0,8238.0,2001,0.0,0.0,6.98522805975586,102.357268612567,974.166218135068,4387.41879878009,87.4758005232802,878.942595292408,1770.76658262634,1755302.0,155427616.0,188.0,6405342.0,4931433.0,1473908.0,3485151.53419505
Belize,30,2204340.0,1755302.0,1755302.0,18728.0,13473.0,2002,1165487.0,5570.0,8.37386734186307,200.092436511754,1241.34046114464,8237.81114352986,201.306749009468,1151.54791072683,2381.05813150164,1755302.0,155427616.0,188.0,6405342.0,4931433.0,1473908.0,6139217.64721961
Belize,30,2204340.0,1755302.0,1755302.0,18728.0,6839.0,2003,1165487.0,2993.0,4.62707298034614,8.10062148372396,442.475871722459,4908.85269956941,89.3381780444781,1045.63581615207,320.101822737591,1755302.0,155427616.0,188.0,6405342.0,4931433.0,1473908.0,3094309.2622301
Belize,30,2204340.0,1755302.0,1755302.0,18728.0,4339.0,2004,1165487.0,2108.0,36.2688108104297,19.4256760207096,138.535238029849,3767.55349567082,77.1933655922841,136.384839321893,150.986204728689,1755302.0,155427616.0,188.0,6405342.0,4931433.0,1473908.0,1915829.5774384
Belize,30,2204340.0,1755302.0,1755302.0,18728.0,8115.0,2005,1165487.0,3206.0,20.843201634579,65.6582152005886,423.558587649123,5844.28202569817,137.065158813931,925.133555834039,674.786009415823,1755302.0,155427616.0,188.0,6405342.0,4931433.0,1473908.0,3690837.26249727
Belize,30,2204340.0,1755302.0,1755302.0,18728.0,4281.0,2006,1165487.0,1899.0,8.67112334509223,20.108438518016,154.4887067386,3217.92202451168,40.5217090345106,414.191297147115,417.598954830752,1755302.0,155427616.0,188.0,6405342.0,4931433.0,1473908.0,1971486.36658137
Belize,30,2204340.0,1755302.0,1755302.0,18728.0,12310.0,2007,1165487.0,4140.0,24.1694752960742,24.5975285139969,630.241365195979,8287.51938664403,151.438755633585,499.639399333527,2673.94251419293,1755302.0,155427616.0,188.0,6405342.0,4931433.0,1473908.0,5241224.85350656
Belize,30,2204340.0,1755302.0,1755302.0,18728.0,8284.0,2008,1165487.0,3632.0,16.4317751782975,38.8517475013265,287.789796273492,6930.93404029453,72.3528472446897,643.429119078519,281.178954151177,1755302.0,155427616.0,188.0,6405342.0,4931433.0,1473908.0,3924536.48746153
Belize,30,2204340.0,1755302.0,1755302.0,18728.0,10297.0,2009,1165487.0,4407.0,83.776213689156,31.5808995900271,272.383958922369,8490.20422087201,67.8071838621072,748.620038638049,586.880273457799,1755302.0,155427616.0,188.0,6405342.0,4931433.0,1473908.0,4706921.52291861
Belize,30,2204340.0,1755302.0,1755302.0,18728.0,9840.0,2010,1165487.0,4808.0,23.0081966016526,190.029964790598,415.102158939205,7967.41877658602,65.3022785838661,798.029202338266,354.285223585024,1755302.0,155427616.0,188.0,6405342.0,4931433.0,1473908.0,4620258.7403824
Belize,30,2204340.0,1755302.0,1755302.0,18728.0,26391.0,2011,1165487.0,16295.0,64.3834938151801,830.706726001449,3130.78442229274,16996.6085763763,92.7352696202268,1526.71501947318,3706.7181694373,1755302.0,155427616.0,188.0,6405342.0,4931433.0,1473908.0,11808341.7532038
Belize,30,2204340.0,1755302.0,1755302.0,18728.0,11586.0,2012,1165487.0,6799.0,20.9881387306087,54.4076198286388,207.986826386833,9964.19831775151,39.9629911543587,865.783096396123,394.985380243156,1755302.0,155427616.0,188.0,6405342.0,4931433.0,1473908.0,5428104.89984893
Belize,30,2204340.0,1755302.0,1755302.0,18728.0,16403.0,2013,1165487.0,8451.0,17.2196831744564,46.1728395674143,394.755918513462,12827.8407328006,45.4975371757118,2204.3186360336,853.094347695428,1755302.0,155427616.0,188.0,6405342.0,4931433.0,1473908.0,7861522.28668279
Belize,30,2204340.0,1755302.0,1755302.0,18728.0,16509.0,2014,1165487.0,9031.0,30.3526210836751,24.2976051223763,281.536164451102,14198.664186364,67.6090131191797,1524.92348915751,359.826714499999,1755302.0,155427616.0,188.0,6405342.0,4931433.0,1473908.0,7770840.09548982
Belize,30,2204340.0,1755302.0,1755302.0,18728.0,12303.0,2015,1165487.0,6606.0,11.7975989072938,31.5320587770638,207.367180243134,10456.1025682736,57.8976749273036,1173.05341378646,330.25072931053,1755302.0,155427616.0,188.0,6405342.0,4931433.0,1473908.0,5854013.58357085
Belize,30,2204340.0,1755302.0,1755302.0,18728.0,20622.0,2016,1165487.0,11511.0,20.5843347054123,157.035661856363,959.833428109617,14712.1004614142,80.300142925013,2700.90385614092,1954.21351409715,1755302.0,155427616.0,188.0,6405342.0,4931433.0,1473908.0,10121502.4108858
Belize,30,2204340.0,1755302.0,1755302.0,18728.0,16446.0,2017,1165487.0,6616.0,68.8576630954579,82.0463366051465,895.455263376981,11113.1883026273,121.843375420879,1820.98144714456,2313.820817357,1755302.0,155427616.0,188.0,6405342.0,4931433.0,1473908.0,7675442.89487424
Belize,30,2204340.0,1755302.0,1755302.0,18728.0,11163.0,2018,1165487.0,4781.0,34.0298999913227,24.4237821129644,197.062476746885,8915.34402891767,68.2290714229872,1210.39270399325,704.238643916284,1755302.0,155427616.0,188.0,6405342.0,4931433.0,1473908.0,5290178.01228623
Belize,30,2204340.0,1755302.0,1755302.0,18728.0,18437.0,2019,1165487.0,8772.0,80.9184105444195,48.0950037208789,1069.66092734928,13951.5067836744,89.8022506887684,1631.78895301146,1541.64126921836,1755302.0,155427616.0,188.0,6405342.0,4931433.0,1473908.0,8598565.57951177
Belize,30,2204340.0,1755302.0,1755302.0,18728.0,26722.0,2020,1165487.0,16087.0,56.6602839467947,92.4615336140082,633.403010192305,15632.7700989771,90.4782541822547,2530.58755240404,7673.32503633184,1755302.0,155427616.0,188.0,6405342.0,4931433.0,1473908.0,11858142.2845156
Belize,30,2204340.0,1755302.0,1755302.0,18728.0,9311.0,2021,1165487.0,4560.0,80.3654819896301,47.7368873523042,403.212272648032,6987.60506875178,50.5247279506543,1258.86910836824,473.586365015113,1755302.0,155427616.0,188.0,6405342.0,4931433.0,1473908.0,4499449.11983723
Belize,30,2204340.0,1755302.0,1755302.0,18728.0,8201.0,2022,1165487.0,4033.0,39.2591432038824,70.5497415331977,140.131222386738,6868.3932908419,44.7553852695073,753.732877062131,272.651876747932,1755302.0,155427616.0,188.0,6405342.0,4931433.0,1473908.0,4084507.0518537
Belize,30,2204340.0,1755302.0,1755302.0,18728.0,22574.0,2023,1165487.0,11667.0,140.938471315256,137.425710807606,962.014969920963,12670.5002445406,91.5021270283664,1462.22096023923,7098.50239290355,1755302.0,155427616.0,188.0,6405342.0,4931433.0,1473908.0,10073678.5921319
Belize,30,2204340.0,1755302.0,1755302.0,18728.0,34001.0,2024,1165487.0,21137.0,75.3986927536372,123.580710745622,1546.88249715404,11725.2919468682,115.881301242202,4632.83034743316,15768.0091699636,1755302.0,155427616.0,188.0,6405342.0,4931433.0,1473908.0,14014156.4126444
Benin,30,11528631.0,168201.0,434951.0,181245.0,3748.0,2001,0.0,0.0,1.0,16.0,0.0,3629.0,56.0,3.0,0.0,168201.0,9637617.0,220.0,866251.0,1804074.0,-937824.0,1167877.0
Benin,30,11528631.0,168201.0,434951.0,181245.0,3479.0,2002,1952.0,0.0,0.0,98.0,1.0,3297.0,54.0,0.0,0.0,168201.0,9637617.0,220.0,866251.0,1804074.0,-937824.0,988659.0
Benin,30,11528631.0,168201.0,434951.0,181245.0,3474.0,2003,1952.0,0.0,5.0,48.0,0.0,3332.0,68.0,0.0,0.0,168201.0,9637617.0,220.0,866251.0,1804074.0,-937824.0,1011878.0
Benin,30,11528631.0,168201.0,434951.0,181245.0,683.0,2004,1952.0,0.0,0.0,10.0,0.0,646.0,18.0,0.0,0.0,168201.0,9637617.0,220.0,866251.0,1804074.0,-937824.0,184569.0
Benin,30,11528631.0,168201.0,434951.0,181245.0,1583.0,2005,1952.0,0.0,2.0,6.0,0.0,1551.0,14.0,0.0,0.0,168201.0,9637617.0,220.0,866251.0,1804074.0,-937824.0,510576.0
Benin,30,11528631.0,168201.0,434951.0,181245.0,1794.0,2006,1952.0,0.0,4.0,33.0,0.0,1675.0,66.0,0.0,0.0,168201.0,9637617.0,220.0,866251.0,1804074.0,-937824.0,513708.0
Benin,30,11528631.0,168201.0,434951.0,181245.0,4645.0,2007,1952.0,0.0,4.0,62.0,1.0,4422.0,128.0,0.0,0.0,168201.0,9637617.0,220.0,866251.0,1804074.0,-937824.0,1489948.0
Benin,30,11528631.0,168201.0,434951.0,181245.0,481.0,2008,1952.0,0.0,5.0,30.0,0.0,416.0,24.0,0.0,0.0,168201.0,9637617.0,220.0,866251.0,1804074.0,-937824.0,154163.0
Benin,30,11528631.0,168201.0,434951.0,181245.0,4920.0,2009,1952.0,1.0,6.0,40.0,0.0,4791.0,65.0,0.0,0.0,168201.0,9637617.0,220.0,866251.0,1804074.0,-937824.0,1581156.0
Benin,30,11528631.0,168201.0,434951.0,181245.0,529.0,2010,1952.0,4.0,3.0,3.0,1.0,482.0,31.0,0.0,0.0,168201.0,9637617.0,220.0,866251.0,1804074.0,-937824.0,169770.0
Benin,30,11528631.0,168201.0,434951.0,181245.0,655.0,2011,1952.0,0.0,10.0,2.0,0.0,608.0,29.0,0.0,0.0,168201.0,9637617.0,220.0,866251.0,1804074.0,-937824.0,237805.0
Benin,30,11528631.0,168201.0,434951.0,181245.0,2858.0,2012,1952.0,13.0,5.0,26.0,0.0,2706.0,106.0,0.0,0.0,168201.0,9637617.0,220.0,866251.0,1804074.0,-937824.0,1062645.0
Benin,30,11528631.0,168201.0,434951.0,181245.0,1311.0,2013,1952.0,1.0,4.0,58.0,0.0,1217.0,11.0,9.0,0.0,168201.0,9637617.0,220.0,866251.0,1804074.0,-937824.0,503975.0
Benin,30,11528631.0,168201.0,434951.0,181245.0,1356.0,2014,1952.0,0.0,1.0,42.0,0.0,1295.0,6.0,2.0,0.0,168201.0,9637617.0,220.0,866251.0,1804074.0,-937824.0,599702.0
Benin,30,11528631.0,168201.0,434951.0,181245.0,599.0,2015,1952.0,2.0,0.0,20.0,0.0,572.0,3.0,0.0,0.0,168201.0,9637617.0,220.0,866251.0,1804074.0,-937824.0,271150.0
Benin,30,11528631.0,168201.0,434951.0,181245.0,2011.0,2016,1952.0,1.0,2.0,70.0,0.0,1916.0,10.0,6.0,0.0,168201.0,9637617.0,220.0,866251.0,1804074.0,-937824.0,941806.0
Benin,30,11528631.0,168201.0,434951.0,181245.0,2235.0,2017,1952.0,1.0,0.0,15.0,1.0,2199.0,12.0,2.0,0.0,168201.0,9637617.0,220.0,866251.0,1804074.0,-937824.0,959187.0
Benin,30,11528631.0,168201.0,434951.0,181245.0,1821.0,2018,1952.0,0.0,0.0,7.0,0.0,1800.0,9.0,0.0,0.0,168201.0,9637617.0,220.0,866251.0,1804074.0,-937824.0,803021.0
Benin,30,11528631.0,168201.0,434951.0,181245.0,772.0,2019,1952.0,2.0,0.0,5.0,0.0,756.0,9.0,0.0,0.0,168201.0,9637617.0,220.0,866251.0,1804074.0,-937824.0,339924.0
Benin,30,11528631.0,168201.0,434951.0,181245.0,1603.0,2020,1952.0,0.0,0.0,8.0,0.0,1585.0,6.0,0.0,0.0,168201.0,9637617.0,220.0,866251.0,1804074.0,-937824.0,815004.0
Benin,30,11528631.0,168201.0,434951.0,181245.0,1700.0,2021,1952.0,0.0,2.0,8.0,0.0,1681.0,5.0,0.0,0.0,168201.0,9637617.0,220.0,866251.0,1804074.0,-937824.0,1606324.0
Benin,30,11528631.0,168201.0,434951.0,181245.0,1670.0,2022,1952.0,0.0,1.0,18.0,2.0,1640.0,4.0,0.0,0.0,168201.0,9637617.0,220.0,866251.0,1804074.0,-937824.0,1587060.0
Benin,30,11528631.0,168201.0,434951.0,181245.0,2602.0,2023,1952.0,0.0,2.0,24.0,1.0,2545.0,10.0,15.0,0.0,168201.0,9637617.0,220.0,866251.0,1804074.0,-937824.0,1896145.0
Benin,30,11528631.0,168201.0,434951.0,181245.0,1390.0,2024,1952.0,0.0,0.0,11.0,0.0,1373.0,3.0,0.0,0.0,168201.0,9637617.0,220.0,866251.0,1804074.0,-937824.0,1393969.0
Bhutan,30,3876297.0,2577237.0,2508707.0,28220.0,297.0,2001,0.0,0.0,2.0,78.0,28.0,39.0,12.0,78.0,8.0,2577237.0,356932855.0,667.0,632789.0,1558410.0,-925621.0,170405.0
Bhutan,30,3876297.0,2577237.0,2508707.0,28220.0,224.0,2002,1645545.0,119.0,0.0,69.0,47.0,19.0,13.0,38.0,4.0,2577237.0,356932855.0,667.0,632789.0,1558410.0,-925621.0,128275.0
Bhutan,30,3876297.0,2577237.0,2508707.0,28220.0,544.0,2003,1645545.0,84.0,4.0,76.0,123.0,196.0,35.0,26.0,29.0,2577237.0,356932855.0,667.0,632789.0,1558410.0,-925621.0,283425.0
Bhutan,30,3876297.0,2577237.0,2508707.0,28220.0,1014.0,2004,1645545.0,337.0,22.0,172.0,231.0,303.0,69.0,47.0,39.0,2577237.0,356932855.0,667.0,632789.0,1558410.0,-925621.0,610045.0
Bhutan,30,3876297.0,2577237.0,2508707.0,28220.0,770.0,2005,1645545.0,315.0,6.0,150.0,190.0,203.0,34.0,44.0,45.0,2577237.0,356932855.0,667.0,632789.0,1558410.0,-925621.0,467911.0
Bhutan,30,3876297.0,2577237.0,2508707.0,28220.0,623.0,2006,1645545.0,256.0,7.0,153.0,123.0,117.0,39.0,38.0,64.0,2577237.0,356932855.0,667.0,632789.0,1558410.0,-925621.0,361687.0
Bhutan,30,3876297.0,2577237.0,2508707.0,28220.0,509.0,2007,1645545.0,186.0,9.0,97.0,105.0,113.0,23.0,23.0,74.0,2577237.0,356932855.0,667.0,632789.0,1558410.0,-925621.0,297023.0
Bhutan,30,3876297.0,2577237.0,2508707.0,28220.0,776.0,2008,1645545.0,319.0,14.0,141.0,151.0,157.0,93.0,37.0,105.0,2577237.0,356932855.0,667.0,632789.0,1558410.0,-925621.0,440656.0
Bhutan,30,3876297.0,2577237.0,2508707.0,28220.0,1176.0,2009,1645545.0,453.0,5.0,220.0,251.0,274.0,145.0,42.0,117.0,2577237.0,356932855.0,667.0,632789.0,1558410.0,-925621.0,689714.0
Bhutan,30,3876297.0,2577237.0,2508707.0,28220.0,4354.0,2010,1645545.0,818.0,21.0,477.0,830.0,1805.0,252.0,45.0,537.0,2577237.0,356932855.0,667.0,632789.0,1558410.0,-925621.0,2471316.0
Bhutan,30,3876297.0,2577237.0,2508707.0,28220.0,1091.0,2011,1645545.0,379.0,15.0,115.0,296.0,264.0,132.0,46.0,93.0,2577237.0,356932855.0,667.0,632789.0,1558410.0,-925621.0,585372.0
Bhutan,30,3876297.0,2577237.0,2508707.0,28220.0,767.0,2012,1645545.0,314.0,8.0,91.0,157.0,253.0,78.0,52.0,27.0,2577237.0,356932855.0,667.0,632789.0,1558410.0,-925621.0,442246.0
Bhutan,30,3876297.0,2577237.0,2508707.0,28220.0,485.0,2013,1645545.0,191.0,3.0,74.0,66.0,180.0,56.0,36.0,33.0,2577237.0,356932855.0,667.0,632789.0,1558410.0,-925621.0,254860.0
Bhutan,30,3876297.0,2577237.0,2508707.0,28220.0,1230.0,2014,1645545.0,462.0,9.0,208.0,206.0,412.0,131.0,147.0,34.0,2577237.0,356932855.0,667.0,632789.0,1558410.0,-925621.0,708688.0
Bhutan,30,3876297.0,2577237.0,2508707.0,28220.0,748.0,2015,1645545.0,278.0,22.0,91.0,134.0,200.0,111.0,69.0,82.0,2577237.0,356932855.0,667.0,632789.0,1558410.0,-925621.0,387132.0
Bhutan,30,3876297.0,2577237.0,2508707.0,28220.0,1962.0,2016,1645545.0,703.0,33.0,282.0,508.0,361.0,385.0,76.0,250.0,2577237.0,356932855.0,667.0,632789.0,1558410.0,-925621.0,1091976.0
Bhutan,30,3876297.0,2577237.0,2508707.0,28220.0,1972.0,2017,1645545.0,790.0,41.0,236.0,480.0,322.0,266.0,103.0,465.0,2577237.0,356932855.0,667.0,632789.0,1558410.0,-925621.0,993780.0
Bhutan,30,3876297.0,2577237.0,2508707.0,28220.0,1240.0,2018,1645545.0,406.0,24.0,159.0,221.0,210.0,131.0,43.0,428.0,2577237.0,356932855.0,667.0,632789.0,1558410.0,-925621.0,589311.0
Bhutan,30,3876297.0,2577237.0,2508707.0,28220.0,820.0,2019,1645545.0,294.0,25.0,126.0,217.0,186.0,99.0,49.0,79.0,2577237.0,356932855.0,667.0,632789.0,1558410.0,-925621.0,433791.0
Bhutan,30,3876297.0,2577237.0,2508707.0,28220.0,1288.0,2020,1645545.0,472.0,138.0,264.0,305.0,269.0,170.0,58.0,27.0,2577237.0,356932855.0,667.0,632789.0,1558410.0,-925621.0,705977.0
Bhutan,30,3876297.0,2577237.0,2508707.0,28220.0,1278.0,2021,1645545.0,399.0,128.0,231.0,305.0,299.0,118.0,106.0,48.0,2577237.0,356932855.0,667.0,632789.0,1558410.0,-925621.0,694378.0
Bhutan,30,3876297.0,2577237.0,2508707.0,28220.0,1248.0,2022,1645545.0,513.0,89.0,198.0,383.0,289.0,134.0,87.0,22.0,2577237.0,356932855.0,667.0,632789.0,1558410.0,-925621.0,703561.0
Bhutan,30,3876297.0,2577237.0,2508707.0,28220.0,1796.0,2023,1645545.0,658.0,139.0,365.0,281.0,293.0,128.0,63.0,500.0,2577237.0,356932855.0,667.0,632789.0,1558410.0,-925621.0,988622.0
Bhutan,30,3876297.0,2577237.0,2508707.0,28220.0,1187.0,2024,1645545.0,449.0,116.0,235.0,239.0,207.0,137.0,71.0,154.0,2577237.0,356932855.0,667.0,632789.0,1558410.0,-925621.0,686784.0
Bolivia,30,108437926.0,64556285.0,62746658.0,617241.0,140210.0,2001,0.0,0.0,408.0,1700.0,6853.0,114905.0,726.0,6502.0,7953.0,64556285.0,5429871838.0,365.0,157511154.0,177523106.0,-20011953.0,63768188.0
Bolivia,30,108437926.0,64556285.0,62746658.0,617241.0,178694.0,2002,40850721.0,70494.0,416.0,1415.0,9334.0,147015.0,490.0,7582.0,11372.0,64556285.0,5429871838.0,365.0,157511154.0,177523106.0,-20011953.0,79813514.0
Bolivia,30,108437926.0,64556285.0,62746658.0,617241.0,163718.0,2003,40850721.0,77076.0,333.0,1305.0,6004.0,143863.0,523.0,6457.0,4459.0,64556285.0,5429871838.0,365.0,157511154.0,177523106.0,-20011953.0,78909530.0
Bolivia,30,108437926.0,64556285.0,62746658.0,617241.0,203307.0,2004,40850721.0,96581.0,295.0,2241.0,10141.0,167098.0,644.0,7664.0,14176.0,64556285.0,5429871838.0,365.0,157511154.0,177523106.0,-20011953.0,88552887.0
Bolivia,30,108437926.0,64556285.0,62746658.0,617241.0,250866.0,2005,40850721.0,137883.0,381.0,3873.0,11179.0,205527.0,690.0,8083.0,20057.0,64556285.0,5429871838.0,365.0,157511154.0,177523106.0,-20011953.0,113865911.0
Bolivia,30,108437926.0,64556285.0,62746658.0,617241.0,216345.0,2006,40850721.0,118782.0,666.0,2464.0,9905.0,182768.0,512.0,5773.0,13493.0,64556285.0,5429871838.0,365.0,157511154.0,177523106.0,-20011953.0,97631027.0
Bolivia,30,108437926.0,64556285.0,62746658.0,617241.0,189943.0,2007,40850721.0,114368.0,663.0,2505.0,10144.0,153389.0,404.0,6283.0,15749.0,64556285.0,5429871838.0,365.0,157511154.0,177523106.0,-20011953.0,89498861.0
Bolivia,30,108437926.0,64556285.0,62746658.0,617241.0,369894.0,2008,40850721.0,180543.0,1148.0,3490.0,13720.0,319073.0,1475.0,8245.0,21443.0,64556285.0,5429871838.0,365.0,157511154.0,177523106.0,-20011953.0,153620827.0
Bolivia,30,108437926.0,64556285.0,62746658.0,617241.0,225346.0,2009,40850721.0,108155.0,557.0,2171.0,9877.0,189341.0,1101.0,8149.0,13203.0,64556285.0,5429871838.0,365.0,157511154.0,177523106.0,-20011953.0,96069853.0
Bolivia,30,108437926.0,64556285.0,62746658.0,617241.0,451723.0,2010,40850721.0,267662.0,888.0,6148.0,38486.0,296007.0,989.0,7326.0,100140.0,64556285.0,5429871838.0,365.0,157511154.0,177523106.0,-20011953.0,177535932.0
Bolivia,30,108437926.0,64556285.0,62746658.0,617241.0,330357.0,2011,40850721.0,162698.0,567.0,4040.0,21014.0,247441.0,1053.0,7662.0,46968.0,64556285.0,5429871838.0,365.0,157511154.0,177523106.0,-20011953.0,131536166.0
Bolivia,30,108437926.0,64556285.0,62746658.0,617241.0,273561.0,2012,40850721.0,148305.0,583.0,3419.0,16209.0,208346.0,794.0,5009.0,36361.0,64556285.0,5429871838.0,365.0,157511154.0,177523106.0,-20011953.0,120352346.0
Bolivia,30,108437926.0,64556285.0,62746658.0,617241.0,179793.0,2013,40850721.0,82243.0,334.0,2472.0,7584.0,140789.0,468.0,6271.0,20755.0,64556285.0,5429871838.0,365.0,157511154.0,177523106.0,-20011953.0,77542863.0
Bolivia,30,108437926.0,64556285.0,62746658.0,617241.0,256528.0,2014,40850721.0,133075.0,930.0,7011.0,23649.0,188139.0,761.0,9263.0,24702.0,64556285.0,5429871838.0,365.0,157511154.0,177523106.0,-20011953.0,114524482.0
Bolivia,30,108437926.0,64556285.0,62746658.0,617241.0,166251.0,2015,40850721.0,83291.0,569.0,2196.0,9335.0,140633.0,502.0,3710.0,8821.0,64556285.0,5429871838.0,365.0,157511154.0,177523106.0,-20011953.0,71376216.0
Bolivia,30,108437926.0,64556285.0,62746658.0,617241.0,470310.0,2016,40850721.0,245876.0,874.0,3305.0,12439.0,356562.0,1009.0,7272.0,88153.0,64556285.0,5429871838.0,365.0,157511154.0,177523106.0,-20011953.0,192737881.0
Bolivia,30,108437926.0,64556285.0,62746658.0,617241.0,462948.0,2017,40850721.0,270242.0,1086.0,4578.0,19795.0,350045.0,734.0,10747.0,74458.0,64556285.0,5429871838.0,365.0,157511154.0,177523106.0,-20011953.0,198614295.0
Bolivia,30,108437926.0,64556285.0,62746658.0,617241.0,301918.0,2018,40850721.0,154537.0,905.0,3292.0,8543.0,255437.0,371.0,5559.0,27395.0,64556285.0,5429871838.0,365.0,157511154.0,177523106.0,-20011953.0,133084363.0
Bolivia,30,108437926.0,64556285.0,62746658.0,617241.0,853556.0,2019,40850721.0,290650.0,1932.0,5060.0,17091.0,299734.0,555.0,9063.0,519360.0,64556285.0,5429871838.0,365.0,157511154.0,177523106.0,-20011953.0,246068783.0
Bolivia,30,108437926.0,64556285.0,62746658.0,617241.0,428903.0,2020,40850721.0,276102.0,854.0,3822.0,11194.0,226922.0,328.0,9707.0,175556.0,64556285.0,5429871838.0,365.0,157511154.0,177523106.0,-20011953.0,158918668.0
Bolivia,30,108437926.0,64556285.0,62746658.0,617241.0,559589.0,2021,40850721.0,292264.0,677.0,4157.0,11196.0,263059.0,291.0,7440.0,272224.0,64556285.0,5429871838.0,365.0,157511154.0,177523106.0,-20011953.0,196891091.0
Bolivia,30,108437926.0,64556285.0,62746658.0,617241.0,594998.0,2022,40850721.0,384708.0,1048.0,6515.0,11559.0,383403.0,261.0,9707.0,181852.0,64556285.0,5429871838.0,365.0,157511154.0,177523106.0,-20011953.0,254657109.0
Bolivia,30,108437926.0,64556285.0,62746658.0,617241.0,696297.0,2023,40850721.0,490542.0,859.0,4846.0,18261.0,294173.0,247.0,9778.0,367852.0,64556285.0,5429871838.0,365.0,157511154.0,177523106.0,-20011953.0,264836557.0
Bolivia,30,108437926.0,64556285.0,62746658.0,617241.0,1813614.0,2024,40850721.0,1480900.0,1091.0,30892.0,24377.0,286053.0,246.0,13651.0,1456265.0,64556285.0,5429871838.0,365.0,157511154.0,177523106.0,-20011953.0,579860361.0
Bosnia And Herzegovina,30,5106884.0,2657980.0,2579845.0,53276.0,1496.0,2001,0.0,0.0,8.0,745.0,13.0,53.0,29.0,0.0,564.0,2657980.0,216504615.0,235.0,815772.0,27664405.0,-26848634.0,501473.0
Bosnia And Herzegovina,30,5106884.0,2657980.0,2579845.0,53276.0,693.0,2002,0.0,0.0,12.0,422.0,9.0,26.0,27.0,0.0,112.0,2657980.0,216504615.0,235.0,815772.0,27664405.0,-26848634.0,273222.0
Bosnia And Herzegovina,30,5106884.0,2657980.0,2579845.0,53276.0,308.0,2003,0.0,0.0,3.0,197.0,1.0,7.0,12.0,0.0,44.0,2657980.0,216504615.0,235.0,815772.0,27664405.0,-26848634.0,119165.0
Bosnia And Herzegovina,30,5106884.0,2657980.0,2579845.0,53276.0,4122.0,2004,0.0,0.0,32.0,2630.0,60.0,268.0,97.0,0.0,725.0,2657980.0,216504615.0,235.0,815772.0,27664405.0,-26848634.0,1661657.0
Bosnia And Herzegovina,30,5106884.0,2657980.0,2579845.0,53276.0,573.0,2005,0.0,0.0,23.0,370.0,4.0,27.0,41.0,0.0,33.0,2657980.0,216504615.0,235.0,815772.0,27664405.0,-26848634.0,262728.0
Bosnia And Herzegovina,30,5106884.0,2657980.0,2579845.0,53276.0,536.0,2006,0.0,0.0,21.0,329.0,5.0,32.0,54.0,0.0,28.0,2657980.0,216504615.0,235.0,815772.0,27664405.0,-26848634.0,245340.0
Bosnia And Herzegovina,30,5106884.0,2657980.0,2579845.0,53276.0,2682.0,2007,0.0,0.0,51.0,790.0,13.0,100.0,79.0,0.0,1535.0,2657980.0,216504615.0,235.0,815772.0,27664405.0,-26848634.0,827391.0
Bosnia And Herzegovina,30,5106884.0,2657980.0,2579845.0,53276.0,1552.0,2008,0.0,0.0,50.0,704.0,6.0,118.0,87.0,0.0,470.0,2657980.0,216504615.0,235.0,815772.0,27664405.0,-26848634.0,654329.0
Bosnia And Herzegovina,30,5106884.0,2657980.0,2579845.0,53276.0,1297.0,2009,0.0,0.0,45.0,523.0,7.0,206.0,78.0,0.0,361.0,2657980.0,216504615.0,235.0,815772.0,27664405.0,-26848634.0,585932.0
Bosnia And Herzegovina,30,5106884.0,2657980.0,2579845.0,53276.0,911.0,2010,0.0,0.0,24.0,559.0,3.0,110.0,91.0,0.0,35.0,2657980.0,216504615.0,235.0,815772.0,27664405.0,-26848634.0,457032.0
Bosnia And Herzegovina,30,5106884.0,2657980.0,2579845.0,53276.0,970.0,2011,0.0,0.0,52.0,538.0,1.0,60.0,72.0,0.0,173.0,2657980.0,216504615.0,235.0,815772.0,27664405.0,-26848634.0,437798.0
Bosnia And Herzegovina,30,5106884.0,2657980.0,2579845.0,53276.0,2434.0,2012,0.0,0.0,30.0,1099.0,29.0,145.0,75.0,0.0,869.0,2657980.0,216504615.0,235.0,815772.0,27664405.0,-26848634.0,969455.0
Bosnia And Herzegovina,30,5106884.0,2657980.0,2579845.0,53276.0,2574.0,2013,0.0,0.0,33.0,949.0,124.0,87.0,112.0,0.0,1141.0,2657980.0,216504615.0,235.0,815772.0,27664405.0,-26848634.0,1049020.0
Bosnia And Herzegovina,30,5106884.0,2657980.0,2579845.0,53276.0,1790.0,2014,0.0,0.0,30.0,895.0,135.0,57.0,85.0,0.0,435.0,2657980.0,216504615.0,235.0,815772.0,27664405.0,-26848634.0,926893.0
Bosnia And Herzegovina,30,5106884.0,2657980.0,2579845.0,53276.0,581.0,2015,0.0,0.0,11.0,402.0,9.0,38.0,53.0,0.0,16.0,2657980.0,216504615.0,235.0,815772.0,27664405.0,-26848634.0,300505.0
Bosnia And Herzegovina,30,5106884.0,2657980.0,2579845.0,53276.0,2308.0,2016,0.0,0.0,85.0,1592.0,71.0,87.0,147.0,0.0,146.0,2657980.0,216504615.0,235.0,815772.0,27664405.0,-26848634.0,1278595.0
Bosnia And Herzegovina,30,5106884.0,2657980.0,2579845.0,53276.0,1339.0,2017,0.0,0.0,66.0,865.0,6.0,77.0,60.0,0.0,174.0,2657980.0,216504615.0,235.0,815772.0,27664405.0,-26848634.0,663282.0
Bosnia And Herzegovina,30,5106884.0,2657980.0,2579845.0,53276.0,2673.0,2018,0.0,0.0,96.0,1810.0,48.0,73.0,95.0,0.0,426.0,2657980.0,216504615.0,235.0,815772.0,27664405.0,-26848634.0,1475387.0
Bosnia And Herzegovina,30,5106884.0,2657980.0,2579845.0,53276.0,1232.0,2019,0.0,0.0,67.0,913.0,5.0,30.0,69.0,0.0,88.0,2657980.0,216504615.0,235.0,815772.0,27664405.0,-26848634.0,716583.0
Bosnia And Herzegovina,30,5106884.0,2657980.0,2579845.0,53276.0,1842.0,2020,0.0,0.0,53.0,1032.0,24.0,28.0,116.0,0.0,508.0,2657980.0,216504615.0,235.0,815772.0,27664405.0,-26848634.0,948580.0
Bosnia And Herzegovina,30,5106884.0,2657980.0,2579845.0,53276.0,1019.0,2021,0.0,0.0,90.0,667.0,9.0,18.0,70.0,0.0,120.0,2657980.0,216504615.0,235.0,815772.0,27664405.0,-26848634.0,567773.0
Bosnia And Herzegovina,30,5106884.0,2657980.0,2579845.0,53276.0,2053.0,2022,0.0,0.0,64.0,1299.0,21.0,30.0,130.0,0.0,419.0,2657980.0,216504615.0,235.0,815772.0,27664405.0,-26848634.0,1076419.0
Bosnia And Herzegovina,30,5106884.0,2657980.0,2579845.0,53276.0,3947.0,2023,0.0,0.0,94.0,2662.0,37.0,43.0,316.0,0.0,667.0,2657980.0,216504615.0,235.0,815772.0,27664405.0,-26848634.0,2237980.0
Bosnia And Herzegovina,30,5106884.0,2657980.0,2579845.0,53276.0,2225.0,2024,0.0,0.0,93.0,1695.0,32.0,43.0,153.0,0.0,103.0,2657980.0,216504615.0,235.0,815772.0,27664405.0,-26848634.0,1341979.0
Botswana,30,57788404.0,20328.0,4581.0,13304.0,131.0,2001,0.0,0.0,1.0,0.0,1.0,77.0,4.0,0.0,2.0,20328.0,589049.0,120.0,4511.0,110698.0,-106187.0,26251.0
Botswana,30,57788404.0,20328.0,4581.0,13304.0,23.0,2002,0.0,0.0,0.0,0.0,0.0,17.0,0.0,0.0,0.0,20328.0,589049.0,120.0,4511.0,110698.0,-106187.0,4062.0
Botswana,30,57788404.0,20328.0,4581.0,13304.0,8.0,2003,0.0,0.0,0.0,0.0,0.0,5.0,0.0,0.0,0.0,20328.0,589049.0,120.0,4511.0,110698.0,-106187.0,1660.0
Botswana,30,57788404.0,20328.0,4581.0,13304.0,51.0,2004,0.0,0.0,3.0,0.0,3.0,30.0,0.0,0.0,0.0,20328.0,589049.0,120.0,4511.0,110698.0,-106187.0,9593.0
Botswana,30,57788404.0,20328.0,4581.0,13304.0,49.0,2005,0.0,0.0,3.0,0.0,1.0,29.0,0.0,0.0,0.0,20328.0,589049.0,120.0,4511.0,110698.0,-106187.0,8974.0
Botswana,30,57788404.0,20328.0,4581.0,13304.0,40.0,2006,0.0,0.0,0.0,0.0,4.0,21.0,0.0,0.0,0.0,20328.0,589049.0,120.0,4511.0,110698.0,-106187.0,7806.0
Botswana,30,57788404.0,20328.0,4581.0,13304.0,34.0,2007,0.0,0.0,0.0,0.0,0.0,22.0,1.0,0.0,0.0,20328.0,589049.0,120.0,4511.0,110698.0,-106187.0,7178.0
Botswana,30,57788404.0,20328.0,4581.0,13304.0,27.0,2008,0.0,0.0,1.0,0.0,1.0,10.0,1.0,0.0,0.0,20328.0,589049.0,120.0,4511.0,110698.0,-106187.0,5162.0
Botswana,30,57788404.0,20328.0,4581.0,13304.0,41.0,2009,0.0,0.0,2.0,0.0,0.0,29.0,0.0,0.0,0.0,20328.0,589049.0,120.0,4511.0,110698.0,-106187.0,8779.0
Botswana,30,57788404.0,20328.0,4581.0,13304.0,30.0,2010,0.0,0.0,0.0,0.0,0.0,27.0,0.0,0.0,0.0,20328.0,589049.0,120.0,4511.0,110698.0,-106187.0,7014.0
Botswana,30,57788404.0,20328.0,4581.0,13304.0,21.0,2011,0.0,0.0,1.0,0.0,0.0,14.0,0.0,0.0,0.0,20328.0,589049.0,120.0,4511.0,110698.0,-106187.0,4420.0
Botswana,30,57788404.0,20328.0,4581.0,13304.0,16.0,2012,0.0,0.0,1.0,0.0,0.0,11.0,0.0,0.0,0.0,20328.0,589049.0,120.0,4511.0,110698.0,-106187.0,3438.0
Botswana,30,57788404.0,20328.0,4581.0,13304.0,14.0,2013,0.0,0.0,0.0,0.0,1.0,8.0,0.0,0.0,0.0,20328.0,589049.0,120.0,4511.0,110698.0,-106187.0,3809.0
Botswana,30,57788404.0,20328.0,4581.0,13304.0,15.0,2014,0.0,0.0,0.0,0.0,1.0,8.0,0.0,0.0,0.0,20328.0,589049.0,120.0,4511.0,110698.0,-106187.0,4053.0
Botswana,30,57788404.0,20328.0,4581.0,13304.0,0.0,2015,0.0,0.0,0.0,0.0,0.0,0.0,0.0,0.0,0.0,20328.0,589049.0,120.0,4511.0,110698.0,-106187.0,51.0
Botswana,30,57788404.0,20328.0,4581.0,13304.0,1.0,2016,0.0,0.0,0.0,0.0,0.0,0.0,0.0,0.0,0.0,20328.0,589049.0,120.0,4511.0,110698.0,-106187.0,218.0
Botswana,30,57788404.0,20328.0,4581.0,13304.0,1.0,2017,0.0,0.0,0.0,0.0,0.0,0.0,0.0,0.0,0.0,20328.0,589049.0,120.0,4511.0,110698.0,-106187.0,318.0
Botswana,30,57788404.0,20328.0,4581.0,13304.0,2.0,2018,0.0,0.0,0.0,0.0,0.0,1.0,0.0,0.0,0.0,20328.0,589049.0,120.0,4511.0,110698.0,-106187.0,685.0
Botswana,30,57788404.0,20328.0,4581.0,13304.0,0.0,2019,0.0,0.0,0.0,0.0,0.0,0.0,0.0,0.0,0.0,20328.0,589049.0,120.0,4511.0,110698.0,-106187.0,18.0
Botswana,30,57788404.0,20328.0,4581.0,13304.0,2.0,2020,0.0,0.0,0.0,0.0,0.0,1.0,0.0,0.0,0.0,20328.0,589049.0,120.0,4511.0,110698.0,-106187.0,445.0
Botswana,30,57788404.0,20328.0,4581.0,13304.0,1.0,2021,0.0,0.0,0.0,0.0,0.0,1.0,0.0,0.0,0.0,20328.0,589049.0,120.0,4511.0,110698.0,-106187.0,572.0
Botswana,30,57788404.0,20328.0,4581.0,13304.0,2.0,2022,0.0,0.0,0.0,0.0,0.0,1.0,0.0,0.0,0.0,20328.0,589049.0,120.0,4511.0,110698.0,-106187.0,1730.0
Botswana,30,57788404.0,20328.0,4581.0,13304.0,2.0,2023,0.0,0.0,0.0,0.0,0.0,2.0,0.0,0.0,0.0,20328.0,589049.0,120.0,4511.0,110698.0,-106187.0,1020.0
Botswana,30,57788404.0,20328.0,4581.0,13304.0,1.0,2024,0.0,0.0,0.0,0.0,0.0,1.0,0.0,0.0,0.0,20328.0,589049.0,120.0,4511.0,110698.0,-106187.0,1003.0
Brazil,30,850907198.0,519056656.0,498076031.0,8066542.0,2746284.0,2001,0.0,0.0,6873.0,231318.0,18891.0,2380528.0,7701.0,49205.0,41269.0,519056656.0,55568867372.0,525.0,1589982066.0,1755323094.0,-165341031.0,1221138974.0
Brazil,30,850907198.0,519056656.0,498076031.0,8066542.0,3506873.0,2002,343260979.0,1621738.0,7432.0,272996.0,16513.0,3085216.0,8955.0,57218.0,51532.0,519056656.0,55568867372.0,525.0,1589982066.0,1755323094.0,-165341031.0,1655445015.0
Brazil,30,850907198.0,519056656.0,498076031.0,8066542.0,3248391.0,2003,343260979.0,1570540.0,5906.0,240533.0,16833.0,2871820.0,6709.0,38049.0,62111.0,519056656.0,55568867372.0,525.0,1589982066.0,1755323094.0,-165341031.0,1514612804.0
Brazil,30,850907198.0,519056656.0,498076031.0,8066542.0,3848493.0,2004,343260979.0,2016350.0,7849.0,291476.0,14754.0,3400468.0,7872.0,53807.0,64941.0,519056656.0,55568867372.0,525.0,1589982066.0,1755323094.0,-165341031.0,1915734936.0
Brazil,30,850907198.0,519056656.0,498076031.0,8066542.0,3486212.0,2005,343260979.0,1824217.0,9011.0,297878.0,21677.0,3032134.0,8004.0,43658.0,67188.0,519056656.0,55568867372.0,525.0,1589982066.0,1755323094.0,-165341031.0,1837203777.0
Brazil,30,850907198.0,519056656.0,498076031.0,8066542.0,2876674.0,2006,343260979.0,1415536.0,6868.0,288097.0,19470.0,2427099.0,7766.0,49553.0,71245.0,519056656.0,55568867372.0,525.0,1589982066.0,1755323094.0,-165341031.0,1471021700.0
Brazil,30,850907198.0,519056656.0,498076031.0,8066542.0,2621699.0,2007,343260979.0,1149515.0,10840.0,272701.0,23175.0,2138195.0,9585.0,44495.0,114979.0,519056656.0,55568867372.0,525.0,1589982066.0,1755323094.0,-165341031.0,1273228936.0
Brazil,30,850907198.0,519056656.0,498076031.0,8066542.0,2444092.0,2008,343260979.0,1075087.0,11379.0,265693.0,18416.0,2007460.0,9753.0,49916.0,74023.0,519056656.0,55568867372.0,525.0,1589982066.0,1755323094.0,-165341031.0,1241345048.0
Brazil,30,850907198.0,519056656.0,498076031.0,8066542.0,1817716.0,2009,343260979.0,700115.0,11408.0,223292.0,24383.0,1405454.0,8596.0,59749.0,78119.0,519056656.0,55568867372.0,525.0,1589982066.0,1755323094.0,-165341031.0,930771045.0
Brazil,30,850907198.0,519056656.0,498076031.0,8066542.0,2688727.0,2010,343260979.0,1152945.0,12803.0,286848.0,34753.0,2083885.0,9942.0,52330.0,199079.0,519056656.0,55568867372.0,525.0,1589982066.0,1755323094.0,-165341031.0,1337904984.0
Brazil,30,850907198.0,519056656.0,498076031.0,8066542.0,1923161.0,2011,343260979.0,802919.0,12594.0,255572.0,35256.0,1448066.0,8441.0,31385.0,123215.0,519056656.0,55568867372.0,525.0,1589982066.0,1755323094.0,-165341031.0,989479015.0
Brazil,30,850907198.0,519056656.0,498076031.0,8066542.0,2918560.0,2012,343260979.0,1116048.0,18872.0,357053.0,50189.0,2196285.0,13346.0,44919.0,209075.0,519056656.0,55568867372.0,525.0,1589982066.0,1755323094.0,-165341031.0,1458966082.0
Brazil,30,850907198.0,519056656.0,498076031.0,8066542.0,1945478.0,2013,343260979.0,632076.0,13568.0,229603.0,19157.0,1445133.0,9789.0,92996.0,126586.0,519056656.0,55568867372.0,525.0,1589982066.0,1755323094.0,-165341031.0,988672290.0
Brazil,30,850907198.0,519056656.0,498076031.0,8066542.0,2692912.0,2014,343260979.0,940789.0,25775.0,288848.0,44593.0,2054881.0,11884.0,77958.0,178819.0,519056656.0,55568867372.0,525.0,1589982066.0,1755323094.0,-165341031.0,1422902204.0
Brazil,30,850907198.0,519056656.0,498076031.0,8066542.0,2222655.0,2015,343260979.0,828839.0,25627.0,196001.0,27391.0,1699627.0,7013.0,51641.0,211138.0,519056656.0,55568867372.0,525.0,1589982066.0,1755323094.0,-165341031.0,1244682472.0
Brazil,30,850907198.0,519056656.0,498076031.0,8066542.0,5378611.0,2016,343260979.0,2830943.0,30220.0,321336.0,98113.0,2980399.0,10598.0,154456.0,1776195.0,519056656.0,55568867372.0,525.0,1589982066.0,1755323094.0,-165341031.0,2631722303.0
Brazil,30,850907198.0,519056656.0,498076031.0,8066542.0,4519547.0,2017,343260979.0,2134474.0,39361.0,357637.0,60885.0,2756616.0,12593.0,137623.0,1144367.0,519056656.0,55568867372.0,525.0,1589982066.0,1755323094.0,-165341031.0,2334531068.0
Brazil,30,850907198.0,519056656.0,498076031.0,8066542.0,2948393.0,2018,343260979.0,1347176.0,25760.0,271221.0,29017.0,2121334.0,6603.0,105576.0,385744.0,519056656.0,55568867372.0,525.0,1589982066.0,1755323094.0,-165341031.0,1718707376.0
Brazil,30,850907198.0,519056656.0,498076031.0,8066542.0,2696542.0,2019,343260979.0,1361053.0,25818.0,238980.0,33063.0,1998742.0,5562.0,64975.0,325869.0,519056656.0,55568867372.0,525.0,1589982066.0,1755323094.0,-165341031.0,1532889289.0
Brazil,30,850907198.0,519056656.0,498076031.0,8066542.0,3290645.0,2020,343260979.0,1703491.0,25624.0,228227.0,42896.0,2049395.0,5809.0,78676.0,855987.0,519056656.0,55568867372.0,525.0,1589982066.0,1755323094.0,-165341031.0,1680953959.0
Brazil,30,850907198.0,519056656.0,498076031.0,8066542.0,2990030.0,2021,343260979.0,1546964.0,26156.0,233312.0,34746.0,2138359.0,5440.0,59394.0,488422.0,519056656.0,55568867372.0,525.0,1589982066.0,1755323094.0,-165341031.0,1868490743.0
Brazil,30,850907198.0,519056656.0,498076031.0,8066542.0,3308335.0,2022,343260979.0,1772214.0,28026.0,228009.0,25740.0,2479101.0,5629.0,57115.0,480311.0,519056656.0,55568867372.0,525.0,1589982066.0,1755323094.0,-165341031.0,2082946160.0
Brazil,30,850907198.0,519056656.0,498076031.0,8066542.0,2805356.0,2023,343260979.0,1136250.0,29197.0,196026.0,37524.0,1953454.0,6121.0,81310.0,499881.0,519056656.0,55568867372.0,525.0,1589982066.0,1755323094.0,-165341031.0,1693710500.0
Brazil,30,850907198.0,519056656.0,498076031.0,8066542.0,4391695.0,2024,343260979.0,2823646.0,25966.0,217132.0,53478.0,1820189.0,5799.0,81114.0,2184201.0,519056656.0,55568867372.0,525.0,1589982066.0,1755323094.0,-165341031.0,2112508857.0
Brunei,30,577739.0,529333.0,528761.0,7532.0,1244.0,2001,0.0,0.0,11.0,403.0,2.0,535.0,216.0,26.0,39.0,529333.0,79494242.0,573.0,893028.0,1182322.0,-289294.0,823190.0
Brunei,30,577739.0,529333.0,528761.0,7532.0,1089.0,2002,431532.0,474.0,49.0,289.0,18.0,469.0,227.0,19.0,5.0,529333.0,79494242.0,573.0,893028.0,1182322.0,-289294.0,731591.0
Brunei,30,577739.0,529333.0,528761.0,7532.0,799.0,2003,431532.0,379.0,13.0,215.0,4.0,384.0,154.0,8.0,13.0,529333.0,79494242.0,573.0,893028.0,1182322.0,-289294.0,533836.0
Brunei,30,577739.0,529333.0,528761.0,7532.0,1196.0,2004,431532.0,584.0,54.0,254.0,4.0,595.0,205.0,18.0,56.0,529333.0,79494242.0,573.0,893028.0,1182322.0,-289294.0,800676.0
Brunei,30,577739.0,529333.0,528761.0,7532.0,1278.0,2005,431532.0,602.0,25.0,360.0,10.0,526.0,254.0,21.0,71.0,529333.0,79494242.0,573.0,893028.0,1182322.0,-289294.0,839874.0
Brunei,30,577739.0,529333.0,528761.0,7532.0,1013.0,2006,431532.0,442.0,23.0,294.0,1.0,503.0,164.0,9.0,8.0,529333.0,79494242.0,573.0,893028.0,1182322.0,-289294.0,675394.0
Brunei,30,577739.0,529333.0,528761.0,7532.0,1564.0,2007,431532.0,639.0,52.0,421.0,8.0,763.0,223.0,25.0,60.0,529333.0,79494242.0,573.0,893028.0,1182322.0,-289294.0,978208.0
Brunei,30,577739.0,529333.0,528761.0,7532.0,1301.0,2008,431532.0,760.0,104.0,408.0,3.0,469.0,189.0,5.0,112.0,529333.0,79494242.0,573.0,893028.0,1182322.0,-289294.0,929243.0
Brunei,30,577739.0,529333.0,528761.0,7532.0,2170.0,2009,431532.0,1242.0,91.0,714.0,10.0,924.0,316.0,10.0,91.0,529333.0,79494242.0,573.0,893028.0,1182322.0,-289294.0,1416206.0
Brunei,30,577739.0,529333.0,528761.0,7532.0,966.0,2010,431532.0,524.0,42.0,266.0,2.0,462.0,136.0,13.0,29.0,529333.0,79494242.0,573.0,893028.0,1182322.0,-289294.0,687134.0
Brunei,30,577739.0,529333.0,528761.0,7532.0,2621.0,2011,431532.0,1661.0,282.0,687.0,40.0,1046.0,488.0,11.0,50.0,529333.0,79494242.0,573.0,893028.0,1182322.0,-289294.0,1960883.0
Brunei,30,577739.0,529333.0,528761.0,7532.0,1837.0,2012,431532.0,1118.0,230.0,568.0,7.0,614.0,319.0,6.0,52.0,529333.0,79494242.0,573.0,893028.0,1182322.0,-289294.0,1278920.0
Brunei,30,577739.0,529333.0,528761.0,7532.0,888.0,2013,431532.0,608.0,234.0,278.0,1.0,287.0,76.0,0.0,3.0,529333.0,79494242.0,573.0,893028.0,1182322.0,-289294.0,600225.0
Brunei,30,577739.0,529333.0,528761.0,7532.0,2225.0,2014,431532.0,1380.0,349.0,823.0,6.0,633.0,330.0,3.0,64.0,529333.0,79494242.0,573.0,893028.0,1182322.0,-289294.0,1441070.0
Brunei,30,577739.0,529333.0,528761.0,7532.0,1760.0,2015,431532.0,806.0,162.0,522.0,7.0,485.0,214.0,2.0,352.0,529333.0,79494242.0,573.0,893028.0,1182322.0,-289294.0,1094465.0
Brunei,30,577739.0,529333.0,528761.0,7532.0,2572.0,2016,431532.0,1089.0,180.0,476.0,10.0,1119.0,214.0,4.0,557.0,529333.0,79494242.0,573.0,893028.0,1182322.0,-289294.0,1629001.0
Brunei,30,577739.0,529333.0,528761.0,7532.0,944.0,2017,431532.0,518.0,52.0,396.0,1.0,383.0,84.0,3.0,11.0,529333.0,79494242.0,573.0,893028.0,1182322.0,-289294.0,646544.0
Brunei,30,577739.0,529333.0,528761.0,7532.0,806.0,2018,431532.0,449.0,44.0,375.0,11.0,289.0,66.0,3.0,8.0,529333.0,79494242.0,573.0,893028.0,1182322.0,-289294.0,526336.0
Brunei,30,577739.0,529333.0,528761.0,7532.0,1168.0,2019,431532.0,447.0,89.0,303.0,10.0,555.0,107.0,6.0,93.0,529333.0,79494242.0,573.0,893028.0,1182322.0,-289294.0,706138.0
Brunei,30,577739.0,529333.0,528761.0,7532.0,1166.0,2020,431532.0,543.0,142.0,303.0,4.0,459.0,116.0,7.0,128.0,529333.0,79494242.0,573.0,893028.0,1182322.0,-289294.0,737967.0
Brunei,30,577739.0,529333.0,528761.0,7532.0,952.0,2021,431532.0,516.0,123.0,270.0,3.0,425.0,102.0,4.0,11.0,529333.0,79494242.0,573.0,893028.0,1182322.0,-289294.0,634880.0
Brunei,30,577739.0,529333.0,528761.0,7532.0,920.0,2022,431532.0,537.0,188.0,341.0,2.0,303.0,58.0,5.0,13.0,529333.0,79494242.0,573.0,893028.0,1182322.0,-289294.0,609429.0
Brunei,30,577739.0,529333.0,528761.0,7532.0,916.0,2023,431532.0,496.0,87.0,326.0,9.0,336.0,51.0,12.0,88.0,529333.0,79494242.0,573.0,893028.0,1182322.0,-289294.0,599126.0
Brunei,30,577739.0,529333.0,528761.0,7532.0,1042.0,2024,431532.0,383.0,32.0,300.0,1.0,509.0,65.0,2.0,125.0,529333.0,79494242.0,573.0,893028.0,1182322.0,-289294.0,552345.0
Bulgaria,30,11158730.0,4138949.0,3957413.0,106352.0,8202.0,2001,0.0,0.0,20.0,5979.0,39.0,128.0,63.0,0.0,1802.0,4138949.0,250132617.0,283.0,2563764.0,39613937.0,-37050173.0,2110235.0
Bulgaria,30,11158730.0,4138949.0,3957413.0,106352.0,4638.0,2002,0.0,0.0,6.0,3818.0,7.0,78.0,25.0,0.0,609.0,4138949.0,250132617.0,283.0,2563764.0,39613937.0,-37050173.0,1287763.0
Bulgaria,30,11158730.0,4138949.0,3957413.0,106352.0,5198.0,2003,0.0,0.0,21.0,4690.0,43.0,44.0,114.0,0.0,148.0,4138949.0,250132617.0,283.0,2563764.0,39613937.0,-37050173.0,1710602.0
Bulgaria,30,11158730.0,4138949.0,3957413.0,106352.0,8171.0,2004,0.0,0.0,55.0,7424.0,82.0,58.0,120.0,0.0,232.0,4138949.0,250132617.0,283.0,2563764.0,39613937.0,-37050173.0,2759951.0
Bulgaria,30,11158730.0,4138949.0,3957413.0,106352.0,6566.0,2005,0.0,0.0,57.0,5878.0,63.0,108.0,131.0,0.0,146.0,4138949.0,250132617.0,283.0,2563764.0,39613937.0,-37050173.0,2411821.0
Bulgaria,30,11158730.0,4138949.0,3957413.0,106352.0,5171.0,2006,0.0,0.0,39.0,4657.0,22.0,71.0,97.0,0.0,150.0,4138949.0,250132617.0,283.0,2563764.0,39613937.0,-37050173.0,1860207.0
Bulgaria,30,11158730.0,4138949.0,3957413.0,106352.0,9558.0,2007,0.0,0.0,111.0,7909.0,55.0,94.0,171.0,0.0,1030.0,4138949.0,250132617.0,283.0,2563764.0,39613937.0,-37050173.0,3350101.0
Bulgaria,30,11158730.0,4138949.0,3957413.0,106352.0,6448.0,2008,0.0,0.0,59.0,5498.0,43.0,172.0,115.0,0.0,452.0,4138949.0,250132617.0,283.0,2563764.0,39613937.0,-37050173.0,2475583.0
Bulgaria,30,11158730.0,4138949.0,3957413.0,106352.0,6100.0,2009,0.0,0.0,68.0,5450.0,70.0,52.0,85.0,0.0,227.0,4138949.0,250132617.0,283.0,2563764.0,39613937.0,-37050173.0,2370292.0
Bulgaria,30,11158730.0,4138949.0,3957413.0,106352.0,3569.0,2010,0.0,0.0,37.0,3281.0,29.0,31.0,45.0,0.0,45.0,4138949.0,250132617.0,283.0,2563764.0,39613937.0,-37050173.0,1482068.0
Bulgaria,30,11158730.0,4138949.0,3957413.0,106352.0,3330.0,2011,0.0,0.0,68.0,3020.0,10.0,50.0,58.0,0.0,18.0,4138949.0,250132617.0,283.0,2563764.0,39613937.0,-37050173.0,1399266.0
Bulgaria,30,11158730.0,4138949.0,3957413.0,106352.0,9977.0,2012,0.0,0.0,82.0,9148.0,87.0,75.0,87.0,0.0,271.0,4138949.0,250132617.0,283.0,2563764.0,39613937.0,-37050173.0,3962712.0
Bulgaria,30,11158730.0,4138949.0,3957413.0,106352.0,3692.0,2013,0.0,0.0,13.0,3272.0,8.0,51.0,26.0,0.0,205.0,4138949.0,250132617.0,283.0,2563764.0,39613937.0,-37050173.0,1568488.0
Bulgaria,30,11158730.0,4138949.0,3957413.0,106352.0,6689.0,2014,0.0,0.0,38.0,6093.0,41.0,86.0,54.0,0.0,174.0,4138949.0,250132617.0,283.0,2563764.0,39613937.0,-37050173.0,2971751.0
Bulgaria,30,11158730.0,4138949.0,3957413.0,106352.0,7292.0,2015,0.0,0.0,29.0,6875.0,40.0,88.0,69.0,0.0,27.0,4138949.0,250132617.0,283.0,2563764.0,39613937.0,-37050173.0,3325135.0
Bulgaria,30,11158730.0,4138949.0,3957413.0,106352.0,7396.0,2016,0.0,0.0,44.0,6739.0,38.0,140.0,79.0,0.0,213.0,4138949.0,250132617.0,283.0,2563764.0,39613937.0,-37050173.0,3509366.0
Bulgaria,30,11158730.0,4138949.0,3957413.0,106352.0,7688.0,2017,0.0,0.0,118.0,6420.0,55.0,247.0,139.0,0.0,506.0,4138949.0,250132617.0,283.0,2563764.0,39613937.0,-37050173.0,3456949.0
Bulgaria,30,11158730.0,4138949.0,3957413.0,106352.0,9753.0,2018,0.0,0.0,91.0,8762.0,74.0,107.0,166.0,0.0,371.0,4138949.0,250132617.0,283.0,2563764.0,39613937.0,-37050173.0,4703441.0
Bulgaria,30,11158730.0,4138949.0,3957413.0,106352.0,4125.0,2019,0.0,0.0,90.0,3734.0,53.0,78.0,72.0,0.0,28.0,4138949.0,250132617.0,283.0,2563764.0,39613937.0,-37050173.0,2005999.0
Bulgaria,30,11158730.0,4138949.0,3957413.0,106352.0,4796.0,2020,0.0,0.0,105.0,4207.0,41.0,55.0,167.0,0.0,121.0,4138949.0,250132617.0,283.0,2563764.0,39613937.0,-37050173.0,2304900.0
Bulgaria,30,11158730.0,4138949.0,3957413.0,106352.0,6684.0,2021,0.0,0.0,67.0,5994.0,27.0,34.0,143.0,0.0,312.0,4138949.0,250132617.0,283.0,2563764.0,39613937.0,-37050173.0,3281640.0
Bulgaria,30,11158730.0,4138949.0,3957413.0,106352.0,4093.0,2022,0.0,0.0,38.0,3569.0,49.0,68.0,53.0,0.0,246.0,4138949.0,250132617.0,283.0,2563764.0,39613937.0,-37050173.0,2046166.0
Bulgaria,30,11158730.0,4138949.0,3957413.0,106352.0,5653.0,2023,0.0,0.0,38.0,5072.0,36.0,105.0,99.0,0.0,192.0,4138949.0,250132617.0,283.0,2563764.0,39613937.0,-37050173.0,2843078.0
Bulgaria,30,11158730.0,4138949.0,3957413.0,106352.0,5367.0,2024,0.0,0.0,33.0,3725.0,46.0,106.0,92.0,0.0,1251.0,4138949.0,250132617.0,283.0,2563764.0,39613937.0,-37050173.0,2332837.0
Burkina Faso,30,27294665.0,130.0,2268.0,142622.0,58.0,2001,0.0,0.0,0.0,0.0,0.0,55.0,0.0,0.0,0.0,130.0,6363.0,206.0,36205.0,628363.0,-592157.0,286271.0
Burkina Faso,30,27294665.0,130.0,2268.0,142622.0,4.0,2002,0.0,0.0,0.0,0.0,0.0,3.0,0.0,0.0,0.0,130.0,6363.0,206.0,36205.0,628363.0,-592157.0,164809.0
Burkina Faso,30,27294665.0,130.0,2268.0,142622.0,2.0,2003,0.0,0.0,0.0,0.0,1.0,0.0,0.0,0.0,0.0,130.0,6363.0,206.0,36205.0,628363.0,-592157.0,798.0
Burkina Faso,30,27294665.0,130.0,2268.0,142622.0,8.0,2004,0.0,0.0,0.0,0.0,5.0,3.0,0.0,0.0,0.0,130.0,6363.0,206.0,36205.0,628363.0,-592157.0,35839.0
Burkina Faso,30,27294665.0,130.0,2268.0,142622.0,17.0,2005,0.0,0.0,0.0,0.0,4.0,11.0,0.0,0.0,0.0,130.0,6363.0,206.0,36205.0,628363.0,-592157.0,25598.0
Burkina Faso,30,27294665.0,130.0,2268.0,142622.0,5.0,2006,0.0,0.0,0.0,0.0,1.0,2.0,0.0,0.0,0.0,130.0,6363.0,206.0,36205.0,628363.0,-592157.0,6347.0
Burkina Faso,30,27294665.0,130.0,2268.0,142622.0,3.0,2007,0.0,0.0,0.0,0.0,0.0,2.0,0.0,0.0,0.0,130.0,6363.0,206.0,36205.0,628363.0,-592157.0,9114.0
Burkina Faso,30,27294665.0,130.0,2268.0,142622.0,6.0,2008,0.0,0.0,0.0,0.0,0.0,4.0,0.0,0.0,0.0,130.0,6363.0,206.0,36205.0,628363.0,-592157.0,20973.0
Burkina Faso,30,27294665.0,130.0,2268.0,142622.0,5.0,2009,0.0,0.0,0.0,0.0,0.0,3.0,0.0,0.0,0.0,130.0,6363.0,206.0,36205.0,628363.0,-592157.0,5189.0
Burkina Faso,30,27294665.0,130.0,2268.0,142622.0,7.0,2010,0.0,0.0,0.0,0.0,0.0,6.0,0.0,0.0,0.0,130.0,6363.0,206.0,36205.0,628363.0,-592157.0,19866.0
Burkina Faso,30,27294665.0,130.0,2268.0,142622.0,14.0,2011,0.0,0.0,0.0,0.0,0.0,13.0,0.0,0.0,0.0,130.0,6363.0,206.0,36205.0,628363.0,-592157.0,8423.0
Burkina Faso,30,27294665.0,130.0,2268.0,142622.0,0.0,2012,0.0,0.0,0.0,0.0,0.0,0.0,0.0,0.0,0.0,130.0,6363.0,206.0,36205.0,628363.0,-592157.0,4636.0
Burkina Faso,30,27294665.0,130.0,2268.0,142622.0,0.0,2013,0.0,0.0,0.0,0.0,0.0,0.0,0.0,0.0,0.0,130.0,6363.0,206.0,36205.0,628363.0,-592157.0,8312.0
Burkina Faso,30,27294665.0,130.0,2268.0,142622.0,0.0,2014,0.0,0.0,0.0,0.0,0.0,0.0,0.0,0.0,0.0,130.0,6363.0,206.0,36205.0,628363.0,-592157.0,10479.0
Burkina Faso,30,27294665.0,130.0,2268.0,142622.0,0.0,2015,0.0,0.0,0.0,0.0,0.0,0.0,0.0,0.0,0.0,130.0,6363.0,206.0,36205.0,628363.0,-592157.0,3276.0
Burkina Faso,30,27294665.0,130.0,2268.0,142622.0,0.0,2016,0.0,0.0,0.0,0.0,0.0,0.0,0.0,0.0,0.0,130.0,6363.0,206.0,36205.0,628363.0,-592157.0,1472.0
Burkina Faso,30,27294665.0,130.0,2268.0,142622.0,0.0,2017,0.0,0.0,0.0,0.0,0.0,0.0,0.0,0.0,0.0,130.0,6363.0,206.0,36205.0,628363.0,-592157.0,2345.0
Burkina Faso,30,27294665.0,130.0,2268.0,142622.0,0.0,2018,0.0,0.0,0.0,0.0,0.0,0.0,0.0,0.0,0.0,130.0,6363.0,206.0,36205.0,628363.0,-592157.0,1099.0
Burkina Faso,30,27294665.0,130.0,2268.0,142622.0,0.0,2019,0.0,0.0,0.0,0.0,0.0,0.0,0.0,0.0,0.0,130.0,6363.0,206.0,36205.0,628363.0,-592157.0,995.0
Burkina Faso,30,27294665.0,130.0,2268.0,142622.0,0.0,2020,0.0,0.0,0.0,0.0,0.0,0.0,0.0,0.0,0.0,130.0,6363.0,206.0,36205.0,628363.0,-592157.0,7470.0
Burkina Faso,30,27294665.0,130.0,2268.0,142622.0,0.0,2021,0.0,0.0,0.0,0.0,0.0,0.0,0.0,0.0,0.0,130.0,6363.0,206.0,36205.0,628363.0,-592157.0,43860.0
Burkina Faso,30,27294665.0,130.0,2268.0,142622.0,0.0,2022,0.0,0.0,0.0,0.0,0.0,0.0,0.0,0.0,0.0,130.0,6363.0,206.0,36205.0,628363.0,-592157.0,51680.0
Burkina Faso,30,27294665.0,130.0,2268.0,142622.0,0.0,2023,0.0,0.0,0.0,0.0,0.0,0.0,0.0,0.0,0.0,130.0,6363.0,206.0,36205.0,628363.0,-592157.0,57935.0
Burkina Faso,30,27294665.0,130.0,2268.0,142622.0,0.0,2024,0.0,0.0,0.0,0.0,0.0,0.0,0.0,0.0,0.0,130.0,6363.0,206.0,36205.0,628363.0,-592157.0,92147.0
Burundi,30,2693527.0,537671.0,553128.0,16374.0,1417.0,2001,0.0,0.0,0.0,64.0,12.0,1237.0,18.0,3.0,0.0,537671.0,25043679.0,166.0,744737.0,2295155.0,-1550418.0,506023.0
Burundi,30,2693527.0,537671.0,553128.0,16374.0,987.0,2002,24895.0,3.0,0.0,13.0,7.0,894.0,8.0,6.0,0.0,537671.0,25043679.0,166.0,744737.0,2295155.0,-1550418.0,326416.0
Burundi,30,2693527.0,537671.0,553128.0,16374.0,1326.0,2003,24895.0,51.0,0.0,56.0,12.0,1190.0,20.0,13.0,1.0,537671.0,25043679.0,166.0,744737.0,2295155.0,-1550418.0,519836.0
Burundi,30,2693527.0,537671.0,553128.0,16374.0,613.0,2004,24895.0,2.0,0.0,17.0,2.0,552.0,12.0,2.0,0.0,537671.0,25043679.0,166.0,744737.0,2295155.0,-1550418.0,212642.0
Burundi,30,2693527.0,537671.0,553128.0,16374.0,985.0,2005,24895.0,15.0,0.0,60.0,5.0,845.0,27.0,7.0,1.0,537671.0,25043679.0,166.0,744737.0,2295155.0,-1550418.0,360242.0
Burundi,30,2693527.0,537671.0,553128.0,16374.0,343.0,2006,24895.0,5.0,0.0,24.0,0.0,291.0,10.0,1.0,0.0,537671.0,25043679.0,166.0,744737.0,2295155.0,-1550418.0,122262.0
Burundi,30,2693527.0,537671.0,553128.0,16374.0,1861.0,2007,24895.0,13.0,0.0,61.0,6.0,1697.0,42.0,8.0,0.0,537671.0,25043679.0,166.0,744737.0,2295155.0,-1550418.0,703181.0
Burundi,30,2693527.0,537671.0,553128.0,16374.0,1999.0,2008,24895.0,18.0,0.0,63.0,16.0,1815.0,42.0,18.0,1.0,537671.0,25043679.0,166.0,744737.0,2295155.0,-1550418.0,727252.0
Burundi,30,2693527.0,537671.0,553128.0,16374.0,883.0,2009,24895.0,13.0,0.0,19.0,4.0,818.0,16.0,2.0,0.0,537671.0,25043679.0,166.0,744737.0,2295155.0,-1550418.0,332421.0
Burundi,30,2693527.0,537671.0,553128.0,16374.0,1905.0,2010,24895.0,13.0,0.0,104.0,6.0,1718.0,26.0,4.0,0.0,537671.0,25043679.0,166.0,744737.0,2295155.0,-1550418.0,764190.0
Burundi,30,2693527.0,537671.0,553128.0,16374.0,960.0,2011,24895.0,7.0,0.0,42.0,1.0,866.0,25.0,3.0,0.0,537671.0,25043679.0,166.0,744737.0,2295155.0,-1550418.0,402438.0
Burundi,30,2693527.0,537671.0,553128.0,16374.0,871.0,2012,24895.0,4.0,0.0,65.0,2.0,749.0,14.0,2.0,1.0,537671.0,25043679.0,166.0,744737.0,2295155.0,-1550418.0,340548.0
Burundi,30,2693527.0,537671.0,553128.0,16374.0,1406.0,2013,24895.0,10.0,0.0,175.0,14.0,1129.0,24.0,16.0,0.0,537671.0,25043679.0,166.0,744737.0,2295155.0,-1550418.0,563120.0
Burundi,30,2693527.0,537671.0,553128.0,16374.0,2048.0,2014,24895.0,47.0,0.0,379.0,54.0,1530.0,21.0,23.0,2.0,537671.0,25043679.0,166.0,744737.0,2295155.0,-1550418.0,887938.0
Burundi,30,2693527.0,537671.0,553128.0,16374.0,1458.0,2015,24895.0,16.0,0.0,291.0,11.0,1120.0,7.0,13.0,3.0,537671.0,25043679.0,166.0,744737.0,2295155.0,-1550418.0,672453.0
Burundi,30,2693527.0,537671.0,553128.0,16374.0,1576.0,2016,24895.0,27.0,0.0,320.0,6.0,1194.0,7.0,30.0,2.0,537671.0,25043679.0,166.0,744737.0,2295155.0,-1550418.0,761955.0
Burundi,30,2693527.0,537671.0,553128.0,16374.0,1775.0,2017,24895.0,13.0,0.0,216.0,15.0,1490.0,9.0,19.0,9.0,537671.0,25043679.0,166.0,744737.0,2295155.0,-1550418.0,887930.0
Burundi,30,2693527.0,537671.0,553128.0,16374.0,2874.0,2018,24895.0,33.0,0.0,317.0,5.0,2440.0,29.0,55.0,12.0,537671.0,25043679.0,166.0,744737.0,2295155.0,-1550418.0,1500952.0
Burundi,30,2693527.0,537671.0,553128.0,16374.0,2387.0,2019,24895.0,13.0,0.0,267.0,2.0,2052.0,26.0,30.0,1.0,537671.0,25043679.0,166.0,744737.0,2295155.0,-1550418.0,1279433.0
Burundi,30,2693527.0,537671.0,553128.0,16374.0,1857.0,2020,24895.0,26.0,0.0,274.0,5.0,1517.0,23.0,23.0,3.0,537671.0,25043679.0,166.0,744737.0,2295155.0,-1550418.0,1101856.0
Burundi,30,2693527.0,537671.0,553128.0,16374.0,2272.0,2021,24895.0,14.0,0.0,238.0,6.0,1957.0,17.0,33.0,8.0,537671.0,25043679.0,166.0,744737.0,2295155.0,-1550418.0,1449770.0
Burundi,30,2693527.0,537671.0,553128.0,16374.0,1611.0,2022,24895.0,4.0,0.0,151.0,0.0,1401.0,19.0,26.0,0.0,537671.0,25043679.0,166.0,744737.0,2295155.0,-1550418.0,998825.0
Burundi,30,2693527.0,537671.0,553128.0,16374.0,1952.0,2023,24895.0,8.0,0.0,133.0,0.0,1759.0,19.0,34.0,0.0,537671.0,25043679.0,166.0,744737.0,2295155.0,-1550418.0,1168417.0
Burundi,30,2693527.0,537671.0,553128.0,16374.0,2143.0,2024,24895.0,9.0,0.0,125.0,14.0,1933.0,20.0,37.0,0.0,537671.0,25043679.0,166.0,744737.0,2295155.0,-1550418.0,1283610.0
Cambodia,30,18169723.0,8828152.0,7659367.0,147442.0,28491.0,2001,0.0,0.0,194.0,518.0,692.0,25016.0,57.0,876.0,792.0,8828152.0,928387019.0,462.0,72742189.0,26232534.0,46509655.0,15120620.0
Cambodia,30,18169723.0,8828152.0,7659367.0,147442.0,54916.0,2002,4325701.0,18579.0,189.0,379.0,260.0,52029.0,138.0,1251.0,478.0,8828152.0,928387019.0,462.0,72742189.0,26232534.0,46509655.0,28672968.0
Cambodia,30,18169723.0,8828152.0,7659367.0,147442.0,56854.0,2003,4325701.0,24060.0,152.0,238.0,740.0,53453.0,106.0,651.0,1355.0,8828152.0,928387019.0,462.0,72742189.0,26232534.0,46509655.0,29032871.0
Cambodia,30,18169723.0,8828152.0,7659367.0,147442.0,79295.0,2004,4325701.0,44084.0,241.0,469.0,1290.0,74912.0,145.0,977.0,1096.0,8828152.0,928387019.0,462.0,72742189.0,26232534.0,46509655.0,42719329.0
Cambodia,30,18169723.0,8828152.0,7659367.0,147442.0,64685.0,2005,4325701.0,35978.0,498.0,928.0,622.0,60716.0,127.0,1357.0,322.0,8828152.0,928387019.0,462.0,72742189.0,26232534.0,46509655.0,35472631.0
Cambodia,30,18169723.0,8828152.0,7659367.0,147442.0,80560.0,2006,4325701.0,43268.0,787.0,1046.0,2135.0,73562.0,223.0,1212.0,1409.0,8828152.0,928387019.0,462.0,72742189.0,26232534.0,46509655.0,45321707.0
Cambodia,30,18169723.0,8828152.0,7659367.0,147442.0,77701.0,2007,4325701.0,35528.0,1056.0,1072.0,1188.0,71899.0,351.0,1246.0,739.0,8828152.0,928387019.0,462.0,72742189.0,26232534.0,46509655.0,43594388.0
Cambodia,30,18169723.0,8828152.0,7659367.0,147442.0,83511.0,2008,4325701.0,48730.0,427.0,454.0,499.0,80587.0,175.0,762.0,499.0,8828152.0,928387019.0,462.0,72742189.0,26232534.0,46509655.0,50002805.0
Cambodia,30,18169723.0,8828152.0,7659367.0,147442.0,121050.0,2009,4325701.0,65249.0,1016.0,1491.0,1282.0,112864.0,229.0,1187.0,2815.0,8828152.0,928387019.0,462.0,72742189.0,26232534.0,46509655.0,70152272.0
Cambodia,30,18169723.0,8828152.0,7659367.0,147442.0,237974.0,2010,4325701.0,124807.0,2468.0,2584.0,1306.0,227138.0,396.0,2625.0,1197.0,8828152.0,928387019.0,462.0,72742189.0,26232534.0,46509655.0,137098765.0
Cambodia,30,18169723.0,8828152.0,7659367.0,147442.0,192185.0,2011,4325701.0,124153.0,1084.0,1203.0,1060.0,187009.0,168.0,1141.0,367.0,8828152.0,928387019.0,462.0,72742189.0,26232534.0,46509655.0,123274406.0
Cambodia,30,18169723.0,8828152.0,7659367.0,147442.0,195569.0,2012,4325701.0,115198.0,1939.0,2705.0,1045.0,187555.0,153.0,909.0,874.0,8828152.0,928387019.0,462.0,72742189.0,26232534.0,46509655.0,122034813.0
Cambodia,30,18169723.0,8828152.0,7659367.0,147442.0,190115.0,2013,4325701.0,123205.0,1242.0,2521.0,201.0,184581.0,159.0,1135.0,163.0,8828152.0,928387019.0,462.0,72742189.0,26232534.0,46509655.0,126084801.0
Cambodia,30,18169723.0,8828152.0,7659367.0,147442.0,161842.0,2014,4325701.0,89479.0,1150.0,2602.0,186.0,155917.0,127.0,1537.0,204.0,8828152.0,928387019.0,462.0,72742189.0,26232534.0,46509655.0,104128186.0
Cambodia,30,18169723.0,8828152.0,7659367.0,147442.0,132858.0,2015,4325701.0,70684.0,658.0,3128.0,66.0,126966.0,261.0,1635.0,71.0,8828152.0,928387019.0,462.0,72742189.0,26232534.0,46509655.0,82696854.0
Cambodia,30,18169723.0,8828152.0,7659367.0,147442.0,182885.0,2016,4325701.0,94024.0,5670.0,2810.0,514.0,169296.0,439.0,3658.0,390.0,8828152.0,928387019.0,462.0,72742189.0,26232534.0,46509655.0,110155313.0
Cambodia,30,18169723.0,8828152.0,7659367.0,147442.0,118469.0,2017,4325701.0,53817.0,3414.0,2529.0,804.0,108582.0,267.0,2292.0,435.0,8828152.0,928387019.0,462.0,72742189.0,26232534.0,46509655.0,70679323.0
Cambodia,30,18169723.0,8828152.0,7659367.0,147442.0,113206.0,2018,4325701.0,45519.0,1573.0,1875.0,130.0,108007.0,280.0,1273.0,38.0,8828152.0,928387019.0,462.0,72742189.0,26232534.0,46509655.0,66041995.0
Cambodia,30,18169723.0,8828152.0,7659367.0,147442.0,143345.0,2019,4325701.0,62898.0,2151.0,2736.0,570.0,134734.0,441.0,2529.0,140.0,8828152.0,928387019.0,462.0,72742189.0,26232534.0,46509655.0,82383749.0
Cambodia,30,18169723.0,8828152.0,7659367.0,147442.0,143529.0,2020,4325701.0,62305.0,1860.0,2368.0,438.0,134888.0,215.0,3333.0,363.0,8828152.0,928387019.0,462.0,72742189.0,26232534.0,46509655.0,83345068.0
Cambodia,30,18169723.0,8828152.0,7659367.0,147442.0,144262.0,2021,4325701.0,63979.0,1611.0,1902.0,377.0,136586.0,101.0,3324.0,322.0,8828152.0,928387019.0,462.0,72742189.0,26232534.0,46509655.0,86233906.0
Cambodia,30,18169723.0,8828152.0,7659367.0,147442.0,103880.0,2022,4325701.0,45382.0,1997.0,1064.0,244.0,96906.0,102.0,3023.0,508.0,8828152.0,928387019.0,462.0,72742189.0,26232534.0,46509655.0,62711158.0
Cambodia,30,18169723.0,8828152.0,7659367.0,147442.0,120846.0,2023,4325701.0,48257.0,2315.0,1204.0,151.0,112604.0,145.0,3624.0,768.0,8828152.0,928387019.0,462.0,72742189.0,26232534.0,46509655.0,71919516.0
Cambodia,30,18169723.0,8828152.0,7659367.0,147442.0,93477.0,2024,4325701.0,36885.0,1884.0,2050.0,431.0,83554.0,96.0,4429.0,969.0,8828152.0,928387019.0,462.0,72742189.0,26232534.0,46509655.0,56935090.0
Cameroon,30,46604030.0,31459321.0,30543462.0,351063.0,39203.0,2001,0.0,0.0,99.0,1054.0,127.0,19668.0,900.0,16355.0,44.0,31459321.0,3442060471.0,570.0,56903819.0,117496639.0,-60592820.0,20479543.0
Cameroon,30,46604030.0,31459321.0,30543462.0,351063.0,28768.0,2002,19082102.0,10611.0,138.0,1229.0,111.0,13635.0,499.0,12509.0,23.0,31459321.0,3442060471.0,570.0,56903819.0,117496639.0,-60592820.0,15552292.0
Cameroon,30,46604030.0,31459321.0,30543462.0,351063.0,25346.0,2003,19082102.0,9967.0,118.0,667.0,110.0,10934.0,1109.0,11946.0,18.0,31459321.0,3442060471.0,570.0,56903819.0,117496639.0,-60592820.0,14124184.0
Cameroon,30,46604030.0,31459321.0,30543462.0,351063.0,23004.0,2004,19082102.0,9049.0,111.0,593.0,68.0,11678.0,623.0,9356.0,16.0,31459321.0,3442060471.0,570.0,56903819.0,117496639.0,-60592820.0,12466303.0
Cameroon,30,46604030.0,31459321.0,30543462.0,351063.0,25158.0,2005,19082102.0,11078.0,115.0,1025.0,79.0,11438.0,830.0,11113.0,20.0,31459321.0,3442060471.0,570.0,56903819.0,117496639.0,-60592820.0,13986089.0
Cameroon,30,46604030.0,31459321.0,30543462.0,351063.0,35986.0,2006,19082102.0,14845.0,236.0,998.0,191.0,17632.0,1239.0,15013.0,28.0,31459321.0,3442060471.0,570.0,56903819.0,117496639.0,-60592820.0,19441334.0
Cameroon,30,46604030.0,31459321.0,30543462.0,351063.0,45916.0,2007,19082102.0,18347.0,151.0,981.0,97.0,25862.0,751.0,17318.0,8.0,31459321.0,3442060471.0,570.0,56903819.0,117496639.0,-60592820.0,25270220.0
Cameroon,30,46604030.0,31459321.0,30543462.0,351063.0,35141.0,2008,19082102.0,15037.0,106.0,1284.0,89.0,16219.0,1816.0,15052.0,17.0,31459321.0,3442060471.0,570.0,56903819.0,117496639.0,-60592820.0,19660730.0
Cameroon,30,46604030.0,31459321.0,30543462.0,351063.0,36072.0,2009,19082102.0,19722.0,189.0,5546.0,114.0,14409.0,610.0,13742.0,17.0,31459321.0,3442060471.0,570.0,56903819.0,117496639.0,-60592820.0,21801316.0
Cameroon,30,46604030.0,31459321.0,30543462.0,351063.0,57993.0,2010,19082102.0,26814.0,145.0,2198.0,255.0,36043.0,2691.0,15473.0,72.0,31459321.0,3442060471.0,570.0,56903819.0,117496639.0,-60592820.0,32837725.0
Cameroon,30,46604030.0,31459321.0,30543462.0,351063.0,27652.0,2011,19082102.0,13505.0,169.0,844.0,63.0,15412.0,957.0,9740.0,18.0,31459321.0,3442060471.0,570.0,56903819.0,117496639.0,-60592820.0,16076358.0
Cameroon,30,46604030.0,31459321.0,30543462.0,351063.0,51267.0,2012,19082102.0,25416.0,485.0,1454.0,159.0,26023.0,1673.0,20639.0,18.0,31459321.0,3442060471.0,570.0,56903819.0,117496639.0,-60592820.0,29484620.0
Cameroon,30,46604030.0,31459321.0,30543462.0,351063.0,84613.0,2013,19082102.0,42764.0,587.0,5738.0,130.0,35586.0,2374.0,38573.0,49.0,31459321.0,3442060471.0,570.0,56903819.0,117496639.0,-60592820.0,50274556.0
Cameroon,30,46604030.0,31459321.0,30543462.0,351063.0,181851.0,2014,19082102.0,89176.0,1732.0,12682.0,517.0,61634.0,4593.0,98352.0,56.0,31459321.0,3442060471.0,570.0,56903819.0,117496639.0,-60592820.0,110422008.0
Cameroon,30,46604030.0,31459321.0,30543462.0,351063.0,78969.0,2015,19082102.0,40994.0,1302.0,3685.0,425.0,33304.0,1680.0,38196.0,18.0,31459321.0,3442060471.0,570.0,56903819.0,117496639.0,-60592820.0,48524191.0
Cameroon,30,46604030.0,31459321.0,30543462.0,351063.0,116618.0,2016,19082102.0,58602.0,4946.0,5929.0,287.0,39586.0,1782.0,62998.0,482.0,31459321.0,3442060471.0,570.0,56903819.0,117496639.0,-60592820.0,72566306.0
Cameroon,30,46604030.0,31459321.0,30543462.0,351063.0,187281.0,2017,19082102.0,89782.0,7969.0,8321.0,1088.0,77870.0,3527.0,87731.0,88.0,31459321.0,3442060471.0,570.0,56903819.0,117496639.0,-60592820.0,111775356.0
Cameroon,30,46604030.0,31459321.0,30543462.0,351063.0,120814.0,2018,19082102.0,57935.0,2231.0,6292.0,360.0,47624.0,2321.0,61588.0,53.0,31459321.0,3442060471.0,570.0,56903819.0,117496639.0,-60592820.0,76051377.0
Cameroon,30,46604030.0,31459321.0,30543462.0,351063.0,121800.0,2019,19082102.0,54421.0,2162.0,6591.0,328.0,46542.0,1964.0,63811.0,60.0,31459321.0,3442060471.0,570.0,56903819.0,117496639.0,-60592820.0,74319770.0
Cameroon,30,46604030.0,31459321.0,30543462.0,351063.0,202796.0,2020,19082102.0,100294.0,1790.0,12254.0,322.0,57043.0,2489.0,127361.0,1122.0,31459321.0,3442060471.0,570.0,56903819.0,117496639.0,-60592820.0,133509584.0
Cameroon,30,46604030.0,31459321.0,30543462.0,351063.0,168797.0,2021,19082102.0,88755.0,2121.0,9165.0,276.0,71969.0,1604.0,83039.0,164.0,31459321.0,3442060471.0,570.0,56903819.0,117496639.0,-60592820.0,106351349.0
Cameroon,30,46604030.0,31459321.0,30543462.0,351063.0,147809.0,2022,19082102.0,76311.0,2270.0,10345.0,240.0,60716.0,1533.0,72252.0,46.0,31459321.0,3442060471.0,570.0,56903819.0,117496639.0,-60592820.0,95149663.0
Cameroon,30,46604030.0,31459321.0,30543462.0,351063.0,204199.0,2023,19082102.0,102887.0,4463.0,11411.0,357.0,86430.0,1219.0,99564.0,492.0,31459321.0,3442060471.0,570.0,56903819.0,117496639.0,-60592820.0,128445742.0
Cameroon,30,46604030.0,31459321.0,30543462.0,351063.0,179152.0,2024,19082102.0,95573.0,3283.0,15376.0,308.0,65590.0,1269.0,92001.0,965.0,31459321.0,3442060471.0,570.0,56903819.0,117496639.0,-60592820.0,117121017.0
Canada,30,983422553.0,418066874.0,421403090.0,16965174.0,1358154.0,2001,0.0,0.0,5714.0,736627.0,24557.0,13764.0,5101.0,0.0,562661.0,418066874.0,13223801868.0,180.0,1019424298.0,1012085912.0,7338385.0,418315291.0
Canada,30,983422553.0,418066874.0,421403090.0,16965174.0,2316888.0,2002,0.0,0.0,7746.0,794614.0,71805.0,13312.0,5771.0,0.0,1412630.0,418066874.0,13223801868.0,180.0,1019424298.0,1012085912.0,7338385.0,834397891.0
Canada,30,983422553.0,418066874.0,421403090.0,16965174.0,1607282.0,2003,0.0,0.0,4134.0,605186.0,18742.0,10057.0,4824.0,0.0,960025.0,418066874.0,13223801868.0,180.0,1019424298.0,1012085912.0,7338385.0,553484853.0
Canada,30,983422553.0,418066874.0,421403090.0,16965174.0,2706458.0,2004,0.0,0.0,9748.0,1047064.0,41280.0,18115.0,9535.0,0.0,1571287.0,418066874.0,13223801868.0,180.0,1019424298.0,1012085912.0,7338385.0,905185099.0
Canada,30,983422553.0,418066874.0,421403090.0,16965174.0,2920790.0,2005,0.0,0.0,10272.0,1026316.0,49212.0,16571.0,8876.0,0.0,1802264.0,418066874.0,13223801868.0,180.0,1019424298.0,1012085912.0,7338385.0,954917690.0
Canada,30,983422553.0,418066874.0,421403090.0,16965174.0,2406190.0,2006,0.0,0.0,14051.0,945957.0,62981.0,18994.0,9594.0,0.0,1346099.0,418066874.0,13223801868.0,180.0,1019424298.0,1012085912.0,7338385.0,833450400.0
Canada,30,983422553.0,418066874.0,421403090.0,16965174.0,2117900.0,2007,0.0,0.0,14669.0,903862.0,67154.0,11554.0,8799.0,0.0,1104224.0,418066874.0,13223801868.0,180.0,1019424298.0,1012085912.0,7338385.0,758860175.0
Canada,30,983422553.0,418066874.0,421403090.0,16965174.0,1949008.0,2008,0.0,0.0,14922.0,743120.0,50857.0,12930.0,7898.0,0.0,1110830.0,418066874.0,13223801868.0,180.0,1019424298.0,1012085912.0,7338385.0,707090537.0
Canada,30,983422553.0,418066874.0,421403090.0,16965174.0,1550371.0,2009,0.0,0.0,13672.0,653952.0,43634.0,13977.0,7071.0,0.0,810645.0,418066874.0,13223801868.0,180.0,1019424298.0,1012085912.0,7338385.0,502148821.0
Canada,30,983422553.0,418066874.0,421403090.0,16965174.0,2104878.0,2010,0.0,0.0,15882.0,664122.0,48183.0,13084.0,7393.0,0.0,1346574.0,418066874.0,13223801868.0,180.0,1019424298.0,1012085912.0,7338385.0,749339144.0
Canada,30,983422553.0,418066874.0,421403090.0,16965174.0,2160700.0,2011,0.0,0.0,15649.0,674815.0,41646.0,12342.0,5111.0,0.0,1402294.0,418066874.0,13223801868.0,180.0,1019424298.0,1012085912.0,7338385.0,870144033.0
Canada,30,983422553.0,418066874.0,421403090.0,16965174.0,2545493.0,2012,0.0,0.0,24855.0,807181.0,73037.0,27374.0,7728.0,0.0,1589862.0,418066874.0,13223801868.0,180.0,1019424298.0,1012085912.0,7338385.0,1077949578.0
Canada,30,983422553.0,418066874.0,421403090.0,16965174.0,2807336.0,2013,0.0,0.0,14513.0,724148.0,24804.0,12332.0,4304.0,0.0,2014389.0,418066874.0,13223801868.0,180.0,1019424298.0,1012085912.0,7338385.0,1035903765.0
Canada,30,983422553.0,418066874.0,421403090.0,16965174.0,2643609.0,2014,0.0,0.0,15915.0,764169.0,37007.0,18638.0,5951.0,0.0,1792949.0,418066874.0,13223801868.0,180.0,1019424298.0,1012085912.0,7338385.0,1028644200.0
Canada,30,983422553.0,418066874.0,421403090.0,16965174.0,2733434.0,2015,0.0,0.0,11318.0,769598.0,14883.0,19895.0,4466.0,0.0,1909631.0,418066874.0,13223801868.0,180.0,1019424298.0,1012085912.0,7338385.0,1173449692.0
Canada,30,983422553.0,418066874.0,421403090.0,16965174.0,2084425.0,2016,0.0,0.0,14540.0,904391.0,21151.0,29657.0,7254.0,0.0,1102924.0,418066874.0,13223801868.0,180.0,1019424298.0,1012085912.0,7338385.0,839688890.0
Canada,30,983422553.0,418066874.0,421403090.0,16965174.0,2559736.0,2017,0.0,0.0,13053.0,959095.0,51389.0,25082.0,7314.0,0.0,1501145.0,418066874.0,13223801868.0,180.0,1019424298.0,1012085912.0,7338385.0,1023707376.0
Canada,30,983422553.0,418066874.0,421403090.0,16965174.0,2142937.0,2018,0.0,0.0,12293.0,886704.0,19195.0,23398.0,6454.0,0.0,1192115.0,418066874.0,13223801868.0,180.0,1019424298.0,1012085912.0,7338385.0,821762301.0
Canada,30,983422553.0,418066874.0,421403090.0,16965174.0,2175716.0,2019,0.0,0.0,10551.0,856748.0,22962.0,17769.0,5498.0,0.0,1258382.0,418066874.0,13223801868.0,180.0,1019424298.0,1012085912.0,7338385.0,890763285.0
Canada,30,983422553.0,418066874.0,421403090.0,16965174.0,1195272.0,2020,0.0,0.0,11166.0,768123.0,39841.0,15166.0,5603.0,0.0,351274.0,418066874.0,13223801868.0,180.0,1019424298.0,1012085912.0,7338385.0,370210212.0
Canada,30,983422553.0,418066874.0,421403090.0,16965174.0,2524985.0,2021,0.0,0.0,9075.0,847726.0,22771.0,17693.0,6574.0,0.0,1618428.0,418066874.0,13223801868.0,180.0,1019424298.0,1012085912.0,7338385.0,1022235435.0
Canada,30,983422553.0,418066874.0,421403090.0,16965174.0,2299845.0,2022,0.0,0.0,8181.0,808092.0,12301.0,11504.0,6808.0,0.0,1450840.0,418066874.0,13223801868.0,180.0,1019424298.0,1012085912.0,7338385.0,906638813.0
Canada,30,983422553.0,418066874.0,421403090.0,16965174.0,8570165.0,2023,0.0,0.0,6827.0,745858.0,12155.0,10316.0,4870.0,0.0,7789588.0,418066874.0,13223801868.0,180.0,1019424298.0,1012085912.0,7338385.0,3791767078.0
Canada,30,983422553.0,418066874.0,421403090.0,16965174.0,5165897.0,2024,0.0,0.0,6955.0,658489.0,41654.0,12629.0,4706.0,0.0,4440485.0,418066874.0,13223801868.0,180.0,1019424298.0,1012085912.0,7338385.0,2396128609.0
Central African Republic,30,62019967.0,47073506.0,47240769.0,482450.0,31282.0,2001,0.0,0.0,26.0,393.0,40.0,16024.0,125.0,12476.0,85.0,47073506.0,3181958612.0,351.0,21547878.0,136509312.0,-114961434.0,15031912.0
Central African Republic,30,62019967.0,47073506.0,47240769.0,482450.0,34418.0,2002,7364402.0,7005.0,28.0,437.0,78.0,18352.0,106.0,12908.0,93.0,47073506.0,3181958612.0,351.0,21547878.0,136509312.0,-114961434.0,16459478.0
Central African Republic,30,62019967.0,47073506.0,47240769.0,482450.0,13727.0,2003,7364402.0,3025.0,13.0,122.0,31.0,5996.0,58.0,6555.0,28.0,47073506.0,3181958612.0,351.0,21547878.0,136509312.0,-114961434.0,7199637.0
Central African Republic,30,62019967.0,47073506.0,47240769.0,482450.0,14588.0,2004,7364402.0,4096.0,1.0,198.0,20.0,7073.0,30.0,6506.0,70.0,47073506.0,3181958612.0,351.0,21547878.0,136509312.0,-114961434.0,7618590.0
Central African Republic,30,62019967.0,47073506.0,47240769.0,482450.0,29317.0,2005,7364402.0,5466.0,90.0,338.0,24.0,17603.0,146.0,9719.0,77.0,47073506.0,3181958612.0,351.0,21547878.0,136509312.0,-114961434.0,13241286.0
Central African Republic,30,62019967.0,47073506.0,47240769.0,482450.0,57883.0,2006,7364402.0,5684.0,76.0,243.0,69.0,37388.0,135.0,18447.0,95.0,47073506.0,3181958612.0,351.0,21547878.0,136509312.0,-114961434.0,22882090.0
Central African Republic,30,62019967.0,47073506.0,47240769.0,482450.0,37308.0,2007,7364402.0,8400.0,26.0,254.0,15.0,22440.0,242.0,13039.0,103.0,47073506.0,3181958612.0,351.0,21547878.0,136509312.0,-114961434.0,18427789.0
Central African Republic,30,62019967.0,47073506.0,47240769.0,482450.0,31860.0,2008,7364402.0,5292.0,92.0,228.0,25.0,20224.0,163.0,10229.0,48.0,47073506.0,3181958612.0,351.0,21547878.0,136509312.0,-114961434.0,13745275.0
Central African Republic,30,62019967.0,47073506.0,47240769.0,482450.0,48253.0,2009,7364402.0,8869.0,45.0,799.0,92.0,27119.0,540.0,17268.0,172.0,47073506.0,3181958612.0,351.0,21547878.0,136509312.0,-114961434.0,23356652.0
Central African Republic,30,62019967.0,47073506.0,47240769.0,482450.0,48554.0,2010,7364402.0,11148.0,39.0,424.0,95.0,29319.0,667.0,16412.0,116.0,47073506.0,3181958612.0,351.0,21547878.0,136509312.0,-114961434.0,24267927.0
Central African Republic,30,62019967.0,47073506.0,47240769.0,482450.0,49140.0,2011,7364402.0,9501.0,69.0,444.0,84.0,29796.0,256.0,16194.0,322.0,47073506.0,3181958612.0,351.0,21547878.0,136509312.0,-114961434.0,23425295.0
Central African Republic,30,62019967.0,47073506.0,47240769.0,482450.0,57315.0,2012,7364402.0,10780.0,59.0,476.0,91.0,34078.0,314.0,19088.0,594.0,47073506.0,3181958612.0,351.0,21547878.0,136509312.0,-114961434.0,27153096.0
Central African Republic,30,62019967.0,47073506.0,47240769.0,482450.0,44183.0,2013,7364402.0,6481.0,63.0,342.0,35.0,23920.0,152.0,17392.0,218.0,47073506.0,3181958612.0,351.0,21547878.0,136509312.0,-114961434.0,18930436.0
Central African Republic,30,62019967.0,47073506.0,47240769.0,482450.0,57852.0,2014,7364402.0,8935.0,92.0,536.0,33.0,34285.0,218.0,20752.0,297.0,47073506.0,3181958612.0,351.0,21547878.0,136509312.0,-114961434.0,24890701.0
Central African Republic,30,62019967.0,47073506.0,47240769.0,482450.0,27315.0,2015,7364402.0,5064.0,141.0,340.0,22.0,16151.0,82.0,10142.0,147.0,47073506.0,3181958612.0,351.0,21547878.0,136509312.0,-114961434.0,12139191.0
Central African Republic,30,62019967.0,47073506.0,47240769.0,482450.0,51153.0,2016,7364402.0,20129.0,104.0,1019.0,36.0,19508.0,97.0,21967.0,8031.0,47073506.0,3181958612.0,351.0,21547878.0,136509312.0,-114961434.0,25461794.0
Central African Republic,30,62019967.0,47073506.0,47240769.0,482450.0,63909.0,2017,7364402.0,15442.0,196.0,1133.0,76.0,33787.0,178.0,26858.0,1142.0,47073506.0,3181958612.0,351.0,21547878.0,136509312.0,-114961434.0,31027496.0
Central African Republic,30,62019967.0,47073506.0,47240769.0,482450.0,40913.0,2018,7364402.0,7741.0,449.0,722.0,100.0,22958.0,332.0,15845.0,305.0,47073506.0,3181958612.0,351.0,21547878.0,136509312.0,-114961434.0,18946201.0
Central African Republic,30,62019967.0,47073506.0,47240769.0,482450.0,49026.0,2019,7364402.0,11530.0,345.0,1279.0,56.0,26249.0,156.0,20064.0,652.0,47073506.0,3181958612.0,351.0,21547878.0,136509312.0,-114961434.0,23953345.0
Central African Republic,30,62019967.0,47073506.0,47240769.0,482450.0,55137.0,2020,7364402.0,14741.0,582.0,1101.0,100.0,27196.0,176.0,24954.0,719.0,47073506.0,3181958612.0,351.0,21547878.0,136509312.0,-114961434.0,28600049.0
Central African Republic,30,62019967.0,47073506.0,47240769.0,482450.0,67181.0,2021,7364402.0,19709.0,304.0,1125.0,69.0,30485.0,113.0,32053.0,2513.0,47073506.0,3181958612.0,351.0,21547878.0,136509312.0,-114961434.0,36009853.0
Central African Republic,30,62019967.0,47073506.0,47240769.0,482450.0,51029.0,2022,7364402.0,13242.0,586.0,1227.0,49.0,26158.0,153.0,21625.0,892.0,47073506.0,3181958612.0,351.0,21547878.0,136509312.0,-114961434.0,26273859.0
Central African Republic,30,62019967.0,47073506.0,47240769.0,482450.0,54535.0,2023,7364402.0,13985.0,1593.0,1011.0,80.0,25503.0,141.0,24883.0,1079.0,47073506.0,3181958612.0,351.0,21547878.0,136509312.0,-114961434.0,28833078.0
Central African Republic,30,62019967.0,47073506.0,47240769.0,482450.0,60752.0,2024,7364402.0,11947.0,980.0,1464.0,61.0,33249.0,221.0,24040.0,436.0,47073506.0,3181958612.0,351.0,21547878.0,136509312.0,-114961434.0,29274022.0
Chad,30,126995095.0,409750.0,622314.0,256622.0,883.0,2001,0.0,0.0,0.0,0.0,0.0,854.0,0.0,12.0,0.0,409750.0,21044530.0,154.0,1277049.0,1792117.0,-515068.0,389104.0
Chad,30,126995095.0,409750.0,622314.0,256622.0,1959.0,2002,0.0,0.0,0.0,0.0,2.0,1800.0,0.0,113.0,0.0,409750.0,21044530.0,154.0,1277049.0,1792117.0,-515068.0,616771.0
Chad,30,126995095.0,409750.0,622314.0,256622.0,193.0,2003,0.0,0.0,0.0,0.0,0.0,184.0,0.0,4.0,0.0,409750.0,21044530.0,154.0,1277049.0,1792117.0,-515068.0,58229.0
Chad,30,126995095.0,409750.0,622314.0,256622.0,457.0,2004,0.0,0.0,0.0,0.0,0.0,402.0,0.0,46.0,0.0,409750.0,21044530.0,154.0,1277049.0,1792117.0,-515068.0,131996.0
Chad,30,126995095.0,409750.0,622314.0,256622.0,473.0,2005,0.0,0.0,0.0,0.0,0.0,445.0,3.0,12.0,0.0,409750.0,21044530.0,154.0,1277049.0,1792117.0,-515068.0,136749.0
Chad,30,126995095.0,409750.0,622314.0,256622.0,2982.0,2006,0.0,0.0,0.0,0.0,1.0,2801.0,6.0,158.0,0.0,409750.0,21044530.0,154.0,1277049.0,1792117.0,-515068.0,863734.0
Chad,30,126995095.0,409750.0,622314.0,256622.0,1001.0,2007,0.0,0.0,0.0,0.0,1.0,980.0,0.0,9.0,0.0,409750.0,21044530.0,154.0,1277049.0,1792117.0,-515068.0,282667.0
Chad,30,126995095.0,409750.0,622314.0,256622.0,3403.0,2008,0.0,0.0,0.0,0.0,0.0,3268.0,7.0,111.0,0.0,409750.0,21044530.0,154.0,1277049.0,1792117.0,-515068.0,946947.0
Chad,30,126995095.0,409750.0,622314.0,256622.0,1065.0,2009,0.0,0.0,0.0,0.0,0.0,1024.0,0.0,30.0,0.0,409750.0,21044530.0,154.0,1277049.0,1792117.0,-515068.0,308916.0
Chad,30,126995095.0,409750.0,622314.0,256622.0,254.0,2010,0.0,0.0,0.0,0.0,1.0,238.0,0.0,13.0,0.0,409750.0,21044530.0,154.0,1277049.0,1792117.0,-515068.0,72595.0
Chad,30,126995095.0,409750.0,622314.0,256622.0,920.0,2011,0.0,0.0,0.0,0.0,0.0,870.0,1.0,40.0,0.0,409750.0,21044530.0,154.0,1277049.0,1792117.0,-515068.0,257878.0
Chad,30,126995095.0,409750.0,622314.0,256622.0,2491.0,2012,0.0,0.0,0.0,0.0,0.0,2387.0,1.0,79.0,0.0,409750.0,21044530.0,154.0,1277049.0,1792117.0,-515068.0,707552.0
Chad,30,126995095.0,409750.0,622314.0,256622.0,2895.0,2013,0.0,0.0,0.0,0.0,0.0,2717.0,0.0,173.0,0.0,409750.0,21044530.0,154.0,1277049.0,1792117.0,-515068.0,881549.0
Chad,30,126995095.0,409750.0,622314.0,256622.0,3001.0,2014,0.0,0.0,0.0,0.0,1.0,2823.0,1.0,170.0,0.0,409750.0,21044530.0,154.0,1277049.0,1792117.0,-515068.0,919142.0
Chad,30,126995095.0,409750.0,622314.0,256622.0,2591.0,2015,0.0,0.0,0.0,0.0,0.0,2462.0,1.0,111.0,12.0,409750.0,21044530.0,154.0,1277049.0,1792117.0,-515068.0,783614.0
Chad,30,126995095.0,409750.0,622314.0,256622.0,3166.0,2016,0.0,0.0,0.0,0.0,0.0,3072.0,0.0,90.0,0.0,409750.0,21044530.0,154.0,1277049.0,1792117.0,-515068.0,956528.0
Chad,30,126995095.0,409750.0,622314.0,256622.0,6765.0,2017,0.0,0.0,0.0,0.0,0.0,6526.0,0.0,235.0,1.0,409750.0,21044530.0,154.0,1277049.0,1792117.0,-515068.0,2046017.0
Chad,30,126995095.0,409750.0,622314.0,256622.0,6931.0,2018,0.0,0.0,0.0,0.0,0.0,6760.0,0.0,168.0,0.0,409750.0,21044530.0,154.0,1277049.0,1792117.0,-515068.0,2099097.0
Chad,30,126995095.0,409750.0,622314.0,256622.0,5059.0,2019,0.0,0.0,0.0,3.0,0.0,4998.0,0.0,44.0,10.0,409750.0,21044530.0,154.0,1277049.0,1792117.0,-515068.0,1484153.0
Chad,30,126995095.0,409750.0,622314.0,256622.0,3434.0,2020,0.0,0.0,0.0,0.0,0.0,3396.0,0.0,31.0,4.0,409750.0,21044530.0,154.0,1277049.0,1792117.0,-515068.0,1074544.0
Chad,30,126995095.0,409750.0,622314.0,256622.0,5096.0,2021,0.0,0.0,0.0,0.0,0.0,4941.0,0.0,58.0,94.0,409750.0,21044530.0,154.0,1277049.0,1792117.0,-515068.0,2352962.0
Chad,30,126995095.0,409750.0,622314.0,256622.0,5445.0,2022,0.0,0.0,0.0,0.0,0.0,5276.0,0.0,74.0,92.0,409750.0,21044530.0,154.0,1277049.0,1792117.0,-515068.0,2984628.0
Chad,30,126995095.0,409750.0,622314.0,256622.0,11067.0,2023,0.0,0.0,0.0,0.0,0.0,10083.0,0.0,257.0,723.0,409750.0,21044530.0,154.0,1277049.0,1792117.0,-515068.0,5033065.0
Chad,30,126995095.0,409750.0,622314.0,256622.0,13093.0,2024,0.0,0.0,0.0,0.0,0.0,10298.0,0.0,911.0,1874.0,409750.0,21044530.0,154.0,1277049.0,1792117.0,-515068.0,5260746.0
Chile,30,75231752.0,19214323.0,20705332.0,730022.0,72712.0,2001,0.0,0.0,6.0,64659.0,1275.0,3588.0,159.0,1.0,2525.0,19214323.0,1130352209.0,345.0,42383459.0,162831025.0,-120447566.0,21253942.0
Chile,30,75231752.0,19214323.0,20705332.0,730022.0,78143.0,2002,0.0,0.0,31.0,64052.0,1243.0,2312.0,183.0,0.0,9839.0,19214323.0,1130352209.0,345.0,42383459.0,162831025.0,-120447566.0,22495433.0
Chile,30,75231752.0,19214323.0,20705332.0,730022.0,82880.0,2003,0.0,0.0,21.0,71654.0,2858.0,3741.0,224.0,34.0,3590.0,19214323.0,1130352209.0,345.0,42383459.0,162831025.0,-120447566.0,26191275.0
Chile,30,75231752.0,19214323.0,20705332.0,730022.0,85727.0,2004,0.0,0.0,22.0,75421.0,2930.0,2729.0,289.0,6.0,3562.0,19214323.0,1130352209.0,345.0,42383459.0,162831025.0,-120447566.0,28236324.0
Chile,30,75231752.0,19214323.0,20705332.0,730022.0,106916.0,2005,0.0,0.0,120.0,92871.0,1993.0,4425.0,515.0,2.0,6201.0,19214323.0,1130352209.0,345.0,42383459.0,162831025.0,-120447566.0,36245487.0
Chile,30,75231752.0,19214323.0,20705332.0,730022.0,91928.0,2006,0.0,0.0,46.0,81803.0,2093.0,2442.0,273.0,13.0,4701.0,19214323.0,1130352209.0,345.0,42383459.0,162831025.0,-120447566.0,32764753.0
Chile,30,75231752.0,19214323.0,20705332.0,730022.0,121642.0,2007,0.0,0.0,80.0,104457.0,3998.0,6326.0,464.0,0.0,5440.0,19214323.0,1130352209.0,345.0,42383459.0,162831025.0,-120447566.0,44427284.0
Chile,30,75231752.0,19214323.0,20705332.0,730022.0,123084.0,2008,0.0,0.0,95.0,97313.0,4939.0,6040.0,522.0,8.0,13211.0,19214323.0,1130352209.0,345.0,42383459.0,162831025.0,-120447566.0,44237517.0
Chile,30,75231752.0,19214323.0,20705332.0,730022.0,88558.0,2009,0.0,0.0,120.0,74183.0,2332.0,2388.0,245.0,1.0,8774.0,19214323.0,1130352209.0,345.0,42383459.0,162831025.0,-120447566.0,32340833.0
Chile,30,75231752.0,19214323.0,20705332.0,730022.0,91496.0,2010,0.0,0.0,128.0,77867.0,2285.0,3342.0,301.0,3.0,6897.0,19214323.0,1130352209.0,345.0,42383459.0,162831025.0,-120447566.0,33750869.0
Chile,30,75231752.0,19214323.0,20705332.0,730022.0,99323.0,2011,0.0,0.0,89.0,84118.0,2819.0,3412.0,198.0,1.0,7850.0,19214323.0,1130352209.0,345.0,42383459.0,162831025.0,-120447566.0,36076676.0
Chile,30,75231752.0,19214323.0,20705332.0,730022.0,174788.0,2012,0.0,0.0,55.0,115840.0,10357.0,5909.0,322.0,3.0,40706.0,19214323.0,1130352209.0,345.0,42383459.0,162831025.0,-120447566.0,57335713.0
Chile,30,75231752.0,19214323.0,20705332.0,730022.0,102243.0,2013,0.0,0.0,28.0,91513.0,1980.0,4972.0,362.0,0.0,2759.0,19214323.0,1130352209.0,345.0,42383459.0,162831025.0,-120447566.0,41483743.0
Chile,30,75231752.0,19214323.0,20705332.0,730022.0,119330.0,2014,0.0,0.0,62.0,100340.0,1606.0,5995.0,282.0,3.0,10543.0,19214323.0,1130352209.0,345.0,42383459.0,162831025.0,-120447566.0,53896324.0
Chile,30,75231752.0,19214323.0,20705332.0,730022.0,106108.0,2015,0.0,0.0,45.0,88740.0,1366.0,3736.0,482.0,0.0,11587.0,19214323.0,1130352209.0,345.0,42383459.0,162831025.0,-120447566.0,50123961.0
Chile,30,75231752.0,19214323.0,20705332.0,730022.0,113779.0,2016,0.0,0.0,16.0,101138.0,880.0,4203.0,519.0,0.0,6908.0,19214323.0,1130352209.0,345.0,42383459.0,162831025.0,-120447566.0,57494925.0
Chile,30,75231752.0,19214323.0,20705332.0,730022.0,214810.0,2017,0.0,0.0,85.0,143261.0,1016.0,5110.0,560.0,2.0,64479.0,19214323.0,1130352209.0,345.0,42383459.0,162831025.0,-120447566.0,94301184.0
Chile,30,75231752.0,19214323.0,20705332.0,730022.0,76894.0,2018,0.0,0.0,48.0,70584.0,1042.0,2222.0,271.0,0.0,2616.0,19214323.0,1130352209.0,345.0,42383459.0,162831025.0,-120447566.0,40647829.0
Chile,30,75231752.0,19214323.0,20705332.0,730022.0,78734.0,2019,0.0,0.0,49.0,68539.0,985.0,2182.0,289.0,1.0,6564.0,19214323.0,1130352209.0,345.0,42383459.0,162831025.0,-120447566.0,39960796.0
Chile,30,75231752.0,19214323.0,20705332.0,730022.0,70568.0,2020,0.0,0.0,49.0,54019.0,1015.0,2177.0,242.0,0.0,12912.0,19214323.0,1130352209.0,345.0,42383459.0,162831025.0,-120447566.0,33738335.0
Chile,30,75231752.0,19214323.0,20705332.0,730022.0,71609.0,2021,0.0,0.0,36.0,61416.0,976.0,3093.0,455.0,0.0,5479.0,19214323.0,1130352209.0,345.0,42383459.0,162831025.0,-120447566.0,50659163.0
Chile,30,75231752.0,19214323.0,20705332.0,730022.0,67887.0,2022,0.0,0.0,53.0,56943.0,930.0,3124.0,518.0,0.0,6211.0,19214323.0,1130352209.0,345.0,42383459.0,162831025.0,-120447566.0,48727851.0
Chile,30,75231752.0,19214323.0,20705332.0,730022.0,107338.0,2023,0.0,0.0,27.0,72912.0,1157.0,2306.0,281.0,0.0,30602.0,19214323.0,1130352209.0,345.0,42383459.0,162831025.0,-120447566.0,57136903.0
Chile,30,75231752.0,19214323.0,20705332.0,730022.0,47655.0,2024,0.0,0.0,26.0,37401.0,1030.0,1715.0,234.0,0.0,7199.0,19214323.0,1130352209.0,345.0,42383459.0,162831025.0,-120447566.0,33675896.0
China,30,935030049.0,162873593.0,154567475.0,6691014.0,230308.0,2001,0.0,0.0,2646.0,164335.0,2105.0,23895.0,6739.0,1308.0,22211.0,162873593.0,10488981896.0,408.0,249774829.0,725715723.0,-475940895.0,89847224.0
China,30,935030049.0,162873593.0,154567475.0,6691014.0,249185.0,2002,1760102.0,1823.0,3212.0,171335.0,2429.0,27899.0,8226.0,2402.0,26758.0,162873593.0,10488981896.0,408.0,249774829.0,725715723.0,-475940895.0,98390344.0
China,30,935030049.0,162873593.0,154567475.0,6691014.0,261776.0,2003,1760102.0,1590.0,2767.0,148631.0,1409.0,26170.0,7169.0,2982.0,69010.0,162873593.0,10488981896.0,408.0,249774829.0,725715723.0,-475940895.0,92314972.0
China,30,935030049.0,162873593.0,154567475.0,6691014.0,501581.0,2004,1760102.0,3421.0,6569.0,338395.0,2840.0,40395.0,14662.0,3808.0,88173.0,162873593.0,10488981896.0,408.0,249774829.0,725715723.0,-475940895.0,191230574.0
China,30,935030049.0,162873593.0,154567475.0,6691014.0,383608.0,2005,1760102.0,3075.0,5870.0,287528.0,2661.0,38050.0,13188.0,3571.0,27578.0,162873593.0,10488981896.0,408.0,249774829.0,725715723.0,-475940895.0,162340468.0
China,30,935030049.0,162873593.0,154567475.0,6691014.0,575282.0,2006,1760102.0,4804.0,7618.0,386915.0,2967.0,49653.0,16087.0,7372.0,98854.0,162873593.0,10488981896.0,408.0,249774829.0,725715723.0,-475940895.0,231697410.0
China,30,935030049.0,162873593.0,154567475.0,6691014.0,653051.0,2007,1760102.0,7513.0,9367.0,505733.0,4170.0,65263.0,22193.0,9787.0,30245.0,162873593.0,10488981896.0,408.0,249774829.0,725715723.0,-475940895.0,301643573.0
China,30,935030049.0,162873593.0,154567475.0,6691014.0,738091.0,2008,1760102.0,4076.0,11282.0,580682.0,18232.0,53393.0,24634.0,5495.0,37807.0,162873593.0,10488981896.0,408.0,249774829.0,725715723.0,-475940895.0,341578096.0
China,30,935030049.0,162873593.0,154567475.0,6691014.0,599711.0,2009,1760102.0,7281.0,11554.0,438489.0,6150.0,70205.0,26508.0,6589.0,34577.0,162873593.0,10488981896.0,408.0,249774829.0,725715723.0,-475940895.0,276343454.0
China,30,935030049.0,162873593.0,154567475.0,6691014.0,627855.0,2010,1760102.0,5128.0,11565.0,466992.0,4262.0,69367.0,30074.0,5065.0,34432.0,162873593.0,10488981896.0,408.0,249774829.0,725715723.0,-475940895.0,283614092.0
China,30,935030049.0,162873593.0,154567475.0,6691014.0,598619.0,2011,1760102.0,5029.0,12501.0,466276.0,3828.0,61983.0,27363.0,3528.0,17855.0,162873593.0,10488981896.0,408.0,249774829.0,725715723.0,-475940895.0,287568915.0
China,30,935030049.0,162873593.0,154567475.0,6691014.0,605034.0,2012,1760102.0,7910.0,15181.0,457261.0,3887.0,75165.0,25690.0,5922.0,12804.0,162873593.0,10488981896.0,408.0,249774829.0,725715723.0,-475940895.0,287055409.0
China,30,935030049.0,162873593.0,154567475.0,6691014.0,441337.0,2013,1760102.0,5568.0,8342.0,360659.0,1602.0,38243.0,18245.0,5078.0,4792.0,162873593.0,10488981896.0,408.0,249774829.0,725715723.0,-475940895.0,208191235.0
China,30,935030049.0,162873593.0,154567475.0,6691014.0,531702.0,2014,1760102.0,5130.0,11166.0,430705.0,1667.0,50461.0,21384.0,6789.0,6009.0,162873593.0,10488981896.0,408.0,249774829.0,725715723.0,-475940895.0,253834121.0
China,30,935030049.0,162873593.0,154567475.0,6691014.0,490494.0,2015,1760102.0,3645.0,8051.0,402189.0,1001.0,48553.0,19275.0,4777.0,4946.0,162873593.0,10488981896.0,408.0,249774829.0,725715723.0,-475940895.0,238675076.0
China,30,935030049.0,162873593.0,154567475.0,6691014.0,718774.0,2016,1760102.0,3709.0,14210.0,568597.0,2583.0,73946.0,38081.0,5520.0,13849.0,162873593.0,10488981896.0,408.0,249774829.0,725715723.0,-475940895.0,349197661.0
China,30,935030049.0,162873593.0,154567475.0,6691014.0,644432.0,2017,1760102.0,2380.0,17303.0,482567.0,3900.0,69430.0,49447.0,4423.0,15104.0,162873593.0,10488981896.0,408.0,249774829.0,725715723.0,-475940895.0,309889448.0
China,30,935030049.0,162873593.0,154567475.0,6691014.0,569768.0,2018,1760102.0,1458.0,15883.0,436878.0,3486.0,55920.0,36920.0,4522.0,14667.0,162873593.0,10488981896.0,408.0,249774829.0,725715723.0,-475940895.0,278978305.0
China,30,935030049.0,162873593.0,154567475.0,6691014.0,497027.0,2019,1760102.0,1363.0,18912.0,360981.0,5189.0,43601.0,32929.0,3467.0,30204.0,162873593.0,10488981896.0,408.0,249774829.0,725715723.0,-475940895.0,232481908.0
China,30,935030049.0,162873593.0,154567475.0,6691014.0,422362.0,2020,1760102.0,1138.0,18113.0,309768.0,3440.0,35205.0,29918.0,2654.0,21434.0,162873593.0,10488981896.0,408.0,249774829.0,725715723.0,-475940895.0,203155586.0
China,30,935030049.0,162873593.0,154567475.0,6691014.0,536773.0,2021,1760102.0,1212.0,18011.0,427196.0,3113.0,36692.0,29766.0,2681.0,17097.0,162873593.0,10488981896.0,408.0,249774829.0,725715723.0,-475940895.0,277590421.0
China,30,935030049.0,162873593.0,154567475.0,6691014.0,612009.0,2022,1760102.0,1533.0,19291.0,502854.0,2979.0,42747.0,30255.0,4222.0,7537.0,162873593.0,10488981896.0,408.0,249774829.0,725715723.0,-475940895.0,326479436.0
China,30,935030049.0,162873593.0,154567475.0,6691014.0,602763.0,2023,1760102.0,1884.0,24762.0,466149.0,3166.0,48494.0,31889.0,4897.0,22500.0,162873593.0,10488981896.0,408.0,249774829.0,725715723.0,-475940895.0,316109861.0
China,30,935030049.0,162873593.0,154567475.0,6691014.0,675197.0,2024,1760102.0,2630.0,23570.0,510779.0,2367.0,61995.0,36528.0,5429.0,32898.0,162873593.0,10488981896.0,408.0,249774829.0,725715723.0,-475940895.0,356388301.0
Colombia,30,113724053.0,81854356.0,81791869.0,1085394.0,229961.0,2001,0.0,0.0,720.0,3444.0,3759.0,206602.0,956.0,11998.0,188.0,81854356.0,9175026755.0,569.0,133020806.0,240204582.0,-107183776.0,118186872.0
Colombia,30,113724053.0,81854356.0,81791869.0,1085394.0,182235.0,2002,54899530.0,63279.0,527.0,4124.0,2332.0,161308.0,554.0,11971.0,101.0,81854356.0,9175026755.0,569.0,133020806.0,240204582.0,-107183776.0,100232400.0
Colombia,30,113724053.0,81854356.0,81791869.0,1085394.0,122398.0,2003,54899530.0,32062.0,444.0,2321.0,2484.0,108247.0,284.0,7446.0,204.0,81854356.0,9175026755.0,569.0,133020806.0,240204582.0,-107183776.0,62115101.0
Colombia,30,113724053.0,81854356.0,81791869.0,1085394.0,253866.0,2004,54899530.0,81732.0,575.0,5213.0,3590.0,227532.0,733.0,14252.0,316.0,81854356.0,9175026755.0,569.0,133020806.0,240204582.0,-107183776.0,136428419.0
Colombia,30,113724053.0,81854356.0,81791869.0,1085394.0,188690.0,2005,54899530.0,58905.0,748.0,4402.0,2715.0,170878.0,685.0,7893.0,107.0,81854356.0,9175026755.0,569.0,133020806.0,240204582.0,-107183776.0,102106681.0
Colombia,30,113724053.0,81854356.0,81791869.0,1085394.0,189898.0,2006,54899530.0,56033.0,732.0,4879.0,2097.0,171310.0,856.0,8553.0,129.0,81854356.0,9175026755.0,569.0,133020806.0,240204582.0,-107183776.0,101246399.0
Colombia,30,113724053.0,81854356.0,81791869.0,1085394.0,269028.0,2007,54899530.0,95557.0,952.0,2992.0,4060.0,248352.0,959.0,9876.0,261.0,81854356.0,9175026755.0,569.0,133020806.0,240204582.0,-107183776.0,147856574.0
Colombia,30,113724053.0,81854356.0,81791869.0,1085394.0,231748.0,2008,54899530.0,83586.0,1020.0,3848.0,3427.0,209169.0,911.0,11501.0,374.0,81854356.0,9175026755.0,569.0,133020806.0,240204582.0,-107183776.0,129398741.0
Colombia,30,113724053.0,81854356.0,81791869.0,1085394.0,237719.0,2009,54899530.0,65773.0,1191.0,4632.0,3820.0,215255.0,1215.0,9515.0,130.0,81854356.0,9175026755.0,569.0,133020806.0,240204582.0,-107183776.0,129013455.0
Colombia,30,113724053.0,81854356.0,81791869.0,1085394.0,196989.0,2010,54899530.0,68729.0,1132.0,4303.0,4066.0,173143.0,738.0,11341.0,205.0,81854356.0,9175026755.0,569.0,133020806.0,240204582.0,-107183776.0,112294347.0
Colombia,30,113724053.0,81854356.0,81791869.0,1085394.0,189801.0,2011,54899530.0,72571.0,1632.0,4686.0,3223.0,169858.0,757.0,7432.0,109.0,81854356.0,9175026755.0,569.0,133020806.0,240204582.0,-107183776.0,108520230.0
Colombia,30,113724053.0,81854356.0,81791869.0,1085394.0,227584.0,2012,54899530.0,69565.0,1811.0,6400.0,4865.0,199459.0,1182.0,9026.0,211.0,81854356.0,9175026755.0,569.0,133020806.0,240204582.0,-107183776.0,127857790.0
Colombia,30,113724053.0,81854356.0,81791869.0,1085394.0,138865.0,2013,54899530.0,57692.0,526.0,4037.0,2717.0,120450.0,365.0,9106.0,211.0,81854356.0,9175026755.0,569.0,133020806.0,240204582.0,-107183776.0,80070604.0
Colombia,30,113724053.0,81854356.0,81791869.0,1085394.0,202028.0,2014,54899530.0,80027.0,1834.0,5369.0,4737.0,176500.0,462.0,11480.0,312.0,81854356.0,9175026755.0,569.0,133020806.0,240204582.0,-107183776.0,114836400.0
Colombia,30,113724053.0,81854356.0,81791869.0,1085394.0,140922.0,2015,54899530.0,49639.0,1095.0,3251.0,4087.0,123834.0,229.0,7723.0,270.0,81854356.0,9175026755.0,569.0,133020806.0,240204582.0,-107183776.0,80672621.0
Colombia,30,113724053.0,81854356.0,81791869.0,1085394.0,290868.0,2016,54899530.0,108555.0,1114.0,6111.0,11175.0,235413.0,378.0,15232.0,20609.0,81854356.0,9175026755.0,569.0,133020806.0,240204582.0,-107183776.0,168668687.0
Colombia,30,113724053.0,81854356.0,81791869.0,1085394.0,424643.0,2017,54899530.0,161904.0,2491.0,7003.0,10361.0,381192.0,680.0,20016.0,2179.0,81854356.0,9175026755.0,569.0,133020806.0,240204582.0,-107183776.0,242785700.0
Colombia,30,113724053.0,81854356.0,81791869.0,1085394.0,352219.0,2018,54899530.0,176903.0,1345.0,4459.0,5234.0,324600.0,395.0,14111.0,1613.0,81854356.0,9175026755.0,569.0,133020806.0,240204582.0,-107183776.0,206571303.0
Colombia,30,113724053.0,81854356.0,81791869.0,1085394.0,268476.0,2019,54899530.0,115137.0,1188.0,5630.0,9148.0,233651.0,296.0,12988.0,5054.0,81854356.0,9175026755.0,569.0,133020806.0,240204582.0,-107183776.0,153890964.0
Colombia,30,113724053.0,81854356.0,81791869.0,1085394.0,324203.0,2020,54899530.0,166517.0,1103.0,8658.0,5405.0,287415.0,269.0,16932.0,3820.0,81854356.0,9175026755.0,569.0,133020806.0,240204582.0,-107183776.0,193430580.0
Colombia,30,113724053.0,81854356.0,81791869.0,1085394.0,265161.0,2021,54899530.0,128570.0,1113.0,4561.0,3606.0,241778.0,286.0,12598.0,629.0,81854356.0,9175026755.0,569.0,133020806.0,240204582.0,-107183776.0,162187002.0
Colombia,30,113724053.0,81854356.0,81791869.0,1085394.0,265730.0,2022,54899530.0,128435.0,1317.0,4671.0,3581.0,239176.0,248.0,14628.0,1620.0,81854356.0,9175026755.0,569.0,133020806.0,240204582.0,-107183776.0,164624886.0
Colombia,30,113724053.0,81854356.0,81791869.0,1085394.0,196634.0,2023,54899530.0,66121.0,3279.0,5436.0,4443.0,170225.0,320.0,11917.0,784.0,81854356.0,9175026755.0,569.0,133020806.0,240204582.0,-107183776.0,118911804.0
Colombia,30,113724053.0,81854356.0,81791869.0,1085394.0,213030.0,2024,54899530.0,98219.0,1290.0,6991.0,3295.0,189845.0,274.0,9575.0,1476.0,81854356.0,9175026755.0,569.0,133020806.0,240204582.0,-107183776.0,130591776.0
Costa Rica,30,5117777.0,3913126.0,3869858.0,57761.0,15483.0,2001,0.0,0.0,0.0,50.0,56.0,14793.0,276.0,211.0,12.0,3913126.0,363800861.0,533.0,6539913.0,17502053.0,-10962140.0,7410097.0
Costa Rica,30,5117777.0,3913126.0,3869858.0,57761.0,13300.0,2002,1489050.0,752.0,1.0,19.0,57.0,12279.0,693.0,167.0,2.0,3913126.0,363800861.0,533.0,6539913.0,17502053.0,-10962140.0,6535539.0
Costa Rica,30,5117777.0,3913126.0,3869858.0,57761.0,8278.0,2003,1489050.0,590.0,3.0,32.0,50.0,7823.0,114.0,189.0,6.0,3913126.0,363800861.0,533.0,6539913.0,17502053.0,-10962140.0,4367015.0
Costa Rica,30,5117777.0,3913126.0,3869858.0,57761.0,9767.0,2004,1489050.0,603.0,8.0,18.0,57.0,9055.0,298.0,223.0,7.0,3913126.0,363800861.0,533.0,6539913.0,17502053.0,-10962140.0,4670067.0
Costa Rica,30,5117777.0,3913126.0,3869858.0,57761.0,16534.0,2005,1489050.0,869.0,20.0,14.0,73.0,15688.0,383.0,226.0,7.0,3913126.0,363800861.0,533.0,6539913.0,17502053.0,-10962140.0,8041337.0
Costa Rica,30,5117777.0,3913126.0,3869858.0,57761.0,10058.0,2006,1489050.0,715.0,3.0,7.0,56.0,9355.0,382.0,188.0,1.0,3913126.0,363800861.0,533.0,6539913.0,17502053.0,-10962140.0,5343030.0
Costa Rica,30,5117777.0,3913126.0,3869858.0,57761.0,11464.0,2007,1489050.0,846.0,17.0,54.0,69.0,10726.0,245.0,274.0,9.0,3913126.0,363800861.0,533.0,6539913.0,17502053.0,-10962140.0,6071988.0
Costa Rica,30,5117777.0,3913126.0,3869858.0,57761.0,21891.0,2008,1489050.0,1314.0,10.0,125.0,208.0,20607.0,472.0,355.0,3.0,3913126.0,363800861.0,533.0,6539913.0,17502053.0,-10962140.0,11392305.0
Costa Rica,30,5117777.0,3913126.0,3869858.0,57761.0,22428.0,2009,1489050.0,1997.0,20.0,98.0,270.0,20792.0,597.0,495.0,7.0,3913126.0,363800861.0,533.0,6539913.0,17502053.0,-10962140.0,12282859.0
Costa Rica,30,5117777.0,3913126.0,3869858.0,57761.0,13178.0,2010,1489050.0,1105.0,7.0,38.0,135.0,12429.0,140.0,312.0,5.0,3913126.0,363800861.0,533.0,6539913.0,17502053.0,-10962140.0,7111752.0
Costa Rica,30,5117777.0,3913126.0,3869858.0,57761.0,10505.0,2011,1489050.0,995.0,1.0,29.0,117.0,9735.0,185.0,323.0,3.0,3913126.0,363800861.0,533.0,6539913.0,17502053.0,-10962140.0,5742388.0
Costa Rica,30,5117777.0,3913126.0,3869858.0,57761.0,10388.0,2012,1489050.0,758.0,0.0,31.0,81.0,9681.0,235.0,254.0,4.0,3913126.0,363800861.0,533.0,6539913.0,17502053.0,-10962140.0,5840990.0
Costa Rica,30,5117777.0,3913126.0,3869858.0,57761.0,7790.0,2013,1489050.0,760.0,5.0,29.0,75.0,7039.0,95.0,443.0,8.0,3913126.0,363800861.0,533.0,6539913.0,17502053.0,-10962140.0,4477779.0
Costa Rica,30,5117777.0,3913126.0,3869858.0,57761.0,10909.0,2014,1489050.0,955.0,7.0,10.0,112.0,10032.0,97.0,560.0,26.0,3913126.0,363800861.0,533.0,6539913.0,17502053.0,-10962140.0,6260519.0
Costa Rica,30,5117777.0,3913126.0,3869858.0,57761.0,3301.0,2015,1489050.0,220.0,0.0,2.0,32.0,3139.0,34.0,75.0,0.0,3913126.0,363800861.0,533.0,6539913.0,17502053.0,-10962140.0,1929837.0
Costa Rica,30,5117777.0,3913126.0,3869858.0,57761.0,13843.0,2016,1489050.0,1588.0,48.0,47.0,290.0,12500.0,105.0,441.0,387.0,3913126.0,363800861.0,533.0,6539913.0,17502053.0,-10962140.0,7824316.0
Costa Rica,30,5117777.0,3913126.0,3869858.0,57761.0,22051.0,2017,1489050.0,7665.0,2.0,211.0,1629.0,15905.0,108.0,1445.0,2709.0,3913126.0,363800861.0,533.0,6539913.0,17502053.0,-10962140.0,12047416.0
Costa Rica,30,5117777.0,3913126.0,3869858.0,57761.0,12334.0,2018,1489050.0,1709.0,7.0,22.0,280.0,11177.0,181.0,583.0,34.0,3913126.0,363800861.0,533.0,6539913.0,17502053.0,-10962140.0,7151823.0
Costa Rica,30,5117777.0,3913126.0,3869858.0,57761.0,11490.0,2019,1489050.0,1432.0,3.0,28.0,215.0,10354.0,85.0,548.0,231.0,3913126.0,363800861.0,533.0,6539913.0,17502053.0,-10962140.0,6701090.0
Costa Rica,30,5117777.0,3913126.0,3869858.0,57761.0,8248.0,2020,1489050.0,1278.0,2.0,29.0,114.0,7387.0,106.0,576.0,10.0,3913126.0,363800861.0,533.0,6539913.0,17502053.0,-10962140.0,5009544.0
Costa Rica,30,5117777.0,3913126.0,3869858.0,57761.0,7852.0,2021,1489050.0,1059.0,0.0,89.0,154.0,7007.0,114.0,455.0,1.0,3913126.0,363800861.0,533.0,6539913.0,17502053.0,-10962140.0,4857102.0
Costa Rica,30,5117777.0,3913126.0,3869858.0,57761.0,8562.0,2022,1489050.0,1156.0,2.0,68.0,112.0,7751.0,83.0,526.0,1.0,3913126.0,363800861.0,533.0,6539913.0,17502053.0,-10962140.0,5225591.0
Costa Rica,30,5117777.0,3913126.0,3869858.0,57761.0,9051.0,2023,1489050.0,1373.0,1.0,57.0,121.0,8089.0,115.0,654.0,1.0,3913126.0,363800861.0,533.0,6539913.0,17502053.0,-10962140.0,5617446.0
Costa Rica,30,5117777.0,3913126.0,3869858.0,57761.0,8300.0,2024,1489050.0,1361.0,1.0,14.0,225.0,7308.0,87.0,535.0,112.0,3913126.0,363800861.0,533.0,6539913.0,17502053.0,-10962140.0,5046081.0
Croatia,30,5707837.0,2431302.0,2348218.0,59572.0,3378.0,2001,0.0,0.0,3.0,2499.0,3.0,44.0,95.0,0.0,676.0,2431302.0,173445416.0,314.0,2212879.0,20956225.0,-18743348.0,1127779.0
Croatia,30,5707837.0,2431302.0,2348218.0,59572.0,2340.0,2002,0.0,0.0,25.0,1525.0,9.0,21.0,275.0,0.0,423.0,2431302.0,173445416.0,314.0,2212879.0,20956225.0,-18743348.0,810099.0
Croatia,30,5707837.0,2431302.0,2348218.0,59572.0,1739.0,2003,0.0,0.0,15.0,1152.0,2.0,9.0,185.0,0.0,344.0,2431302.0,173445416.0,314.0,2212879.0,20956225.0,-18743348.0,628512.0
Croatia,30,5707837.0,2431302.0,2348218.0,59572.0,6727.0,2004,0.0,0.0,23.0,4855.0,7.0,67.0,391.0,0.0,1251.0,2431302.0,173445416.0,314.0,2212879.0,20956225.0,-18743348.0,2416003.0
Croatia,30,5707837.0,2431302.0,2348218.0,59572.0,2747.0,2005,0.0,0.0,10.0,2428.0,4.0,57.0,147.0,0.0,40.0,2431302.0,173445416.0,314.0,2212879.0,20956225.0,-18743348.0,1152022.0
Croatia,30,5707837.0,2431302.0,2348218.0,59572.0,2204.0,2006,0.0,0.0,28.0,1777.0,1.0,46.0,213.0,0.0,88.0,2431302.0,173445416.0,314.0,2212879.0,20956225.0,-18743348.0,917305.0
Croatia,30,5707837.0,2431302.0,2348218.0,59572.0,3238.0,2007,0.0,0.0,37.0,2447.0,30.0,82.0,230.0,0.0,348.0,2431302.0,173445416.0,314.0,2212879.0,20956225.0,-18743348.0,1316889.0
Croatia,30,5707837.0,2431302.0,2348218.0,59572.0,3891.0,2008,0.0,0.0,57.0,2910.0,8.0,140.0,299.0,0.0,409.0,2431302.0,173445416.0,314.0,2212879.0,20956225.0,-18743348.0,1587478.0
Croatia,30,5707837.0,2431302.0,2348218.0,59572.0,2902.0,2009,0.0,0.0,41.0,2246.0,2.0,103.0,239.0,0.0,215.0,2431302.0,173445416.0,314.0,2212879.0,20956225.0,-18743348.0,1223839.0
Croatia,30,5707837.0,2431302.0,2348218.0,59572.0,3499.0,2010,0.0,0.0,19.0,3004.0,7.0,91.0,192.0,0.0,119.0,2431302.0,173445416.0,314.0,2212879.0,20956225.0,-18743348.0,1563173.0
Croatia,30,5707837.0,2431302.0,2348218.0,59572.0,2919.0,2011,0.0,0.0,15.0,2272.0,2.0,96.0,142.0,0.0,318.0,2431302.0,173445416.0,314.0,2212879.0,20956225.0,-18743348.0,1246924.0
Croatia,30,5707837.0,2431302.0,2348218.0,59572.0,5005.0,2012,0.0,0.0,31.0,4082.0,14.0,131.0,144.0,0.0,500.0,2431302.0,173445416.0,314.0,2212879.0,20956225.0,-18743348.0,2166232.0
Croatia,30,5707837.0,2431302.0,2348218.0,59572.0,2997.0,2013,0.0,0.0,24.0,2610.0,7.0,108.0,76.0,0.0,103.0,2431302.0,173445416.0,314.0,2212879.0,20956225.0,-18743348.0,1374088.0
Croatia,30,5707837.0,2431302.0,2348218.0,59572.0,4559.0,2014,0.0,0.0,26.0,4067.0,7.0,174.0,99.0,0.0,52.0,2431302.0,173445416.0,314.0,2212879.0,20956225.0,-18743348.0,2205496.0
Croatia,30,5707837.0,2431302.0,2348218.0,59572.0,2669.0,2015,0.0,0.0,5.0,1985.0,4.0,147.0,56.0,0.0,431.0,2431302.0,173445416.0,314.0,2212879.0,20956225.0,-18743348.0,1131959.0
Croatia,30,5707837.0,2431302.0,2348218.0,59572.0,5373.0,2016,0.0,0.0,21.0,4698.0,33.0,181.0,106.0,0.0,250.0,2431302.0,173445416.0,314.0,2212879.0,20956225.0,-18743348.0,2556669.0
Croatia,30,5707837.0,2431302.0,2348218.0,59572.0,5847.0,2017,0.0,0.0,11.0,4826.0,6.0,221.0,154.0,0.0,525.0,2431302.0,173445416.0,314.0,2212879.0,20956225.0,-18743348.0,2694850.0
Croatia,30,5707837.0,2431302.0,2348218.0,59572.0,8287.0,2018,0.0,0.0,57.0,7021.0,17.0,165.0,182.0,0.0,749.0,2431302.0,173445416.0,314.0,2212879.0,20956225.0,-18743348.0,4248875.0
Croatia,30,5707837.0,2431302.0,2348218.0,59572.0,5977.0,2019,0.0,0.0,38.0,5542.0,1.0,111.0,143.0,0.0,81.0,2431302.0,173445416.0,314.0,2212879.0,20956225.0,-18743348.0,3093828.0
Croatia,30,5707837.0,2431302.0,2348218.0,59572.0,6051.0,2020,0.0,0.0,55.0,5477.0,17.0,110.0,266.0,0.0,63.0,2431302.0,173445416.0,314.0,2212879.0,20956225.0,-18743348.0,3144795.0
Croatia,30,5707837.0,2431302.0,2348218.0,59572.0,5265.0,2021,0.0,0.0,35.0,4964.0,0.0,38.0,142.0,0.0,36.0,2431302.0,173445416.0,314.0,2212879.0,20956225.0,-18743348.0,2799194.0
Croatia,30,5707837.0,2431302.0,2348218.0,59572.0,7826.0,2022,0.0,0.0,32.0,7299.0,3.0,69.0,166.0,0.0,187.0,2431302.0,173445416.0,314.0,2212879.0,20956225.0,-18743348.0,4077629.0
Croatia,30,5707837.0,2431302.0,2348218.0,59572.0,10503.0,2023,0.0,0.0,76.0,9463.0,3.0,117.0,260.0,0.0,472.0,2431302.0,173445416.0,314.0,2212879.0,20956225.0,-18743348.0,5577188.0
Croatia,30,5707837.0,2431302.0,2348218.0,59572.0,7515.0,2024,0.0,0.0,56.0,6630.0,8.0,57.0,216.0,0.0,446.0,2431302.0,173445416.0,314.0,2212879.0,20956225.0,-18743348.0,4048248.0
Cuba,30,11073123.0,4014605.0,4239755.0,164351.0,18943.0,2001,0.0,0.0,111.0,982.0,1048.0,15521.0,45.0,520.0,417.0,4014605.0,214374549.0,266.0,7205076.0,29190672.0,-21985597.0,5898425.0
Cuba,30,11073123.0,4014605.0,4239755.0,164351.0,15035.0,2002,440562.0,2957.0,40.0,532.0,1098.0,6621.0,90.0,391.0,6072.0,4014605.0,214374549.0,266.0,7205076.0,29190672.0,-21985597.0,3522629.0
Cuba,30,11073123.0,4014605.0,4239755.0,164351.0,6557.0,2003,440562.0,201.0,40.0,482.0,639.0,4565.0,76.0,325.0,304.0,4014605.0,214374549.0,266.0,7205076.0,29190672.0,-21985597.0,2226439.0
Cuba,30,11073123.0,4014605.0,4239755.0,164351.0,21974.0,2004,440562.0,651.0,55.0,887.0,2065.0,16802.0,89.0,503.0,1193.0,4014605.0,214374549.0,266.0,7205076.0,29190672.0,-21985597.0,6626804.0
Cuba,30,11073123.0,4014605.0,4239755.0,164351.0,12834.0,2005,440562.0,1023.0,142.0,863.0,1888.0,7590.0,106.0,528.0,1527.0,4014605.0,214374549.0,266.0,7205076.0,29190672.0,-21985597.0,4287251.0
Cuba,30,11073123.0,4014605.0,4239755.0,164351.0,12305.0,2006,440562.0,467.0,74.0,850.0,2128.0,6661.0,83.0,527.0,1820.0,4014605.0,214374549.0,266.0,7205076.0,29190672.0,-21985597.0,4223430.0
Cuba,30,11073123.0,4014605.0,4239755.0,164351.0,7874.0,2007,440562.0,464.0,78.0,800.0,1013.0,4208.0,82.0,305.0,1296.0,4014605.0,214374549.0,266.0,7205076.0,29190672.0,-21985597.0,2516056.0
Cuba,30,11073123.0,4014605.0,4239755.0,164351.0,17083.0,2008,440562.0,1204.0,363.0,1046.0,2440.0,11200.0,164.0,1210.0,400.0,4014605.0,214374549.0,266.0,7205076.0,29190672.0,-21985597.0,6854510.0
Cuba,30,11073123.0,4014605.0,4239755.0,164351.0,16260.0,2009,440562.0,758.0,146.0,633.0,1801.0,11162.0,149.0,657.0,1469.0,4014605.0,214374549.0,266.0,7205076.0,29190672.0,-21985597.0,5702385.0
Cuba,30,11073123.0,4014605.0,4239755.0,164351.0,8607.0,2010,440562.0,125.0,156.0,527.0,900.0,5883.0,66.0,458.0,488.0,4014605.0,214374549.0,266.0,7205076.0,29190672.0,-21985597.0,3257043.0
Cuba,30,11073123.0,4014605.0,4239755.0,164351.0,16313.0,2011,440562.0,310.0,198.0,437.0,1385.0,12293.0,91.0,384.0,1269.0,4014605.0,214374549.0,266.0,7205076.0,29190672.0,-21985597.0,5810424.0
Cuba,30,11073123.0,4014605.0,4239755.0,164351.0,10346.0,2012,440562.0,244.0,204.0,669.0,962.0,6916.0,103.0,680.0,560.0,4014605.0,214374549.0,266.0,7205076.0,29190672.0,-21985597.0,4226681.0
Cuba,30,11073123.0,4014605.0,4239755.0,164351.0,6071.0,2013,440562.0,68.0,90.0,426.0,318.0,4461.0,77.0,221.0,346.0,4014605.0,214374549.0,266.0,7205076.0,29190672.0,-21985597.0,2225262.0
Cuba,30,11073123.0,4014605.0,4239755.0,164351.0,5861.0,2014,440562.0,59.0,139.0,413.0,296.0,4400.0,42.0,177.0,304.0,4014605.0,214374549.0,266.0,7205076.0,29190672.0,-21985597.0,2155097.0
Cuba,30,11073123.0,4014605.0,4239755.0,164351.0,6726.0,2015,440562.0,155.0,75.0,379.0,437.0,4823.0,51.0,171.0,737.0,4014605.0,214374549.0,266.0,7205076.0,29190672.0,-21985597.0,2455102.0
Cuba,30,11073123.0,4014605.0,4239755.0,164351.0,74053.0,2016,440562.0,302.0,287.0,587.0,46796.0,14594.0,163.0,10744.0,807.0,4014605.0,214374549.0,266.0,7205076.0,29190672.0,-21985597.0,38737787.0
Cuba,30,11073123.0,4014605.0,4239755.0,164351.0,76813.0,2017,440562.0,28907.0,315.0,1107.0,32485.0,13903.0,188.0,1615.0,27049.0,4014605.0,214374549.0,266.0,7205076.0,29190672.0,-21985597.0,39111791.0
Cuba,30,11073123.0,4014605.0,4239755.0,164351.0,14956.0,2018,440562.0,2551.0,239.0,689.0,4219.0,6134.0,155.0,499.0,2946.0,4014605.0,214374549.0,266.0,7205076.0,29190672.0,-21985597.0,6517246.0
Cuba,30,11073123.0,4014605.0,4239755.0,164351.0,7465.0,2019,440562.0,89.0,204.0,474.0,407.0,5502.0,54.0,366.0,423.0,4014605.0,214374549.0,266.0,7205076.0,29190672.0,-21985597.0,3040992.0
Cuba,30,11073123.0,4014605.0,4239755.0,164351.0,12619.0,2020,440562.0,305.0,210.0,453.0,720.0,7434.0,57.0,757.0,2936.0,4014605.0,214374549.0,266.0,7205076.0,29190672.0,-21985597.0,5006596.0
Cuba,30,11073123.0,4014605.0,4239755.0,164351.0,9722.0,2021,440562.0,349.0,139.0,437.0,806.0,5560.0,61.0,569.0,2095.0,4014605.0,214374549.0,266.0,7205076.0,29190672.0,-21985597.0,4329398.0
Cuba,30,11073123.0,4014605.0,4239755.0,164351.0,4889.0,2022,440562.0,271.0,122.0,366.0,543.0,2704.0,63.0,307.0,756.0,4014605.0,214374549.0,266.0,7205076.0,29190672.0,-21985597.0,2298270.0
Cuba,30,11073123.0,4014605.0,4239755.0,164351.0,18796.0,2023,440562.0,692.0,270.0,630.0,1360.0,7371.0,35.0,1228.0,7868.0,4014605.0,214374549.0,266.0,7205076.0,29190672.0,-21985597.0,7484536.0
Cuba,30,11073123.0,4014605.0,4239755.0,164351.0,10086.0,2024,440562.0,1646.0,147.0,324.0,1468.0,3936.0,18.0,687.0,3472.0,4014605.0,214374549.0,266.0,7205076.0,29190672.0,-21985597.0,4407663.0
Czechia,30,7883738.0,3080969.0,3226354.0,77297.0,3452.0,2001,0.0,0.0,21.0,3337.0,0.0,15.0,17.0,0.0,0.0,3080969.0,239110645.0,302.0,12993635.0,19599290.0,-6605654.0,1315385.0
Czechia,30,7883738.0,3080969.0,3226354.0,77297.0,6762.0,2002,0.0,0.0,40.0,6558.0,0.0,25.0,45.0,0.0,0.0,3080969.0,239110645.0,302.0,12993635.0,19599290.0,-6605654.0,2740436.0
Czechia,30,7883738.0,3080969.0,3226354.0,77297.0,3926.0,2003,0.0,0.0,28.0,3843.0,0.0,3.0,22.0,0.0,0.0,3080969.0,239110645.0,302.0,12993635.0,19599290.0,-6605654.0,1659788.0
Czechia,30,7883738.0,3080969.0,3226354.0,77297.0,13460.0,2004,0.0,0.0,47.0,13170.0,7.0,19.0,112.0,0.0,0.0,3080969.0,239110645.0,302.0,12993635.0,19599290.0,-6605654.0,5599342.0
Czechia,30,7883738.0,3080969.0,3226354.0,77297.0,25558.0,2005,0.0,0.0,71.0,25132.0,9.0,26.0,145.0,0.0,0.0,3080969.0,239110645.0,302.0,12993635.0,19599290.0,-6605654.0,11151867.0
Czechia,30,7883738.0,3080969.0,3226354.0,77297.0,8616.0,2006,0.0,0.0,55.0,8421.0,4.0,12.0,72.0,0.0,0.0,3080969.0,239110645.0,302.0,12993635.0,19599290.0,-6605654.0,3806334.0
Czechia,30,7883738.0,3080969.0,3226354.0,77297.0,21325.0,2007,0.0,0.0,71.0,21024.0,6.0,26.0,91.0,0.0,0.0,3080969.0,239110645.0,302.0,12993635.0,19599290.0,-6605654.0,9849320.0
Czechia,30,7883738.0,3080969.0,3226354.0,77297.0,16874.0,2008,0.0,0.0,69.0,16551.0,16.0,19.0,127.0,0.0,0.0,3080969.0,239110645.0,302.0,12993635.0,19599290.0,-6605654.0,7796972.0
Czechia,30,7883738.0,3080969.0,3226354.0,77297.0,13515.0,2009,0.0,0.0,75.0,13197.0,10.0,21.0,133.0,0.0,0.0,3080969.0,239110645.0,302.0,12993635.0,19599290.0,-6605654.0,6428211.0
Czechia,30,7883738.0,3080969.0,3226354.0,77297.0,15439.0,2010,0.0,0.0,77.0,15072.0,19.0,16.0,147.0,0.0,0.0,3080969.0,239110645.0,302.0,12993635.0,19599290.0,-6605654.0,7418286.0
Czechia,30,7883738.0,3080969.0,3226354.0,77297.0,21856.0,2011,0.0,0.0,124.0,21488.0,22.0,19.0,92.0,0.0,0.0,3080969.0,239110645.0,302.0,12993635.0,19599290.0,-6605654.0,10383989.0
Czechia,30,7883738.0,3080969.0,3226354.0,77297.0,14007.0,2012,0.0,0.0,81.0,13730.0,12.0,19.0,68.0,0.0,0.0,3080969.0,239110645.0,302.0,12993635.0,19599290.0,-6605654.0,6876790.0
Czechia,30,7883738.0,3080969.0,3226354.0,77297.0,7659.0,2013,0.0,0.0,36.0,7547.0,1.0,6.0,33.0,0.0,0.0,3080969.0,239110645.0,302.0,12993635.0,19599290.0,-6605654.0,3636287.0
Czechia,30,7883738.0,3080969.0,3226354.0,77297.0,13943.0,2014,0.0,0.0,48.0,13761.0,8.0,10.0,49.0,0.0,0.0,3080969.0,239110645.0,302.0,12993635.0,19599290.0,-6605654.0,6808779.0
Czechia,30,7883738.0,3080969.0,3226354.0,77297.0,8048.0,2015,0.0,0.0,45.0,7915.0,5.0,4.0,37.0,0.0,0.0,3080969.0,239110645.0,302.0,12993635.0,19599290.0,-6605654.0,4064735.0
Czechia,30,7883738.0,3080969.0,3226354.0,77297.0,22814.0,2016,0.0,0.0,61.0,22528.0,54.0,25.0,76.0,0.0,0.0,3080969.0,239110645.0,302.0,12993635.0,19599290.0,-6605654.0,12098179.0
Czechia,30,7883738.0,3080969.0,3226354.0,77297.0,26519.0,2017,0.0,0.0,82.0,26255.0,1.0,23.0,86.0,0.0,0.0,3080969.0,239110645.0,302.0,12993635.0,19599290.0,-6605654.0,14424317.0
Czechia,30,7883738.0,3080969.0,3226354.0,77297.0,39194.0,2018,0.0,0.0,60.0,38938.0,15.0,34.0,98.0,0.0,0.0,3080969.0,239110645.0,302.0,12993635.0,19599290.0,-6605654.0,21678436.0
Czechia,30,7883738.0,3080969.0,3226354.0,77297.0,73288.0,2019,0.0,0.0,67.0,72653.0,306.0,12.0,127.0,0.0,45.0,3080969.0,239110645.0,302.0,12993635.0,19599290.0,-6605654.0,40245427.0
Czechia,30,7883738.0,3080969.0,3226354.0,77297.0,100267.0,2020,0.0,0.0,55.0,98973.0,955.0,12.0,117.0,0.0,64.0,3080969.0,239110645.0,302.0,12993635.0,19599290.0,-6605654.0,56532062.0
Czechia,30,7883738.0,3080969.0,3226354.0,77297.0,56299.0,2021,0.0,0.0,63.0,54901.0,1156.0,7.0,94.0,0.0,22.0,3080969.0,239110645.0,302.0,12993635.0,19599290.0,-6605654.0,31955606.0
Czechia,30,7883738.0,3080969.0,3226354.0,77297.0,34761.0,2022,0.0,0.0,41.0,34509.0,92.0,9.0,60.0,0.0,12.0,3080969.0,239110645.0,302.0,12993635.0,19599290.0,-6605654.0,20038254.0
Czechia,30,7883738.0,3080969.0,3226354.0,77297.0,24394.0,2023,0.0,0.0,54.0,24136.0,7.0,7.0,72.0,0.0,82.0,3080969.0,239110645.0,302.0,12993635.0,19599290.0,-6605654.0,14023854.0
Czechia,30,7883738.0,3080969.0,3226354.0,77297.0,19587.0,2024,0.0,0.0,46.0,19429.0,0.0,1.0,76.0,0.0,1.0,3080969.0,239110645.0,302.0,12993635.0,19599290.0,-6605654.0,11314595.0
Côte D'Ivoire,30,32154318.0,14866948.0,13945081.0,881454.0,122694.0,2001,0.0,0.0,155.0,47.0,39.0,118746.0,2352.0,1302.0,0.0,14866948.0,885133876.0,393.0,88557697.0,113021232.0,-24463535.0,48808596.0
Côte D'Ivoire,30,32154318.0,14866948.0,13945081.0,881454.0,144565.0,2002,1364751.0,24188.0,158.0,101.0,64.0,140072.0,2257.0,1822.0,0.0,14866948.0,885133876.0,393.0,88557697.0,113021232.0,-24463535.0,57949886.0
Côte D'Ivoire,30,32154318.0,14866948.0,13945081.0,881454.0,86299.0,2003,1364751.0,16575.0,266.0,38.0,37.0,83394.0,1439.0,1050.0,0.0,14866948.0,885133876.0,393.0,88557697.0,113021232.0,-24463535.0,34603541.0
Côte D'Ivoire,30,32154318.0,14866948.0,13945081.0,881454.0,48054.0,2004,1364751.0,11229.0,44.0,17.0,113.0,46344.0,538.0,955.0,0.0,14866948.0,885133876.0,393.0,88557697.0,113021232.0,-24463535.0,19249552.0
Côte D'Ivoire,30,32154318.0,14866948.0,13945081.0,881454.0,65336.0,2005,1364751.0,6010.0,83.0,30.0,34.0,62400.0,1331.0,1421.0,0.0,14866948.0,885133876.0,393.0,88557697.0,113021232.0,-24463535.0,25249586.0
Côte D'Ivoire,30,32154318.0,14866948.0,13945081.0,881454.0,97776.0,2006,1364751.0,16773.0,266.0,47.0,71.0,94366.0,1455.0,1536.0,0.0,14866948.0,885133876.0,393.0,88557697.0,113021232.0,-24463535.0,41459127.0
Côte D'Ivoire,30,32154318.0,14866948.0,13945081.0,881454.0,90876.0,2007,1364751.0,17325.0,204.0,79.0,42.0,87626.0,1478.0,1404.0,0.0,14866948.0,885133876.0,393.0,88557697.0,113021232.0,-24463535.0,38525802.0
Côte D'Ivoire,30,32154318.0,14866948.0,13945081.0,881454.0,127583.0,2008,1364751.0,12553.0,413.0,51.0,99.0,120993.0,2892.0,3072.0,0.0,14866948.0,885133876.0,393.0,88557697.0,113021232.0,-24463535.0,56759965.0
Côte D'Ivoire,30,32154318.0,14866948.0,13945081.0,881454.0,108886.0,2009,1364751.0,14684.0,245.0,37.0,66.0,104950.0,2373.0,1173.0,0.0,14866948.0,885133876.0,393.0,88557697.0,113021232.0,-24463535.0,52563735.0
Côte D'Ivoire,30,32154318.0,14866948.0,13945081.0,881454.0,92519.0,2010,1364751.0,17377.0,270.0,101.0,65.0,88946.0,1679.0,1397.0,0.0,14866948.0,885133876.0,393.0,88557697.0,113021232.0,-24463535.0,44109403.0
Côte D'Ivoire,30,32154318.0,14866948.0,13945081.0,881454.0,124737.0,2011,1364751.0,29760.0,181.0,33.0,57.0,120230.0,2477.0,1714.0,0.0,14866948.0,885133876.0,393.0,88557697.0,113021232.0,-24463535.0,60388709.0
Côte D'Ivoire,30,32154318.0,14866948.0,13945081.0,881454.0,96138.0,2012,1364751.0,23108.0,247.0,42.0,75.0,92265.0,1710.0,1769.0,0.0,14866948.0,885133876.0,393.0,88557697.0,113021232.0,-24463535.0,48164713.0
Côte D'Ivoire,30,32154318.0,14866948.0,13945081.0,881454.0,175824.0,2013,1364751.0,18874.0,446.0,154.0,43.0,168235.0,2207.0,4682.0,0.0,14866948.0,885133876.0,393.0,88557697.0,113021232.0,-24463535.0,88629029.0
Côte D'Ivoire,30,32154318.0,14866948.0,13945081.0,881454.0,346901.0,2014,1364751.0,36145.0,770.0,281.0,113.0,333199.0,4362.0,8068.0,0.0,14866948.0,885133876.0,393.0,88557697.0,113021232.0,-24463535.0,180970856.0
Côte D'Ivoire,30,32154318.0,14866948.0,13945081.0,881454.0,152453.0,2015,1364751.0,15595.0,502.0,123.0,45.0,143647.0,2088.0,6024.0,0.0,14866948.0,885133876.0,393.0,88557697.0,113021232.0,-24463535.0,80526562.0
Côte D'Ivoire,30,32154318.0,14866948.0,13945081.0,881454.0,221125.0,2016,1364751.0,16913.0,597.0,270.0,55.0,207225.0,3505.0,9436.0,0.0,14866948.0,885133876.0,393.0,88557697.0,113021232.0,-24463535.0,118957273.0
Côte D'Ivoire,30,32154318.0,14866948.0,13945081.0,881454.0,357308.0,2017,1364751.0,20423.0,914.0,764.0,84.0,335045.0,5196.0,15265.0,0.0,14866948.0,885133876.0,393.0,88557697.0,113021232.0,-24463535.0,196979391.0
Côte D'Ivoire,30,32154318.0,14866948.0,13945081.0,881454.0,324680.0,2018,1364751.0,25673.0,1255.0,689.0,97.0,306286.0,4321.0,12003.0,6.0,14866948.0,885133876.0,393.0,88557697.0,113021232.0,-24463535.0,183512419.0
Côte D'Ivoire,30,32154318.0,14866948.0,13945081.0,881454.0,242202.0,2019,1364751.0,11651.0,1528.0,141.0,50.0,227400.0,3496.0,9569.0,0.0,14866948.0,885133876.0,393.0,88557697.0,113021232.0,-24463535.0,139766169.0
Côte D'Ivoire,30,32154318.0,14866948.0,13945081.0,881454.0,248549.0,2020,1364751.0,12960.0,1000.0,176.0,74.0,234663.0,3362.0,9238.0,12.0,14866948.0,885133876.0,393.0,88557697.0,113021232.0,-24463535.0,148785174.0
Côte D'Ivoire,30,32154318.0,14866948.0,13945081.0,881454.0,183273.0,2021,1364751.0,6616.0,728.0,173.0,108.0,172214.0,2977.0,7050.0,3.0,14866948.0,885133876.0,393.0,88557697.0,113021232.0,-24463535.0,114081428.0
Côte D'Ivoire,30,32154318.0,14866948.0,13945081.0,881454.0,172479.0,2022,1364751.0,8585.0,868.0,91.0,66.0,162859.0,2373.0,6208.0,0.0,14866948.0,885133876.0,393.0,88557697.0,113021232.0,-24463535.0,111228381.0
Côte D'Ivoire,30,32154318.0,14866948.0,13945081.0,881454.0,190298.0,2023,1364751.0,6864.0,965.0,121.0,40.0,180446.0,2228.0,6492.0,0.0,14866948.0,885133876.0,393.0,88557697.0,113021232.0,-24463535.0,124529626.0
Côte D'Ivoire,30,32154318.0,14866948.0,13945081.0,881454.0,165120.0,2024,1364751.0,7625.0,552.0,222.0,55.0,155870.0,1938.0,6467.0,1.0,14866948.0,885133876.0,393.0,88557697.0,113021232.0,-24463535.0,109585785.0
Democratic Republic Of The Congo,30,232886907.0,199272120.0,198437483.0,1592149.0,455532.0,2001,0.0,0.0,315.0,2407.0,1488.0,75481.0,2025.0,368887.0,1025.0,199272120.0,20212512049.0,583.0,561499003.0,812875804.0,-251376799.0,270759203.0
Democratic Republic Of The Congo,30,232886907.0,199272120.0,198437483.0,1592149.0,514458.0,2002,104595509.0,168992.0,658.0,2277.0,2794.0,89331.0,2467.0,411599.0,1171.0,199272120.0,20212512049.0,583.0,561499003.0,812875804.0,-251376799.0,296456004.0
Democratic Republic Of The Congo,30,232886907.0,199272120.0,198437483.0,1592149.0,274613.0,2003,104595509.0,78138.0,503.0,1553.0,1849.0,73769.0,1787.0,191247.0,573.0,199272120.0,20212512049.0,583.0,561499003.0,812875804.0,-251376799.0,150938033.0
Democratic Republic Of The Congo,30,232886907.0,199272120.0,198437483.0,1592149.0,400045.0,2004,104595509.0,123521.0,298.0,1900.0,1916.0,72281.0,2732.0,316521.0,1648.0,199272120.0,20212512049.0,583.0,561499003.0,812875804.0,-251376799.0,231913746.0
Democratic Republic Of The Congo,30,232886907.0,199272120.0,198437483.0,1592149.0,485236.0,2005,104595509.0,149894.0,561.0,2218.0,2866.0,88597.0,3916.0,382846.0,1088.0,199272120.0,20212512049.0,583.0,561499003.0,812875804.0,-251376799.0,286937096.0
Democratic Republic Of The Congo,30,232886907.0,199272120.0,198437483.0,1592149.0,453201.0,2006,104595509.0,146457.0,362.0,2038.0,2233.0,82623.0,2825.0,359962.0,809.0,199272120.0,20212512049.0,583.0,561499003.0,812875804.0,-251376799.0,273542135.0
Democratic Republic Of The Congo,30,232886907.0,199272120.0,198437483.0,1592149.0,462775.0,2007,104595509.0,154990.0,1046.0,2354.0,2493.0,95648.0,4204.0,352124.0,1856.0,199272120.0,20212512049.0,583.0,561499003.0,812875804.0,-251376799.0,276990330.0
Democratic Republic Of The Congo,30,232886907.0,199272120.0,198437483.0,1592149.0,404912.0,2008,104595509.0,121474.0,765.0,1474.0,1878.0,70511.0,3558.0,323815.0,720.0,199272120.0,20212512049.0,583.0,561499003.0,812875804.0,-251376799.0,239932532.0
Democratic Republic Of The Congo,30,232886907.0,199272120.0,198437483.0,1592149.0,635435.0,2009,104595509.0,218277.0,2018.0,2799.0,2331.0,128320.0,5551.0,489612.0,1066.0,199272120.0,20212512049.0,583.0,561499003.0,812875804.0,-251376799.0,391730437.0
Democratic Republic Of The Congo,30,232886907.0,199272120.0,198437483.0,1592149.0,811875.0,2010,104595509.0,265180.0,869.0,3772.0,5083.0,154806.0,5972.0,633602.0,2259.0,199272120.0,20212512049.0,583.0,561499003.0,812875804.0,-251376799.0,489287867.0
Democratic Republic Of The Congo,30,232886907.0,199272120.0,198437483.0,1592149.0,429465.0,2011,104595509.0,148639.0,1588.0,2089.0,3922.0,106280.0,3424.0,305866.0,2758.0,199272120.0,20212512049.0,583.0,561499003.0,812875804.0,-251376799.0,258809092.0
Democratic Republic Of The Congo,30,232886907.0,199272120.0,198437483.0,1592149.0,632081.0,2012,104595509.0,211233.0,2487.0,3734.0,3096.0,158850.0,4286.0,451716.0,2872.0,199272120.0,20212512049.0,583.0,561499003.0,812875804.0,-251376799.0,382546097.0
Democratic Republic Of The Congo,30,232886907.0,199272120.0,198437483.0,1592149.0,920749.0,2013,104595509.0,351217.0,1800.0,7863.0,2866.0,110509.0,4054.0,781044.0,7263.0,199272120.0,20212512049.0,583.0,561499003.0,812875804.0,-251376799.0,593979607.0
Democratic Republic Of The Congo,30,232886907.0,199272120.0,198437483.0,1592149.0,1338362.0,2014,104595509.0,439347.0,2554.0,11096.0,4058.0,174097.0,5695.0,1128381.0,4435.0,199272120.0,20212512049.0,583.0,561499003.0,812875804.0,-251376799.0,837306830.0
Democratic Republic Of The Congo,30,232886907.0,199272120.0,198437483.0,1592149.0,928502.0,2015,104595509.0,322814.0,2473.0,7593.0,2371.0,111882.0,2510.0,796021.0,3472.0,199272120.0,20212512049.0,583.0,561499003.0,812875804.0,-251376799.0,597015753.0
Democratic Republic Of The Congo,30,232886907.0,199272120.0,198437483.0,1592149.0,1381503.0,2016,104595509.0,499562.0,2483.0,9488.0,2904.0,154603.0,4297.0,1180488.0,25375.0,199272120.0,20212512049.0,583.0,561499003.0,812875804.0,-251376799.0,903149589.0
Democratic Republic Of The Congo,30,232886907.0,199272120.0,198437483.0,1592149.0,1468187.0,2017,104595509.0,471868.0,2775.0,12932.0,4206.0,180988.0,4635.0,1251642.0,8641.0,199272120.0,20212512049.0,583.0,561499003.0,812875804.0,-251376799.0,950404008.0
Democratic Republic Of The Congo,30,232886907.0,199272120.0,198437483.0,1592149.0,1373826.0,2018,104595509.0,481248.0,4353.0,12378.0,3219.0,169888.0,3529.0,1165075.0,13863.0,199272120.0,20212512049.0,583.0,561499003.0,812875804.0,-251376799.0,896668810.0
Democratic Republic Of The Congo,30,232886907.0,199272120.0,198437483.0,1592149.0,1220241.0,2019,104595509.0,475245.0,3899.0,12941.0,3050.0,145368.0,2523.0,1044377.0,6799.0,199272120.0,20212512049.0,583.0,561499003.0,812875804.0,-251376799.0,818547754.0
Democratic Republic Of The Congo,30,232886907.0,199272120.0,198437483.0,1592149.0,1310238.0,2020,104595509.0,490613.0,4237.0,15116.0,3549.0,181309.0,3168.0,1079248.0,21720.0,199272120.0,20212512049.0,583.0,561499003.0,812875804.0,-251376799.0,862753803.0
Democratic Republic Of The Congo,30,232886907.0,199272120.0,198437483.0,1592149.0,1248060.0,2021,104595509.0,499059.0,5037.0,16589.0,3084.0,173906.0,3112.0,1025023.0,19704.0,199272120.0,20212512049.0,583.0,561499003.0,812875804.0,-251376799.0,828353838.0
Democratic Republic Of The Congo,30,232886907.0,199272120.0,198437483.0,1592149.0,1220222.0,2022,104595509.0,512676.0,8581.0,17452.0,3017.0,154761.0,2971.0,1017132.0,14707.0,199272120.0,20212512049.0,583.0,561499003.0,812875804.0,-251376799.0,827198567.0
Democratic Republic Of The Congo,30,232886907.0,199272120.0,198437483.0,1592149.0,1325020.0,2023,104595509.0,526168.0,8627.0,19294.0,2475.0,185502.0,2646.0,1092984.0,12323.0,199272120.0,20212512049.0,583.0,561499003.0,812875804.0,-251376799.0,889801829.0
Democratic Republic Of The Congo,30,232886907.0,199272120.0,198437483.0,1592149.0,1377808.0,2024,104595509.0,589811.0,8063.0,22654.0,6709.0,191480.0,3294.0,1078649.0,64821.0,199272120.0,20212512049.0,583.0,561499003.0,812875804.0,-251376799.0,920953137.0
Denmark,30,4314474.0,663204.0,720291.0,95181.0,4329.0,2001,0.0,0.0,8.0,3675.0,121.0,227.0,63.0,0.0,10.0,663204.0,28683112.0,206.0,1437599.0,5410570.0,-3972971.0,1063654.0
Denmark,30,4314474.0,663204.0,720291.0,95181.0,1204.0,2002,0.0,0.0,1.0,1110.0,3.0,39.0,13.0,0.0,0.0,663204.0,28683112.0,206.0,1437599.0,5410570.0,-3972971.0,296511.0
Denmark,30,4314474.0,663204.0,720291.0,95181.0,1580.0,2003,0.0,0.0,10.0,1434.0,19.0,46.0,19.0,0.0,20.0,663204.0,28683112.0,206.0,1437599.0,5410570.0,-3972971.0,393809.0
Denmark,30,4314474.0,663204.0,720291.0,95181.0,2414.0,2004,0.0,0.0,10.0,2202.0,18.0,41.0,55.0,0.0,33.0,663204.0,28683112.0,206.0,1437599.0,5410570.0,-3972971.0,639287.0
Denmark,30,4314474.0,663204.0,720291.0,95181.0,9048.0,2005,0.0,0.0,35.0,8669.0,5.0,118.0,124.0,0.0,22.0,663204.0,28683112.0,206.0,1437599.0,5410570.0,-3972971.0,2508405.0
Denmark,30,4314474.0,663204.0,720291.0,95181.0,5213.0,2006,0.0,0.0,6.0,4971.0,8.0,87.0,67.0,0.0,4.0,663204.0,28683112.0,206.0,1437599.0,5410570.0,-3972971.0,1489268.0
Denmark,30,4314474.0,663204.0,720291.0,95181.0,4380.0,2007,0.0,0.0,10.0,4179.0,12.0,77.0,54.0,0.0,15.0,663204.0,28683112.0,206.0,1437599.0,5410570.0,-3972971.0,1291464.0
Denmark,30,4314474.0,663204.0,720291.0,95181.0,6060.0,2008,0.0,0.0,22.0,5694.0,5.0,130.0,123.0,0.0,16.0,663204.0,28683112.0,206.0,1437599.0,5410570.0,-3972971.0,1841569.0
Denmark,30,4314474.0,663204.0,720291.0,95181.0,6646.0,2009,0.0,0.0,26.0,6176.0,40.0,212.0,70.0,0.0,35.0,663204.0,28683112.0,206.0,1437599.0,5410570.0,-3972971.0,2063754.0
Denmark,30,4314474.0,663204.0,720291.0,95181.0,4428.0,2010,0.0,0.0,3.0,4172.0,7.0,124.0,43.0,0.0,4.0,663204.0,28683112.0,206.0,1437599.0,5410570.0,-3972971.0,1422682.0
Denmark,30,4314474.0,663204.0,720291.0,95181.0,3133.0,2011,0.0,0.0,5.0,2996.0,4.0,46.0,25.0,0.0,7.0,663204.0,28683112.0,206.0,1437599.0,5410570.0,-3972971.0,1027472.0
Denmark,30,4314474.0,663204.0,720291.0,95181.0,4452.0,2012,0.0,0.0,18.0,4183.0,11.0,80.0,76.0,0.0,1.0,663204.0,28683112.0,206.0,1437599.0,5410570.0,-3972971.0,1505580.0
Denmark,30,4314474.0,663204.0,720291.0,95181.0,2016.0,2013,0.0,0.0,3.0,1924.0,1.0,30.0,34.0,0.0,0.0,663204.0,28683112.0,206.0,1437599.0,5410570.0,-3972971.0,668878.0
Denmark,30,4314474.0,663204.0,720291.0,95181.0,5320.0,2014,0.0,0.0,9.0,5126.0,2.0,90.0,33.0,0.0,2.0,663204.0,28683112.0,206.0,1437599.0,5410570.0,-3972971.0,1819472.0
Denmark,30,4314474.0,663204.0,720291.0,95181.0,2582.0,2015,0.0,0.0,5.0,2441.0,2.0,56.0,37.0,0.0,1.0,663204.0,28683112.0,206.0,1437599.0,5410570.0,-3972971.0,898588.0
Denmark,30,4314474.0,663204.0,720291.0,95181.0,4657.0,2016,0.0,0.0,15.0,4450.0,3.0,94.0,36.0,0.0,16.0,663204.0,28683112.0,206.0,1437599.0,5410570.0,-3972971.0,1626098.0
Denmark,30,4314474.0,663204.0,720291.0,95181.0,4360.0,2017,0.0,0.0,14.0,4148.0,4.0,90.0,35.0,0.0,9.0,663204.0,28683112.0,206.0,1437599.0,5410570.0,-3972971.0,1548794.0
Denmark,30,4314474.0,663204.0,720291.0,95181.0,3162.0,2018,0.0,0.0,12.0,2998.0,0.0,57.0,42.0,0.0,31.0,663204.0,28683112.0,206.0,1437599.0,5410570.0,-3972971.0,1144397.0
Denmark,30,4314474.0,663204.0,720291.0,95181.0,9180.0,2019,0.0,0.0,24.0,8895.0,10.0,78.0,102.0,0.0,0.0,663204.0,28683112.0,206.0,1437599.0,5410570.0,-3972971.0,3353305.0
Denmark,30,4314474.0,663204.0,720291.0,95181.0,3193.0,2020,0.0,0.0,16.0,3058.0,0.0,45.0,44.0,0.0,1.0,663204.0,28683112.0,206.0,1437599.0,5410570.0,-3972971.0,1218757.0
Denmark,30,4314474.0,663204.0,720291.0,95181.0,4794.0,2021,0.0,0.0,9.0,4593.0,4.0,46.0,73.0,0.0,23.0,663204.0,28683112.0,206.0,1437599.0,5410570.0,-3972971.0,1965760.0
Denmark,30,4314474.0,663204.0,720291.0,95181.0,3366.0,2022,0.0,0.0,6.0,3264.0,0.0,29.0,31.0,0.0,12.0,663204.0,28683112.0,206.0,1437599.0,5410570.0,-3972971.0,1429800.0
Denmark,30,4314474.0,663204.0,720291.0,95181.0,3978.0,2023,0.0,0.0,5.0,3878.0,0.0,34.0,39.0,0.0,5.0,663204.0,28683112.0,206.0,1437599.0,5410570.0,-3972971.0,1704332.0
Denmark,30,4314474.0,663204.0,720291.0,95181.0,3646.0,2024,0.0,0.0,8.0,3535.0,0.0,44.0,34.0,0.0,3.0,663204.0,28683112.0,206.0,1437599.0,5410570.0,-3972971.0,1580754.0
Djibouti,30,2237202.0,0.0,0.0,2.0,0.0,2001,0.0,0.0,0.0,0.0,0.0,0.0,0.0,0.0,0.0,0.0,5.0,67.0,0.0,0.0,0.0,0.0
Djibouti,30,2237202.0,0.0,0.0,2.0,0.0,2002,0.0,0.0,0.0,0.0,0.0,0.0,0.0,0.0,0.0,0.0,5.0,67.0,0.0,0.0,0.0,0.0
Djibouti,30,2237202.0,0.0,0.0,2.0,0.0,2003,0.0,0.0,0.0,0.0,0.0,0.0,0.0,0.0,0.0,0.0,5.0,67.0,0.0,0.0,0.0,0.0
Djibouti,30,2237202.0,0.0,0.0,2.0,0.0,2004,0.0,0.0,0.0,0.0,0.0,0.0,0.0,0.0,0.0,0.0,5.0,67.0,0.0,0.0,0.0,0.0
Djibouti,30,2237202.0,0.0,0.0,2.0,0.0,2005,0.0,0.0,0.0,0.0,0.0,0.0,0.0,0.0,0.0,0.0,5.0,67.0,0.0,0.0,0.0,0.0
Djibouti,30,2237202.0,0.0,0.0,2.0,0.0,2006,0.0,0.0,0.0,0.0,0.0,0.0,0.0,0.0,0.0,0.0,5.0,67.0,0.0,0.0,0.0,0.0
Djibouti,30,2237202.0,0.0,0.0,2.0,0.0,2007,0.0,0.0,0.0,0.0,0.0,0.0,0.0,0.0,0.0,0.0,5.0,67.0,0.0,0.0,0.0,0.0
Djibouti,30,2237202.0,0.0,0.0,2.0,0.0,2008,0.0,0.0,0.0,0.0,0.0,0.0,0.0,0.0,0.0,0.0,5.0,67.0,0.0,0.0,0.0,0.0
Djibouti,30,2237202.0,0.0,0.0,2.0,0.0,2009,0.0,0.0,0.0,0.0,0.0,0.0,0.0,0.0,0.0,0.0,5.0,67.0,0.0,0.0,0.0,0.0
Djibouti,30,2237202.0,0.0,0.0,2.0,0.0,2010,0.0,0.0,0.0,0.0,0.0,0.0,0.0,0.0,0.0,0.0,5.0,67.0,0.0,0.0,0.0,0.0
Djibouti,30,2237202.0,0.0,0.0,2.0,0.0,2011,0.0,0.0,0.0,0.0,0.0,0.0,0.0,0.0,0.0,0.0,5.0,67.0,0.0,0.0,0.0,0.0
Djibouti,30,2237202.0,0.0,0.0,2.0,0.0,2012,0.0,0.0,0.0,0.0,0.0,0.0,0.0,0.0,0.0,0.0,5.0,67.0,0.0,0.0,0.0,0.0
Djibouti,30,2237202.0,0.0,0.0,2.0,0.0,2013,0.0,0.0,0.0,0.0,0.0,0.0,0.0,0.0,0.0,0.0,5.0,67.0,0.0,0.0,0.0,0.0
Djibouti,30,2237202.0,0.0,0.0,2.0,0.0,2014,0.0,0.0,0.0,0.0,0.0,0.0,0.0,0.0,0.0,0.0,5.0,67.0,0.0,0.0,0.0,0.0
Djibouti,30,2237202.0,0.0,0.0,2.0,0.0,2015,0.0,0.0,0.0,0.0,0.0,0.0,0.0,0.0,0.0,0.0,5.0,67.0,0.0,0.0,0.0,0.0
Djibouti,30,2237202.0,0.0,0.0,2.0,0.0,2016,0.0,0.0,0.0,0.0,0.0,0.0,0.0,0.0,0.0,0.0,5.0,67.0,0.0,0.0,0.0,0.0
Djibouti,30,2237202.0,0.0,0.0,2.0,0.0,2017,0.0,0.0,0.0,0.0,0.0,0.0,0.0,0.0,0.0,0.0,5.0,67.0,0.0,0.0,0.0,0.0
Djibouti,30,2237202.0,0.0,0.0,2.0,0.0,2018,0.0,0.0,0.0,0.0,0.0,0.0,0.0,0.0,0.0,0.0,5.0,67.0,0.0,0.0,0.0,0.0
Djibouti,30,2237202.0,0.0,0.0,2.0,0.0,2019,0.0,0.0,0.0,0.0,0.0,0.0,0.0,0.0,0.0,0.0,5.0,67.0,0.0,0.0,0.0,0.0
Djibouti,30,2237202.0,0.0,0.0,2.0,0.0,2020,0.0,0.0,0.0,0.0,0.0,0.0,0.0,0.0,0.0,0.0,5.0,67.0,0.0,0.0,0.0,0.0
Djibouti,30,2237202.0,0.0,0.0,2.0,0.0,2021,0.0,0.0,0.0,0.0,0.0,0.0,0.0,0.0,0.0,0.0,5.0,67.0,0.0,0.0,0.0,0.0
Djibouti,30,2237202.0,0.0,0.0,2.0,0.0,2022,0.0,0.0,0.0,0.0,0.0,0.0,0.0,0.0,0.0,0.0,5.0,67.0,0.0,0.0,0.0,0.0
Djibouti,30,2237202.0,0.0,0.0,2.0,0.0,2023,0.0,0.0,0.0,0.0,0.0,0.0,0.0,0.0,0.0,0.0,5.0,67.0,0.0,0.0,0.0,0.0
Djibouti,30,2237202.0,0.0,0.0,2.0,0.0,2024,0.0,0.0,0.0,0.0,0.0,0.0,0.0,0.0,0.0,0.0,5.0,67.0,0.0,0.0,0.0,0.0
Dominican Republic,30,4809207.0,2576438.0,2454740.0,54804.0,11247.0,2001,0.0,0.0,30.0,101.0,48.0,9139.0,396.0,722.0,762.0,2576438.0,173846497.0,340.0,7276679.0,11977428.0,-4700749.0,4371498.0
Dominican Republic,30,4809207.0,2576438.0,2454740.0,54804.0,10435.0,2002,318332.0,451.0,34.0,182.0,64.0,8871.0,600.0,567.0,85.0,2576438.0,173846497.0,340.0,7276679.0,11977428.0,-4700749.0,4068892.0
Dominican Republic,30,4809207.0,2576438.0,2454740.0,54804.0,10714.0,2003,318332.0,460.0,58.0,32.0,90.0,8916.0,632.0,712.0,236.0,2576438.0,173846497.0,340.0,7276679.0,11977428.0,-4700749.0,4494117.0
Dominican Republic,30,4809207.0,2576438.0,2454740.0,54804.0,19387.0,2004,318332.0,1065.0,62.0,73.0,97.0,16592.0,835.0,1105.0,578.0,2576438.0,173846497.0,340.0,7276679.0,11977428.0,-4700749.0,8204661.0
Dominican Republic,30,4809207.0,2576438.0,2454740.0,54804.0,25088.0,2005,318332.0,4977.0,93.0,105.0,265.0,14084.0,774.0,1906.0,7812.0,2576438.0,173846497.0,340.0,7276679.0,11977428.0,-4700749.0,8626362.0
Dominican Republic,30,4809207.0,2576438.0,2454740.0,54804.0,13414.0,2006,318332.0,535.0,62.0,35.0,35.0,11482.0,742.0,714.0,312.0,2576438.0,173846497.0,340.0,7276679.0,11977428.0,-4700749.0,5618563.0
Dominican Republic,30,4809207.0,2576438.0,2454740.0,54804.0,16059.0,2007,318332.0,955.0,98.0,41.0,173.0,13626.0,705.0,926.0,451.0,2576438.0,173846497.0,340.0,7276679.0,11977428.0,-4700749.0,6856560.0
Dominican Republic,30,4809207.0,2576438.0,2454740.0,54804.0,21611.0,2008,318332.0,1557.0,168.0,97.0,116.0,17936.0,1207.0,1359.0,683.0,2576438.0,173846497.0,340.0,7276679.0,11977428.0,-4700749.0,9526299.0
Dominican Republic,30,4809207.0,2576438.0,2454740.0,54804.0,13968.0,2009,318332.0,788.0,208.0,66.0,83.0,12103.0,503.0,739.0,217.0,2576438.0,173846497.0,340.0,7276679.0,11977428.0,-4700749.0,6077478.0
Dominican Republic,30,4809207.0,2576438.0,2454740.0,54804.0,14103.0,2010,318332.0,678.0,210.0,65.0,69.0,12180.0,414.0,915.0,209.0,2576438.0,173846497.0,340.0,7276679.0,11977428.0,-4700749.0,6347365.0
Dominican Republic,30,4809207.0,2576438.0,2454740.0,54804.0,12960.0,2011,318332.0,581.0,181.0,86.0,60.0,11296.0,365.0,768.0,164.0,2576438.0,173846497.0,340.0,7276679.0,11977428.0,-4700749.0,5774536.0
Dominican Republic,30,4809207.0,2576438.0,2454740.0,54804.0,17906.0,2012,318332.0,1568.0,332.0,160.0,179.0,15144.0,353.0,1244.0,400.0,2576438.0,173846497.0,340.0,7276679.0,11977428.0,-4700749.0,8081680.0
Dominican Republic,30,4809207.0,2576438.0,2454740.0,54804.0,12703.0,2013,318332.0,262.0,155.0,200.0,21.0,8834.0,326.0,1014.0,2126.0,2576438.0,173846497.0,340.0,7276679.0,11977428.0,-4700749.0,4952583.0
Dominican Republic,30,4809207.0,2576438.0,2454740.0,54804.0,13679.0,2014,318332.0,740.0,145.0,348.0,39.0,9816.0,380.0,1262.0,1658.0,2576438.0,173846497.0,340.0,7276679.0,11977428.0,-4700749.0,5635975.0
Dominican Republic,30,4809207.0,2576438.0,2454740.0,54804.0,15091.0,2015,318332.0,1821.0,135.0,151.0,224.0,8951.0,496.0,2247.0,2852.0,2576438.0,173846497.0,340.0,7276679.0,11977428.0,-4700749.0,6272661.0
Dominican Republic,30,4809207.0,2576438.0,2454740.0,54804.0,24908.0,2016,318332.0,2866.0,193.0,278.0,318.0,15559.0,511.0,4854.0,3162.0,2576438.0,173846497.0,340.0,7276679.0,11977428.0,-4700749.0,11267534.0
Dominican Republic,30,4809207.0,2576438.0,2454740.0,54804.0,27063.0,2017,318332.0,1574.0,301.0,249.0,342.0,20114.0,754.0,4543.0,722.0,2576438.0,173846497.0,340.0,7276679.0,11977428.0,-4700749.0,13161754.0
Dominican Republic,30,4809207.0,2576438.0,2454740.0,54804.0,13971.0,2018,318332.0,293.0,233.0,156.0,45.0,11118.0,429.0,1915.0,59.0,2576438.0,173846497.0,340.0,7276679.0,11977428.0,-4700749.0,6689362.0
Dominican Republic,30,4809207.0,2576438.0,2454740.0,54804.0,14931.0,2019,318332.0,510.0,246.0,262.0,65.0,10889.0,609.0,1904.0,941.0,2576438.0,173846497.0,340.0,7276679.0,11977428.0,-4700749.0,6983513.0
Dominican Republic,30,4809207.0,2576438.0,2454740.0,54804.0,21441.0,2020,318332.0,1850.0,131.0,311.0,144.0,14137.0,572.0,3587.0,2541.0,2576438.0,173846497.0,340.0,7276679.0,11977428.0,-4700749.0,9978196.0
Dominican Republic,30,4809207.0,2576438.0,2454740.0,54804.0,14181.0,2021,318332.0,593.0,197.0,231.0,92.0,9948.0,517.0,2749.0,436.0,2576438.0,173846497.0,340.0,7276679.0,11977428.0,-4700749.0,7152392.0
Dominican Republic,30,4809207.0,2576438.0,2454740.0,54804.0,13141.0,2022,318332.0,507.0,203.0,282.0,140.0,8231.0,485.0,2190.0,1600.0,2576438.0,173846497.0,340.0,7276679.0,11977428.0,-4700749.0,6435846.0
Dominican Republic,30,4809207.0,2576438.0,2454740.0,54804.0,22948.0,2023,318332.0,1275.0,332.0,194.0,120.0,12767.0,607.0,6012.0,2908.0,2576438.0,173846497.0,340.0,7276679.0,11977428.0,-4700749.0,11414202.0
Dominican Republic,30,4809207.0,2576438.0,2454740.0,54804.0,12996.0,2024,318332.0,601.0,153.0,170.0,71.0,9293.0,309.0,2408.0,586.0,2576438.0,173846497.0,340.0,7276679.0,11977428.0,-4700749.0,6648272.0
Ecuador,30,25633999.0,19048768.0,19248315.0,218738.0,45079.0,2001,0.0,0.0,89.0,1156.0,1243.0,38271.0,306.0,3224.0,69.0,19048768.0,2182649256.0,513.0,28767506.0,62033402.0,-33265895.0,26015231.0
Ecuador,30,25633999.0,19048768.0,19248315.0,218738.0,29846.0,2002,10662455.0,5707.0,65.0,523.0,1025.0,22875.0,263.0,4734.0,33.0,19048768.0,2182649256.0,513.0,28767506.0,62033402.0,-33265895.0,18484797.0
Ecuador,30,25633999.0,19048768.0,19248315.0,218738.0,13867.0,2003,10662455.0,3385.0,71.0,343.0,536.0,10302.0,211.0,2140.0,60.0,19048768.0,2182649256.0,513.0,28767506.0,62033402.0,-33265895.0,8501628.0
Ecuador,30,25633999.0,19048768.0,19248315.0,218738.0,37284.0,2004,10662455.0,5446.0,174.0,889.0,1105.0,31474.0,527.0,2573.0,43.0,19048768.0,2182649256.0,513.0,28767506.0,62033402.0,-33265895.0,21042181.0
Ecuador,30,25633999.0,19048768.0,19248315.0,218738.0,40401.0,2005,10662455.0,6210.0,117.0,978.0,991.0,34776.0,387.0,2717.0,98.0,19048768.0,2182649256.0,513.0,28767506.0,62033402.0,-33265895.0,23775799.0
Ecuador,30,25633999.0,19048768.0,19248315.0,218738.0,35647.0,2006,10662455.0,6448.0,164.0,885.0,1068.0,29396.0,464.0,3114.0,133.0,19048768.0,2182649256.0,513.0,28767506.0,62033402.0,-33265895.0,21217115.0
Ecuador,30,25633999.0,19048768.0,19248315.0,218738.0,60590.0,2007,10662455.0,7010.0,163.0,661.0,1234.0,54037.0,491.0,3427.0,109.0,19048768.0,2182649256.0,513.0,28767506.0,62033402.0,-33265895.0,34948961.0
Ecuador,30,25633999.0,19048768.0,19248315.0,218738.0,51940.0,2008,10662455.0,8967.0,147.0,437.0,890.0,45054.0,498.0,4550.0,47.0,19048768.0,2182649256.0,513.0,28767506.0,62033402.0,-33265895.0,32594432.0
Ecuador,30,25633999.0,19048768.0,19248315.0,218738.0,57715.0,2009,10662455.0,8138.0,237.0,647.0,1183.0,50385.0,484.0,4195.0,63.0,19048768.0,2182649256.0,513.0,28767506.0,62033402.0,-33265895.0,34794262.0
Ecuador,30,25633999.0,19048768.0,19248315.0,218738.0,33822.0,2010,10662455.0,8505.0,188.0,519.0,844.0,28033.0,348.0,3433.0,63.0,19048768.0,2182649256.0,513.0,28767506.0,62033402.0,-33265895.0,22064131.0
Ecuador,30,25633999.0,19048768.0,19248315.0,218738.0,43672.0,2011,10662455.0,11186.0,157.0,593.0,785.0,36103.0,361.0,5235.0,57.0,19048768.0,2182649256.0,513.0,28767506.0,62033402.0,-33265895.0,29650827.0
Ecuador,30,25633999.0,19048768.0,19248315.0,218738.0,74304.0,2012,10662455.0,16376.0,301.0,941.0,1551.0,62315.0,660.0,6778.0,689.0,19048768.0,2182649256.0,513.0,28767506.0,62033402.0,-33265895.0,46891185.0
Ecuador,30,25633999.0,19048768.0,19248315.0,218738.0,48419.0,2013,10662455.0,11605.0,277.0,1122.0,812.0,37118.0,360.0,7980.0,197.0,19048768.0,2182649256.0,513.0,28767506.0,62033402.0,-33265895.0,30322771.0
Ecuador,30,25633999.0,19048768.0,19248315.0,218738.0,30935.0,2014,10662455.0,6335.0,276.0,788.0,743.0,24447.0,214.0,3973.0,57.0,19048768.0,2182649256.0,513.0,28767506.0,62033402.0,-33265895.0,18988115.0
Ecuador,30,25633999.0,19048768.0,19248315.0,218738.0,30122.0,2015,10662455.0,8487.0,234.0,933.0,932.0,21523.0,165.0,6074.0,85.0,19048768.0,2182649256.0,513.0,28767506.0,62033402.0,-33265895.0,20418714.0
Ecuador,30,25633999.0,19048768.0,19248315.0,218738.0,44092.0,2016,10662455.0,13211.0,293.0,2350.0,2114.0,30445.0,189.0,8263.0,152.0,19048768.0,2182649256.0,513.0,28767506.0,62033402.0,-33265895.0,28926910.0
Ecuador,30,25633999.0,19048768.0,19248315.0,218738.0,71259.0,2017,10662455.0,21129.0,788.0,1468.0,2145.0,50761.0,273.0,15457.0,67.0,19048768.0,2182649256.0,513.0,28767506.0,62033402.0,-33265895.0,49368740.0
Ecuador,30,25633999.0,19048768.0,19248315.0,218738.0,38748.0,2018,10662455.0,13235.0,577.0,1704.0,1318.0,25022.0,141.0,9807.0,61.0,19048768.0,2182649256.0,513.0,28767506.0,62033402.0,-33265895.0,26726441.0
Ecuador,30,25633999.0,19048768.0,19248315.0,218738.0,35714.0,2019,10662455.0,12255.0,554.0,1009.0,1017.0,24944.0,134.0,7807.0,147.0,19048768.0,2182649256.0,513.0,28767506.0,62033402.0,-33265895.0,25122138.0
Ecuador,30,25633999.0,19048768.0,19248315.0,218738.0,48964.0,2020,10662455.0,19760.0,503.0,1589.0,1776.0,31847.0,172.0,12636.0,279.0,19048768.0,2182649256.0,513.0,28767506.0,62033402.0,-33265895.0,35469372.0
Ecuador,30,25633999.0,19048768.0,19248315.0,218738.0,30368.0,2021,10662455.0,12510.0,358.0,1063.0,1402.0,19985.0,113.0,7244.0,53.0,19048768.0,2182649256.0,513.0,28767506.0,62033402.0,-33265895.0,22562910.0
Ecuador,30,25633999.0,19048768.0,19248315.0,218738.0,52618.0,2022,10662455.0,21027.0,758.0,1645.0,2088.0,33365.0,234.0,14272.0,86.0,19048768.0,2182649256.0,513.0,28767506.0,62033402.0,-33265895.0,38462802.0
Ecuador,30,25633999.0,19048768.0,19248315.0,218738.0,43010.0,2023,10662455.0,14305.0,948.0,1060.0,987.0,30427.0,201.0,8340.0,981.0,19048768.0,2182649256.0,513.0,28767506.0,62033402.0,-33265895.0,30150463.0
Ecuador,30,25633999.0,19048768.0,19248315.0,218738.0,62063.0,2024,10662455.0,21157.0,1296.0,1843.0,1735.0,42043.0,265.0,13343.0,1415.0,19048768.0,2182649256.0,513.0,28767506.0,62033402.0,-33265895.0,43920246.0
Egypt,30,98376626.0,154304.0,143311.0,4206.0,147.0,2001,0.0,0.0,0.0,0.0,8.0,49.0,12.0,0.0,0.0,154304.0,5628489.0,233.0,23324.0,278559.0,-255234.0,45261.0
Egypt,30,98376626.0,154304.0,143311.0,4206.0,49.0,2002,0.0,0.0,0.0,0.0,3.0,13.0,5.0,0.0,0.0,154304.0,5628489.0,233.0,23324.0,278559.0,-255234.0,17030.0
Egypt,30,98376626.0,154304.0,143311.0,4206.0,60.0,2003,0.0,0.0,0.0,0.0,14.0,16.0,6.0,0.0,0.0,154304.0,5628489.0,233.0,23324.0,278559.0,-255234.0,25893.0
Egypt,30,98376626.0,154304.0,143311.0,4206.0,102.0,2004,0.0,0.0,0.0,0.0,3.0,34.0,12.0,0.0,0.0,154304.0,5628489.0,233.0,23324.0,278559.0,-255234.0,26580.0
Egypt,30,98376626.0,154304.0,143311.0,4206.0,52.0,2005,0.0,0.0,0.0,0.0,9.0,15.0,5.0,0.0,0.0,154304.0,5628489.0,233.0,23324.0,278559.0,-255234.0,18945.0
Egypt,30,98376626.0,154304.0,143311.0,4206.0,39.0,2006,0.0,0.0,0.0,0.0,6.0,15.0,5.0,0.0,0.0,154304.0,5628489.0,233.0,23324.0,278559.0,-255234.0,12080.0
Egypt,30,98376626.0,154304.0,143311.0,4206.0,79.0,2007,0.0,0.0,0.0,0.0,17.0,27.0,9.0,0.0,0.0,154304.0,5628489.0,233.0,23324.0,278559.0,-255234.0,31841.0
Egypt,30,98376626.0,154304.0,143311.0,4206.0,81.0,2008,0.0,0.0,0.0,0.0,30.0,26.0,5.0,0.0,0.0,154304.0,5628489.0,233.0,23324.0,278559.0,-255234.0,42365.0
Egypt,30,98376626.0,154304.0,143311.0,4206.0,60.0,2009,0.0,0.0,0.0,0.0,5.0,30.0,4.0,0.0,0.0,154304.0,5628489.0,233.0,23324.0,278559.0,-255234.0,18922.0
Egypt,30,98376626.0,154304.0,143311.0,4206.0,98.0,2010,0.0,0.0,0.0,0.0,1.0,62.0,3.0,0.0,0.0,154304.0,5628489.0,233.0,23324.0,278559.0,-255234.0,28123.0
Egypt,30,98376626.0,154304.0,143311.0,4206.0,103.0,2011,0.0,0.0,0.0,0.0,25.0,44.0,9.0,0.0,0.0,154304.0,5628489.0,233.0,23324.0,278559.0,-255234.0,37588.0
Egypt,30,98376626.0,154304.0,143311.0,4206.0,440.0,2012,0.0,0.0,0.0,0.0,61.0,201.0,14.0,0.0,0.0,154304.0,5628489.0,233.0,23324.0,278559.0,-255234.0,123759.0
Egypt,30,98376626.0,154304.0,143311.0,4206.0,97.0,2013,0.0,0.0,0.0,0.0,0.0,53.0,7.0,0.0,0.0,154304.0,5628489.0,233.0,23324.0,278559.0,-255234.0,23775.0
Egypt,30,98376626.0,154304.0,143311.0,4206.0,115.0,2014,0.0,0.0,0.0,0.0,4.0,81.0,7.0,0.0,0.0,154304.0,5628489.0,233.0,23324.0,278559.0,-255234.0,28317.0
Egypt,30,98376626.0,154304.0,143311.0,4206.0,31.0,2015,0.0,0.0,0.0,0.0,0.0,27.0,3.0,0.0,0.0,154304.0,5628489.0,233.0,23324.0,278559.0,-255234.0,7484.0
Egypt,30,98376626.0,154304.0,143311.0,4206.0,37.0,2016,0.0,0.0,0.0,0.0,0.0,33.0,1.0,0.0,0.0,154304.0,5628489.0,233.0,23324.0,278559.0,-255234.0,8533.0
Egypt,30,98376626.0,154304.0,143311.0,4206.0,58.0,2017,0.0,0.0,0.0,0.0,0.0,45.0,10.0,0.0,0.0,154304.0,5628489.0,233.0,23324.0,278559.0,-255234.0,13747.0
Egypt,30,98376626.0,154304.0,143311.0,4206.0,62.0,2018,0.0,0.0,0.0,0.0,3.0,48.0,8.0,0.0,0.0,154304.0,5628489.0,233.0,23324.0,278559.0,-255234.0,14890.0
Egypt,30,98376626.0,154304.0,143311.0,4206.0,21.0,2019,0.0,0.0,0.0,0.0,0.0,13.0,5.0,0.0,0.0,154304.0,5628489.0,233.0,23324.0,278559.0,-255234.0,5595.0
Egypt,30,98376626.0,154304.0,143311.0,4206.0,19.0,2020,0.0,0.0,0.0,0.0,0.0,13.0,3.0,0.0,0.0,154304.0,5628489.0,233.0,23324.0,278559.0,-255234.0,4397.0
Egypt,30,98376626.0,154304.0,143311.0,4206.0,18.0,2021,0.0,0.0,0.0,0.0,2.0,11.0,1.0,0.0,0.0,154304.0,5628489.0,233.0,23324.0,278559.0,-255234.0,4382.0
Egypt,30,98376626.0,154304.0,143311.0,4206.0,12.0,2022,0.0,0.0,0.0,0.0,0.0,5.0,5.0,0.0,0.0,154304.0,5628489.0,233.0,23324.0,278559.0,-255234.0,2820.0
Egypt,30,98376626.0,154304.0,143311.0,4206.0,36.0,2023,0.0,0.0,0.0,0.0,2.0,26.0,4.0,0.0,0.0,154304.0,5628489.0,233.0,23324.0,278559.0,-255234.0,9371.0
Egypt,30,98376626.0,154304.0,143311.0,4206.0,31.0,2024,0.0,0.0,0.0,0.0,6.0,19.0,4.0,0.0,0.0,154304.0,5628489.0,233.0,23324.0,278559.0,-255234.0,8089.0
El Salvador,30,2042274.0,988821.0,921954.0,14647.0,9500.0,2001,0.0,0.0,1.0,0.0,35.0,9242.0,159.0,4.0,0.0,988821.0,72874404.0,329.0,1605285.0,4942966.0,-3337681.0,3731614.0
El Salvador,30,2042274.0,988821.0,921954.0,14647.0,4666.0,2002,52839.0,52.0,0.0,1.0,13.0,4424.0,185.0,9.0,1.0,988821.0,72874404.0,329.0,1605285.0,4942966.0,-3337681.0,1893671.0
El Salvador,30,2042274.0,988821.0,921954.0,14647.0,5984.0,2003,52839.0,9.0,5.0,0.0,27.0,5739.0,179.0,2.0,0.0,988821.0,72874404.0,329.0,1605285.0,4942966.0,-3337681.0,2393913.0
El Salvador,30,2042274.0,988821.0,921954.0,14647.0,4555.0,2004,52839.0,77.0,0.0,1.0,13.0,4373.0,128.0,10.0,0.0,988821.0,72874404.0,329.0,1605285.0,4942966.0,-3337681.0,1942570.0
El Salvador,30,2042274.0,988821.0,921954.0,14647.0,5880.0,2005,52839.0,31.0,8.0,0.0,20.0,5636.0,174.0,6.0,0.0,988821.0,72874404.0,329.0,1605285.0,4942966.0,-3337681.0,2511220.0
El Salvador,30,2042274.0,988821.0,921954.0,14647.0,4605.0,2006,52839.0,47.0,0.0,1.0,48.0,4369.0,148.0,5.0,1.0,988821.0,72874404.0,329.0,1605285.0,4942966.0,-3337681.0,1916288.0
El Salvador,30,2042274.0,988821.0,921954.0,14647.0,2984.0,2007,52839.0,47.0,1.0,3.0,20.0,2742.0,188.0,7.0,1.0,988821.0,72874404.0,329.0,1605285.0,4942966.0,-3337681.0,1320355.0
El Salvador,30,2042274.0,988821.0,921954.0,14647.0,3324.0,2008,52839.0,30.0,1.0,0.0,11.0,3163.0,116.0,4.0,1.0,988821.0,72874404.0,329.0,1605285.0,4942966.0,-3337681.0,1468422.0
El Salvador,30,2042274.0,988821.0,921954.0,14647.0,4285.0,2009,52839.0,50.0,2.0,0.0,19.0,4099.0,129.0,7.0,2.0,988821.0,72874404.0,329.0,1605285.0,4942966.0,-3337681.0,1948442.0
El Salvador,30,2042274.0,988821.0,921954.0,14647.0,2873.0,2010,52839.0,63.0,0.0,0.0,12.0,2747.0,83.0,6.0,0.0,988821.0,72874404.0,329.0,1605285.0,4942966.0,-3337681.0,1277263.0
El Salvador,30,2042274.0,988821.0,921954.0,14647.0,3242.0,2011,52839.0,71.0,5.0,0.0,25.0,3068.0,112.0,6.0,1.0,988821.0,72874404.0,329.0,1605285.0,4942966.0,-3337681.0,1491657.0
El Salvador,30,2042274.0,988821.0,921954.0,14647.0,2536.0,2012,52839.0,40.0,0.0,1.0,29.0,2300.0,155.0,8.0,0.0,988821.0,72874404.0,329.0,1605285.0,4942966.0,-3337681.0,1162125.0
El Salvador,30,2042274.0,988821.0,921954.0,14647.0,2054.0,2013,52839.0,16.0,0.0,1.0,22.0,1953.0,58.0,1.0,0.0,988821.0,72874404.0,329.0,1605285.0,4942966.0,-3337681.0,863074.0
El Salvador,30,2042274.0,988821.0,921954.0,14647.0,2320.0,2014,52839.0,25.0,1.0,1.0,12.0,2244.0,43.0,2.0,0.0,988821.0,72874404.0,329.0,1605285.0,4942966.0,-3337681.0,964138.0
El Salvador,30,2042274.0,988821.0,921954.0,14647.0,2389.0,2015,52839.0,38.0,0.0,20.0,10.0,2261.0,81.0,0.0,0.0,988821.0,72874404.0,329.0,1605285.0,4942966.0,-3337681.0,1086590.0
El Salvador,30,2042274.0,988821.0,921954.0,14647.0,5743.0,2016,52839.0,412.0,0.0,24.0,110.0,5128.0,265.0,123.0,75.0,988821.0,72874404.0,329.0,1605285.0,4942966.0,-3337681.0,3004920.0
El Salvador,30,2042274.0,988821.0,921954.0,14647.0,4745.0,2017,52839.0,128.0,3.0,13.0,36.0,4446.0,186.0,42.0,2.0,988821.0,72874404.0,329.0,1605285.0,4942966.0,-3337681.0,2377586.0
El Salvador,30,2042274.0,988821.0,921954.0,14647.0,2704.0,2018,52839.0,79.0,0.0,7.0,55.0,2443.0,128.0,22.0,38.0,988821.0,72874404.0,329.0,1605285.0,4942966.0,-3337681.0,1370747.0
El Salvador,30,2042274.0,988821.0,921954.0,14647.0,2250.0,2019,52839.0,62.0,3.0,1.0,7.0,2126.0,90.0,12.0,0.0,988821.0,72874404.0,329.0,1605285.0,4942966.0,-3337681.0,1128877.0
El Salvador,30,2042274.0,988821.0,921954.0,14647.0,2209.0,2020,52839.0,89.0,0.0,2.0,14.0,2092.0,81.0,8.0,1.0,988821.0,72874404.0,329.0,1605285.0,4942966.0,-3337681.0,1150670.0
El Salvador,30,2042274.0,988821.0,921954.0,14647.0,1488.0,2021,52839.0,32.0,4.0,0.0,36.0,1335.0,105.0,3.0,0.0,988821.0,72874404.0,329.0,1605285.0,4942966.0,-3337681.0,792299.0
El Salvador,30,2042274.0,988821.0,921954.0,14647.0,1632.0,2022,52839.0,46.0,0.0,1.0,6.0,1482.0,120.0,13.0,2.0,988821.0,72874404.0,329.0,1605285.0,4942966.0,-3337681.0,870735.0
El Salvador,30,2042274.0,988821.0,921954.0,14647.0,1785.0,2023,52839.0,31.0,11.0,0.0,146.0,1492.0,128.0,4.0,0.0,988821.0,72874404.0,329.0,1605285.0,4942966.0,-3337681.0,933055.0
El Salvador,30,2042274.0,988821.0,921954.0,14647.0,1680.0,2024,52839.0,43.0,2.0,2.0,10.0,1524.0,117.0,14.0,0.0,988821.0,72874404.0,329.0,1605285.0,4942966.0,-3337681.0,926598.0
Equatorial Guinea,30,2695939.0,2654600.0,2630333.0,5168.0,3585.0,2001,0.0,0.0,268.0,539.0,6.0,310.0,251.0,2135.0,3.0,2654600.0,340734326.0,364.0,4233657.0,9100756.0,-4867098.0,2258578.0
Equatorial Guinea,30,2695939.0,2654600.0,2630333.0,5168.0,2986.0,2002,2249642.0,1138.0,184.0,388.0,6.0,325.0,333.0,1702.0,0.0,2654600.0,340734326.0,364.0,4233657.0,9100756.0,-4867098.0,1936027.0
Equatorial Guinea,30,2695939.0,2654600.0,2630333.0,5168.0,1961.0,2003,2249642.0,960.0,105.0,290.0,15.0,139.0,188.0,1152.0,13.0,2654600.0,340734326.0,364.0,4233657.0,9100756.0,-4867098.0,1234466.0
Equatorial Guinea,30,2695939.0,2654600.0,2630333.0,5168.0,422.0,2004,2249642.0,210.0,54.0,52.0,3.0,29.0,67.0,206.0,0.0,2654600.0,340734326.0,364.0,4233657.0,9100756.0,-4867098.0,245673.0
Equatorial Guinea,30,2695939.0,2654600.0,2630333.0,5168.0,1609.0,2005,2249642.0,900.0,203.0,191.0,15.0,230.0,161.0,756.0,3.0,2654600.0,340734326.0,364.0,4233657.0,9100756.0,-4867098.0,998959.0
Equatorial Guinea,30,2695939.0,2654600.0,2630333.0,5168.0,1255.0,2006,2249642.0,761.0,113.0,154.0,24.0,168.0,142.0,590.0,6.0,2654600.0,340734326.0,364.0,4233657.0,9100756.0,-4867098.0,776556.0
Equatorial Guinea,30,2695939.0,2654600.0,2630333.0,5168.0,3142.0,2007,2249642.0,1526.0,479.0,431.0,31.0,261.0,844.0,914.0,0.0,2654600.0,340734326.0,364.0,4233657.0,9100756.0,-4867098.0,1839669.0
Equatorial Guinea,30,2695939.0,2654600.0,2630333.0,5168.0,4822.0,2008,2249642.0,2312.0,630.0,335.0,17.0,691.0,809.0,2281.0,3.0,2654600.0,340734326.0,364.0,4233657.0,9100756.0,-4867098.0,3039033.0
Equatorial Guinea,30,2695939.0,2654600.0,2630333.0,5168.0,5685.0,2009,2249642.0,3136.0,853.0,372.0,46.0,1178.0,592.0,2537.0,37.0,2654600.0,340734326.0,364.0,4233657.0,9100756.0,-4867098.0,3611584.0
Equatorial Guinea,30,2695939.0,2654600.0,2630333.0,5168.0,6593.0,2010,2249642.0,3211.0,1588.0,418.0,131.0,852.0,1547.0,1911.0,70.0,2654600.0,340734326.0,364.0,4233657.0,9100756.0,-4867098.0,3985196.0
Equatorial Guinea,30,2695939.0,2654600.0,2630333.0,5168.0,7706.0,2011,2249642.0,3709.0,1579.0,367.0,58.0,1290.0,1064.0,3276.0,18.0,2654600.0,340734326.0,364.0,4233657.0,9100756.0,-4867098.0,4890931.0
Equatorial Guinea,30,2695939.0,2654600.0,2630333.0,5168.0,4953.0,2012,2249642.0,2291.0,1167.0,306.0,6.0,822.0,696.0,1918.0,0.0,2654600.0,340734326.0,364.0,4233657.0,9100756.0,-4867098.0,3149919.0
Equatorial Guinea,30,2695939.0,2654600.0,2630333.0,5168.0,7290.0,2013,2249642.0,4064.0,1584.0,880.0,39.0,1415.0,472.0,2700.0,14.0,2654600.0,340734326.0,364.0,4233657.0,9100756.0,-4867098.0,4506210.0
Equatorial Guinea,30,2695939.0,2654600.0,2630333.0,5168.0,19211.0,2014,2249642.0,10678.0,3045.0,2294.0,126.0,2894.0,1044.0,9474.0,19.0,2654600.0,340734326.0,364.0,4233657.0,9100756.0,-4867098.0,12412029.0
Equatorial Guinea,30,2695939.0,2654600.0,2630333.0,5168.0,7469.0,2015,2249642.0,4050.0,1281.0,904.0,31.0,987.0,287.0,3941.0,0.0,2654600.0,340734326.0,364.0,4233657.0,9100756.0,-4867098.0,4923043.0
Equatorial Guinea,30,2695939.0,2654600.0,2630333.0,5168.0,9545.0,2016,2249642.0,5046.0,1457.0,1406.0,46.0,1084.0,383.0,5088.0,1.0,2654600.0,340734326.0,364.0,4233657.0,9100756.0,-4867098.0,6245858.0
Equatorial Guinea,30,2695939.0,2654600.0,2630333.0,5168.0,11938.0,2017,2249642.0,6467.0,1474.0,2236.0,71.0,1503.0,387.0,6124.0,14.0,2654600.0,340734326.0,364.0,4233657.0,9100756.0,-4867098.0,7925159.0
Equatorial Guinea,30,2695939.0,2654600.0,2630333.0,5168.0,7824.0,2018,2249642.0,4036.0,1292.0,1405.0,21.0,923.0,267.0,3868.0,2.0,2654600.0,340734326.0,364.0,4233657.0,9100756.0,-4867098.0,5120838.0
Equatorial Guinea,30,2695939.0,2654600.0,2630333.0,5168.0,9527.0,2019,2249642.0,4276.0,791.0,1166.0,23.0,1367.0,262.0,5866.0,0.0,2654600.0,340734326.0,364.0,4233657.0,9100756.0,-4867098.0,6413663.0
Equatorial Guinea,30,2695939.0,2654600.0,2630333.0,5168.0,4871.0,2020,2249642.0,1977.0,334.0,299.0,18.0,918.0,159.0,3114.0,8.0,2654600.0,340734326.0,364.0,4233657.0,9100756.0,-4867098.0,3372250.0
Equatorial Guinea,30,2695939.0,2654600.0,2630333.0,5168.0,8906.0,2021,2249642.0,3714.0,542.0,525.0,27.0,1328.0,279.0,6147.0,21.0,2654600.0,340734326.0,364.0,4233657.0,9100756.0,-4867098.0,6114017.0
Equatorial Guinea,30,2695939.0,2654600.0,2630333.0,5168.0,7761.0,2022,2249642.0,3900.0,789.0,1332.0,33.0,902.0,186.0,4437.0,33.0,2654600.0,340734326.0,364.0,4233657.0,9100756.0,-4867098.0,5283011.0
Equatorial Guinea,30,2695939.0,2654600.0,2630333.0,5168.0,8525.0,2023,2249642.0,4006.0,667.0,488.0,7.0,1531.0,242.0,5569.0,1.0,2654600.0,340734326.0,364.0,4233657.0,9100756.0,-4867098.0,5922752.0
Equatorial Guinea,30,2695939.0,2654600.0,2630333.0,5168.0,7745.0,2024,2249642.0,3722.0,550.0,401.0,18.0,1535.0,222.0,5006.0,0.0,2654600.0,340734326.0,364.0,4233657.0,9100756.0,-4867098.0,5402354.0
Eritrea,30,12045735.0,5.0,43.0,10677.0,3.0,2001,0.0,0.0,0.0,0.0,0.0,1.0,0.0,0.0,0.0,5.0,282.0,61.0,145.0,45085.0,-44940.0,1234.0
Eritrea,30,12045735.0,5.0,43.0,10677.0,0.0,2002,0.0,0.0,0.0,0.0,0.0,0.0,0.0,0.0,0.0,5.0,282.0,61.0,145.0,45085.0,-44940.0,309.0
Eritrea,30,12045735.0,5.0,43.0,10677.0,0.0,2003,0.0,0.0,0.0,0.0,0.0,0.0,0.0,0.0,0.0,5.0,282.0,61.0,145.0,45085.0,-44940.0,0.0
Eritrea,30,12045735.0,5.0,43.0,10677.0,0.0,2004,0.0,0.0,0.0,0.0,0.0,0.0,0.0,0.0,0.0,5.0,282.0,61.0,145.0,45085.0,-44940.0,0.0
Eritrea,30,12045735.0,5.0,43.0,10677.0,0.0,2005,0.0,0.0,0.0,0.0,0.0,0.0,0.0,0.0,0.0,5.0,282.0,61.0,145.0,45085.0,-44940.0,42.0
Eritrea,30,12045735.0,5.0,43.0,10677.0,0.0,2006,0.0,0.0,0.0,0.0,0.0,0.0,0.0,0.0,0.0,5.0,282.0,61.0,145.0,45085.0,-44940.0,0.0
Eritrea,30,12045735.0,5.0,43.0,10677.0,0.0,2007,0.0,0.0,0.0,0.0,0.0,0.0,0.0,0.0,0.0,5.0,282.0,61.0,145.0,45085.0,-44940.0,0.0
Eritrea,30,12045735.0,5.0,43.0,10677.0,0.0,2008,0.0,0.0,0.0,0.0,0.0,0.0,0.0,0.0,0.0,5.0,282.0,61.0,145.0,45085.0,-44940.0,0.0
Eritrea,30,12045735.0,5.0,43.0,10677.0,0.0,2009,0.0,0.0,0.0,0.0,0.0,0.0,0.0,0.0,0.0,5.0,282.0,61.0,145.0,45085.0,-44940.0,0.0
Eritrea,30,12045735.0,5.0,43.0,10677.0,0.0,2010,0.0,0.0,0.0,0.0,0.0,0.0,0.0,0.0,0.0,5.0,282.0,61.0,145.0,45085.0,-44940.0,0.0
Eritrea,30,12045735.0,5.0,43.0,10677.0,0.0,2011,0.0,0.0,0.0,0.0,0.0,0.0,0.0,0.0,0.0,5.0,282.0,61.0,145.0,45085.0,-44940.0,0.0
Eritrea,30,12045735.0,5.0,43.0,10677.0,0.0,2012,0.0,0.0,0.0,0.0,0.0,0.0,0.0,0.0,0.0,5.0,282.0,61.0,145.0,45085.0,-44940.0,1036.0
Eritrea,30,12045735.0,5.0,43.0,10677.0,0.0,2013,0.0,0.0,0.0,0.0,0.0,0.0,0.0,0.0,0.0,5.0,282.0,61.0,145.0,45085.0,-44940.0,12.0
Eritrea,30,12045735.0,5.0,43.0,10677.0,0.0,2014,0.0,0.0,0.0,0.0,0.0,0.0,0.0,0.0,0.0,5.0,282.0,61.0,145.0,45085.0,-44940.0,6.0
Eritrea,30,12045735.0,5.0,43.0,10677.0,0.0,2015,0.0,0.0,0.0,0.0,0.0,0.0,0.0,0.0,0.0,5.0,282.0,61.0,145.0,45085.0,-44940.0,59.0
Eritrea,30,12045735.0,5.0,43.0,10677.0,0.0,2016,0.0,0.0,0.0,0.0,0.0,0.0,0.0,0.0,0.0,5.0,282.0,61.0,145.0,45085.0,-44940.0,16.0
Eritrea,30,12045735.0,5.0,43.0,10677.0,0.0,2017,0.0,0.0,0.0,0.0,0.0,0.0,0.0,0.0,0.0,5.0,282.0,61.0,145.0,45085.0,-44940.0,186.0
Eritrea,30,12045735.0,5.0,43.0,10677.0,0.0,2018,0.0,0.0,0.0,0.0,0.0,0.0,0.0,0.0,0.0,5.0,282.0,61.0,145.0,45085.0,-44940.0,0.0
Eritrea,30,12045735.0,5.0,43.0,10677.0,0.0,2019,0.0,0.0,0.0,0.0,0.0,0.0,0.0,0.0,0.0,5.0,282.0,61.0,145.0,45085.0,-44940.0,0.0
Eritrea,30,12045735.0,5.0,43.0,10677.0,0.0,2020,0.0,0.0,0.0,0.0,0.0,0.0,0.0,0.0,0.0,5.0,282.0,61.0,145.0,45085.0,-44940.0,0.0
Eritrea,30,12045735.0,5.0,43.0,10677.0,0.0,2021,0.0,0.0,0.0,0.0,0.0,0.0,0.0,0.0,0.0,5.0,282.0,61.0,145.0,45085.0,-44940.0,53.0
Eritrea,30,12045735.0,5.0,43.0,10677.0,0.0,2022,0.0,0.0,0.0,0.0,0.0,0.0,0.0,0.0,0.0,5.0,282.0,61.0,145.0,45085.0,-44940.0,179.0
Eritrea,30,12045735.0,5.0,43.0,10677.0,0.0,2023,0.0,0.0,0.0,0.0,0.0,0.0,0.0,0.0,0.0,5.0,282.0,61.0,145.0,45085.0,-44940.0,264.0
Eritrea,30,12045735.0,5.0,43.0,10677.0,0.0,2024,0.0,0.0,0.0,0.0,0.0,0.0,0.0,0.0,0.0,5.0,282.0,61.0,145.0,45085.0,-44940.0,82.0
Estonia,30,4548947.0,2639421.0,2725535.0,165131.0,16873.0,2001,0.0,0.0,57.0,16537.0,42.0,116.0,55.0,0.0,18.0,2639421.0,104377102.0,77.0,7978036.0,16429019.0,-8450982.0,3754502.0
Estonia,30,4548947.0,2639421.0,2725535.0,165131.0,21919.0,2002,0.0,0.0,73.0,21573.0,12.0,54.0,52.0,0.0,119.0,2639421.0,104377102.0,77.0,7978036.0,16429019.0,-8450982.0,4976671.0
Estonia,30,4548947.0,2639421.0,2725535.0,165131.0,5632.0,2003,0.0,0.0,39.0,5574.0,2.0,10.0,3.0,0.0,0.0,2639421.0,104377102.0,77.0,7978036.0,16429019.0,-8450982.0,1373959.0
Estonia,30,4548947.0,2639421.0,2725535.0,165131.0,18106.0,2004,0.0,0.0,78.0,17771.0,13.0,108.0,109.0,0.0,6.0,2639421.0,104377102.0,77.0,7978036.0,16429019.0,-8450982.0,4295638.0
Estonia,30,4548947.0,2639421.0,2725535.0,165131.0,14819.0,2005,0.0,0.0,164.0,14457.0,6.0,46.0,116.0,0.0,1.0,2639421.0,104377102.0,77.0,7978036.0,16429019.0,-8450982.0,3660669.0
Estonia,30,4548947.0,2639421.0,2725535.0,165131.0,21731.0,2006,0.0,0.0,274.0,20719.0,31.0,173.0,179.0,0.0,298.0,2639421.0,104377102.0,77.0,7978036.0,16429019.0,-8450982.0,5489258.0
Estonia,30,4548947.0,2639421.0,2725535.0,165131.0,16188.0,2007,0.0,0.0,292.0,15488.0,4.0,68.0,119.0,0.0,194.0,2639421.0,104377102.0,77.0,7978036.0,16429019.0,-8450982.0,4280631.0
Estonia,30,4548947.0,2639421.0,2725535.0,165131.0,18297.0,2008,0.0,0.0,209.0,17869.0,5.0,25.0,57.0,0.0,109.0,2639421.0,104377102.0,77.0,7978036.0,16429019.0,-8450982.0,4938092.0
Estonia,30,4548947.0,2639421.0,2725535.0,165131.0,18822.0,2009,0.0,0.0,220.0,18220.0,33.0,146.0,75.0,0.0,90.0,2639421.0,104377102.0,77.0,7978036.0,16429019.0,-8450982.0,5116066.0
Estonia,30,4548947.0,2639421.0,2725535.0,165131.0,21496.0,2010,0.0,0.0,251.0,20975.0,10.0,136.0,92.0,0.0,3.0,2639421.0,104377102.0,77.0,7978036.0,16429019.0,-8450982.0,6077520.0
Estonia,30,4548947.0,2639421.0,2725535.0,165131.0,27199.0,2011,0.0,0.0,385.0,26594.0,3.0,81.0,101.0,0.0,1.0,2639421.0,104377102.0,77.0,7978036.0,16429019.0,-8450982.0,7849792.0
Estonia,30,4548947.0,2639421.0,2725535.0,165131.0,17685.0,2012,0.0,0.0,218.0,17306.0,5.0,40.0,81.0,0.0,2.0,2639421.0,104377102.0,77.0,7978036.0,16429019.0,-8450982.0,5230292.0
Estonia,30,4548947.0,2639421.0,2725535.0,165131.0,17088.0,2013,0.0,0.0,114.0,16818.0,4.0,69.0,37.0,0.0,17.0,2639421.0,104377102.0,77.0,7978036.0,16429019.0,-8450982.0,5029800.0
Estonia,30,4548947.0,2639421.0,2725535.0,165131.0,23576.0,2014,0.0,0.0,213.0,23087.0,1.0,142.0,77.0,0.0,25.0,2639421.0,104377102.0,77.0,7978036.0,16429019.0,-8450982.0,7098193.0
Estonia,30,4548947.0,2639421.0,2725535.0,165131.0,25420.0,2015,0.0,0.0,129.0,25066.0,0.0,93.0,106.0,0.0,9.0,2639421.0,104377102.0,77.0,7978036.0,16429019.0,-8450982.0,7784009.0
Estonia,30,4548947.0,2639421.0,2725535.0,165131.0,36335.0,2016,0.0,0.0,242.0,35721.0,3.0,228.0,109.0,0.0,6.0,2639421.0,104377102.0,77.0,7978036.0,16429019.0,-8450982.0,11320273.0
Estonia,30,4548947.0,2639421.0,2725535.0,165131.0,38857.0,2017,0.0,0.0,271.0,38268.0,5.0,121.0,154.0,0.0,4.0,2639421.0,104377102.0,77.0,7978036.0,16429019.0,-8450982.0,12312218.0
Estonia,30,4548947.0,2639421.0,2725535.0,165131.0,40038.0,2018,0.0,0.0,473.0,39216.0,10.0,161.0,142.0,0.0,16.0,2639421.0,104377102.0,77.0,7978036.0,16429019.0,-8450982.0,12862517.0
Estonia,30,4548947.0,2639421.0,2725535.0,165131.0,45917.0,2019,0.0,0.0,252.0,45343.0,3.0,54.0,194.0,0.0,47.0,2639421.0,104377102.0,77.0,7978036.0,16429019.0,-8450982.0,14970495.0
Estonia,30,4548947.0,2639421.0,2725535.0,165131.0,36805.0,2020,0.0,0.0,335.0,36123.0,10.0,97.0,126.0,0.0,90.0,2639421.0,104377102.0,77.0,7978036.0,16429019.0,-8450982.0,12182001.0
Estonia,30,4548947.0,2639421.0,2725535.0,165131.0,34004.0,2021,0.0,0.0,217.0,33525.0,25.0,60.0,140.0,0.0,17.0,2639421.0,104377102.0,77.0,7978036.0,16429019.0,-8450982.0,11644176.0
Estonia,30,4548947.0,2639421.0,2725535.0,165131.0,39216.0,2022,0.0,0.0,135.0,38825.0,31.0,49.0,136.0,0.0,11.0,2639421.0,104377102.0,77.0,7978036.0,16429019.0,-8450982.0,13735299.0
Estonia,30,4548947.0,2639421.0,2725535.0,165131.0,36156.0,2023,0.0,0.0,190.0,35686.0,19.0,62.0,115.0,0.0,70.0,2639421.0,104377102.0,77.0,7978036.0,16429019.0,-8450982.0,12841152.0
Estonia,30,4548947.0,2639421.0,2725535.0,165131.0,34899.0,2024,0.0,0.0,187.0,34526.0,6.0,48.0,112.0,0.0,1.0,2639421.0,104377102.0,77.0,7978036.0,16429019.0,-8450982.0,12649660.0
Ethiopia,30,112902124.0,12040337.0,12361079.0,403581.0,11947.0,2001,0.0,0.0,12.0,345.0,185.0,10057.0,61.0,452.0,12.0,12040337.0,850262049.0,397.0,10975130.0,41993212.0,-31018084.0,5528209.0
Ethiopia,30,112902124.0,12040337.0,12361079.0,403581.0,13075.0,2002,1906097.0,1569.0,9.0,282.0,147.0,11291.0,158.0,487.0,10.0,12040337.0,850262049.0,397.0,10975130.0,41993212.0,-31018084.0,5711907.0
Ethiopia,30,112902124.0,12040337.0,12361079.0,403581.0,13937.0,2003,1906097.0,2542.0,8.0,325.0,130.0,12365.0,92.0,520.0,25.0,12040337.0,850262049.0,397.0,10975130.0,41993212.0,-31018084.0,6788236.0
Ethiopia,30,112902124.0,12040337.0,12361079.0,403581.0,13396.0,2004,1906097.0,2729.0,9.0,564.0,183.0,11661.0,74.0,338.0,67.0,12040337.0,850262049.0,397.0,10975130.0,41993212.0,-31018084.0,6182917.0
Ethiopia,30,112902124.0,12040337.0,12361079.0,403581.0,15868.0,2005,1906097.0,2302.0,21.0,1073.0,163.0,13708.0,85.0,366.0,28.0,12040337.0,850262049.0,397.0,10975130.0,41993212.0,-31018084.0,6889063.0
Ethiopia,30,112902124.0,12040337.0,12361079.0,403581.0,12077.0,2006,1906097.0,2562.0,8.0,355.0,59.0,10751.0,66.0,504.0,11.0,12040337.0,850262049.0,397.0,10975130.0,41993212.0,-31018084.0,5744392.0
Ethiopia,30,112902124.0,12040337.0,12361079.0,403581.0,25609.0,2007,1906097.0,5518.0,41.0,468.0,169.0,23525.0,159.0,655.0,60.0,12040337.0,850262049.0,397.0,10975130.0,41993212.0,-31018084.0,12873797.0
Ethiopia,30,112902124.0,12040337.0,12361079.0,403581.0,24009.0,2008,1906097.0,3590.0,54.0,561.0,150.0,21918.0,133.0,619.0,67.0,12040337.0,850262049.0,397.0,10975130.0,41993212.0,-31018084.0,11043743.0
Ethiopia,30,112902124.0,12040337.0,12361079.0,403581.0,29278.0,2009,1906097.0,3993.0,45.0,564.0,150.0,26776.0,139.0,952.0,7.0,12040337.0,850262049.0,397.0,10975130.0,41993212.0,-31018084.0,13591064.0
Ethiopia,30,112902124.0,12040337.0,12361079.0,403581.0,20184.0,2010,1906097.0,3455.0,36.0,645.0,144.0,17727.0,120.0,1021.0,53.0,12040337.0,850262049.0,397.0,10975130.0,41993212.0,-31018084.0,9778092.0
Ethiopia,30,112902124.0,12040337.0,12361079.0,403581.0,15463.0,2011,1906097.0,2652.0,18.0,524.0,90.0,13829.0,135.0,355.0,37.0,12040337.0,850262049.0,397.0,10975130.0,41993212.0,-31018084.0,7644872.0
Ethiopia,30,112902124.0,12040337.0,12361079.0,403581.0,41633.0,2012,1906097.0,5076.0,12.0,1070.0,214.0,38128.0,277.0,779.0,50.0,12040337.0,850262049.0,397.0,10975130.0,41993212.0,-31018084.0,20228480.0
Ethiopia,30,112902124.0,12040337.0,12361079.0,403581.0,30851.0,2013,1906097.0,6608.0,19.0,1707.0,182.0,26282.0,181.0,1299.0,46.0,12040337.0,850262049.0,397.0,10975130.0,41993212.0,-31018084.0,14507650.0
Ethiopia,30,112902124.0,12040337.0,12361079.0,403581.0,32725.0,2014,1906097.0,5632.0,10.0,2282.0,214.0,27284.0,199.0,1424.0,52.0,12040337.0,850262049.0,397.0,10975130.0,41993212.0,-31018084.0,14899691.0
Ethiopia,30,112902124.0,12040337.0,12361079.0,403581.0,10277.0,2015,1906097.0,1200.0,13.0,624.0,40.0,8749.0,118.0,613.0,2.0,12040337.0,850262049.0,397.0,10975130.0,41993212.0,-31018084.0,4656429.0
Ethiopia,30,112902124.0,12040337.0,12361079.0,403581.0,19582.0,2016,1906097.0,2873.0,36.0,1629.0,125.0,16385.0,277.0,969.0,11.0,12040337.0,850262049.0,397.0,10975130.0,41993212.0,-31018084.0,8795243.0
Ethiopia,30,112902124.0,12040337.0,12361079.0,403581.0,35404.0,2017,1906097.0,7630.0,28.0,1752.0,195.0,30231.0,601.0,2372.0,16.0,12040337.0,850262049.0,397.0,10975130.0,41993212.0,-31018084.0,17508418.0
Ethiopia,30,112902124.0,12040337.0,12361079.0,403581.0,18894.0,2018,1906097.0,3798.0,34.0,1323.0,51.0,15613.0,291.0,1469.0,10.0,12040337.0,850262049.0,397.0,10975130.0,41993212.0,-31018084.0,9448143.0
Ethiopia,30,112902124.0,12040337.0,12361079.0,403581.0,25583.0,2019,1906097.0,7379.0,38.0,1586.0,51.0,22061.0,282.0,1442.0,8.0,12040337.0,850262049.0,397.0,10975130.0,41993212.0,-31018084.0,13547222.0
Ethiopia,30,112902124.0,12040337.0,12361079.0,403581.0,17980.0,2020,1906097.0,4603.0,18.0,1668.0,80.0,14908.0,295.0,840.0,24.0,12040337.0,850262049.0,397.0,10975130.0,41993212.0,-31018084.0,9312938.0
Ethiopia,30,112902124.0,12040337.0,12361079.0,403581.0,19752.0,2021,1906097.0,4349.0,17.0,1546.0,57.0,16781.0,270.0,916.0,45.0,12040337.0,850262049.0,397.0,10975130.0,41993212.0,-31018084.0,11075692.0
Ethiopia,30,112902124.0,12040337.0,12361079.0,403581.0,19941.0,2022,1906097.0,4004.0,22.0,1330.0,49.0,16928.0,224.0,1254.0,19.0,12040337.0,850262049.0,397.0,10975130.0,41993212.0,-31018084.0,11802466.0
Ethiopia,30,112902124.0,12040337.0,12361079.0,403581.0,36263.0,2023,1906097.0,12459.0,3090.0,1730.0,1404.0,26554.0,312.0,2261.0,811.0,12040337.0,850262049.0,397.0,10975130.0,41993212.0,-31018084.0,20648621.0
Ethiopia,30,112902124.0,12040337.0,12361079.0,403581.0,27943.0,2024,1906097.0,5876.0,1767.0,1491.0,559.0,20253.0,315.0,2290.0,1105.0,12040337.0,850262049.0,397.0,10975130.0,41993212.0,-31018084.0,15195790.0
Faroe Islands,30,143971.0,0.0,0.0,0.0,0.0,2001,0.0,0.0,0.0,0.0,0.0,0.0,0.0,0.0,0.0,0.0,0.0,0.0,0.0,0.0,0.0,0.0
Faroe Islands,30,143971.0,0.0,0.0,0.0,0.0,2002,0.0,0.0,0.0,0.0,0.0,0.0,0.0,0.0,0.0,0.0,0.0,0.0,0.0,0.0,0.0,0.0
Faroe Islands,30,143971.0,0.0,0.0,0.0,0.0,2003,0.0,0.0,0.0,0.0,0.0,0.0,0.0,0.0,0.0,0.0,0.0,0.0,0.0,0.0,0.0,0.0
Faroe Islands,30,143971.0,0.0,0.0,0.0,0.0,2004,0.0,0.0,0.0,0.0,0.0,0.0,0.0,0.0,0.0,0.0,0.0,0.0,0.0,0.0,0.0,0.0
Faroe Islands,30,143971.0,0.0,0.0,0.0,0.0,2005,0.0,0.0,0.0,0.0,0.0,0.0,0.0,0.0,0.0,0.0,0.0,0.0,0.0,0.0,0.0,0.0
Faroe Islands,30,143971.0,0.0,0.0,0.0,0.0,2006,0.0,0.0,0.0,0.0,0.0,0.0,0.0,0.0,0.0,0.0,0.0,0.0,0.0,0.0,0.0,0.0
Faroe Islands,30,143971.0,0.0,0.0,0.0,0.0,2007,0.0,0.0,0.0,0.0,0.0,0.0,0.0,0.0,0.0,0.0,0.0,0.0,0.0,0.0,0.0,0.0
Faroe Islands,30,143971.0,0.0,0.0,0.0,0.0,2008,0.0,0.0,0.0,0.0,0.0,0.0,0.0,0.0,0.0,0.0,0.0,0.0,0.0,0.0,0.0,0.0
Faroe Islands,30,143971.0,0.0,0.0,0.0,0.0,2009,0.0,0.0,0.0,0.0,0.0,0.0,0.0,0.0,0.0,0.0,0.0,0.0,0.0,0.0,0.0,0.0
Faroe Islands,30,143971.0,0.0,0.0,0.0,0.0,2010,0.0,0.0,0.0,0.0,0.0,0.0,0.0,0.0,0.0,0.0,0.0,0.0,0.0,0.0,0.0,0.0
Faroe Islands,30,143971.0,0.0,0.0,0.0,0.0,2011,0.0,0.0,0.0,0.0,0.0,0.0,0.0,0.0,0.0,0.0,0.0,0.0,0.0,0.0,0.0,0.0
Faroe Islands,30,143971.0,0.0,0.0,0.0,0.0,2012,0.0,0.0,0.0,0.0,0.0,0.0,0.0,0.0,0.0,0.0,0.0,0.0,0.0,0.0,0.0,0.0
Faroe Islands,30,143971.0,0.0,0.0,0.0,0.0,2013,0.0,0.0,0.0,0.0,0.0,0.0,0.0,0.0,0.0,0.0,0.0,0.0,0.0,0.0,0.0,0.0
Faroe Islands,30,143971.0,0.0,0.0,0.0,0.0,2014,0.0,0.0,0.0,0.0,0.0,0.0,0.0,0.0,0.0,0.0,0.0,0.0,0.0,0.0,0.0,0.0
Faroe Islands,30,143971.0,0.0,0.0,0.0,0.0,2015,0.0,0.0,0.0,0.0,0.0,0.0,0.0,0.0,0.0,0.0,0.0,0.0,0.0,0.0,0.0,0.0
Faroe Islands,30,143971.0,0.0,0.0,0.0,0.0,2016,0.0,0.0,0.0,0.0,0.0,0.0,0.0,0.0,0.0,0.0,0.0,0.0,0.0,0.0,0.0,0.0
Faroe Islands,30,143971.0,0.0,0.0,0.0,0.0,2017,0.0,0.0,0.0,0.0,0.0,0.0,0.0,0.0,0.0,0.0,0.0,0.0,0.0,0.0,0.0,0.0
Faroe Islands,30,143971.0,0.0,0.0,0.0,0.0,2018,0.0,0.0,0.0,0.0,0.0,0.0,0.0,0.0,0.0,0.0,0.0,0.0,0.0,0.0,0.0,0.0
Faroe Islands,30,143971.0,0.0,0.0,0.0,0.0,2019,0.0,0.0,0.0,0.0,0.0,0.0,0.0,0.0,0.0,0.0,0.0,0.0,0.0,0.0,0.0,0.0
Faroe Islands,30,143971.0,0.0,0.0,0.0,0.0,2020,0.0,0.0,0.0,0.0,0.0,0.0,0.0,0.0,0.0,0.0,0.0,0.0,0.0,0.0,0.0,0.0
Faroe Islands,30,143971.0,0.0,0.0,0.0,0.0,2021,0.0,0.0,0.0,0.0,0.0,0.0,0.0,0.0,0.0,0.0,0.0,0.0,0.0,0.0,0.0,0.0
Faroe Islands,30,143971.0,0.0,0.0,0.0,0.0,2022,0.0,0.0,0.0,0.0,0.0,0.0,0.0,0.0,0.0,0.0,0.0,0.0,0.0,0.0,0.0,0.0
Faroe Islands,30,143971.0,0.0,0.0,0.0,0.0,2023,0.0,0.0,0.0,0.0,0.0,0.0,0.0,0.0,0.0,0.0,0.0,0.0,0.0,0.0,0.0,0.0
Faroe Islands,30,143971.0,0.0,0.0,0.0,0.0,2024,0.0,0.0,0.0,0.0,0.0,0.0,0.0,0.0,0.0,0.0,0.0,0.0,0.0,0.0,0.0,0.0
Fiji,30,1808214.0,1556562.0,1418745.0,5410.0,1098.0,2001,0.0,0.0,0.0,863.0,96.0,74.0,7.0,20.0,1.0,1556562.0,158849875.0,449.0,1208112.0,7686982.0,-6478869.0,538323.0
Fiji,30,1808214.0,1556562.0,1418745.0,5410.0,703.0,2002,534683.0,19.0,0.0,498.0,127.0,39.0,2.0,11.0,0.0,1556562.0,158849875.0,449.0,1208112.0,7686982.0,-6478869.0,348521.0
Fiji,30,1808214.0,1556562.0,1418745.0,5410.0,1572.0,2003,534683.0,53.0,0.0,1148.0,233.0,102.0,11.0,6.0,25.0,1556562.0,158849875.0,449.0,1208112.0,7686982.0,-6478869.0,775983.0
Fiji,30,1808214.0,1556562.0,1418745.0,5410.0,2080.0,2004,534683.0,231.0,0.0,1438.0,392.0,129.0,25.0,12.0,6.0,1556562.0,158849875.0,449.0,1208112.0,7686982.0,-6478869.0,1059008.0
Fiji,30,1808214.0,1556562.0,1418745.0,5410.0,1666.0,2005,534683.0,153.0,0.0,1308.0,198.0,89.0,15.0,3.0,0.0,1556562.0,158849875.0,449.0,1208112.0,7686982.0,-6478869.0,862981.0
Fiji,30,1808214.0,1556562.0,1418745.0,5410.0,1875.0,2006,534683.0,168.0,0.0,1514.0,156.0,139.0,10.0,2.0,0.0,1556562.0,158849875.0,449.0,1208112.0,7686982.0,-6478869.0,986937.0
Fiji,30,1808214.0,1556562.0,1418745.0,5410.0,2148.0,2007,534683.0,127.0,0.0,1801.0,191.0,78.0,14.0,7.0,0.0,1556562.0,158849875.0,449.0,1208112.0,7686982.0,-6478869.0,1108188.0
Fiji,30,1808214.0,1556562.0,1418745.0,5410.0,2387.0,2008,534683.0,121.0,0.0,1813.0,334.0,133.0,22.0,3.0,3.0,1556562.0,158849875.0,449.0,1208112.0,7686982.0,-6478869.0,1235197.0
Fiji,30,1808214.0,1556562.0,1418745.0,5410.0,1791.0,2009,534683.0,102.0,4.0,1456.0,174.0,77.0,13.0,3.0,1.0,1556562.0,158849875.0,449.0,1208112.0,7686982.0,-6478869.0,939439.0
Fiji,30,1808214.0,1556562.0,1418745.0,5410.0,2347.0,2010,534683.0,187.0,1.0,1720.0,371.0,107.0,18.0,7.0,0.0,1556562.0,158849875.0,449.0,1208112.0,7686982.0,-6478869.0,1257273.0
Fiji,30,1808214.0,1556562.0,1418745.0,5410.0,552.0,2011,534683.0,54.0,0.0,389.0,94.0,22.0,4.0,1.0,0.0,1556562.0,158849875.0,449.0,1208112.0,7686982.0,-6478869.0,290208.0
Fiji,30,1808214.0,1556562.0,1418745.0,5410.0,1220.0,2012,534683.0,72.0,0.0,773.0,228.0,94.0,11.0,9.0,3.0,1556562.0,158849875.0,449.0,1208112.0,7686982.0,-6478869.0,628330.0
Fiji,30,1808214.0,1556562.0,1418745.0,5410.0,2699.0,2013,534683.0,453.0,2.0,1798.0,507.0,155.0,38.0,12.0,7.0,1556562.0,158849875.0,449.0,1208112.0,7686982.0,-6478869.0,1454338.0
Fiji,30,1808214.0,1556562.0,1418745.0,5410.0,3688.0,2014,534683.0,244.0,4.0,2045.0,1080.0,234.0,26.0,77.0,31.0,1556562.0,158849875.0,449.0,1208112.0,7686982.0,-6478869.0,1842815.0
Fiji,30,1808214.0,1556562.0,1418745.0,5410.0,1838.0,2015,534683.0,118.0,0.0,1159.0,441.0,138.0,14.0,32.0,6.0,1556562.0,158849875.0,449.0,1208112.0,7686982.0,-6478869.0,1004961.0
Fiji,30,1808214.0,1556562.0,1418745.0,5410.0,8373.0,2016,534683.0,3094.0,17.0,2375.0,5470.0,189.0,55.0,118.0,120.0,1556562.0,158849875.0,449.0,1208112.0,7686982.0,-6478869.0,4406958.0
Fiji,30,1808214.0,1556562.0,1418745.0,5410.0,3092.0,2017,534683.0,565.0,7.0,2149.0,630.0,115.0,48.0,75.0,34.0,1556562.0,158849875.0,449.0,1208112.0,7686982.0,-6478869.0,1650048.0
Fiji,30,1808214.0,1556562.0,1418745.0,5410.0,1367.0,2018,534683.0,199.0,4.0,718.0,487.0,57.0,41.0,22.0,2.0,1556562.0,158849875.0,449.0,1208112.0,7686982.0,-6478869.0,728859.0
Fiji,30,1808214.0,1556562.0,1418745.0,5410.0,1455.0,2019,534683.0,76.0,0.0,1276.0,69.0,71.0,11.0,5.0,7.0,1556562.0,158849875.0,449.0,1208112.0,7686982.0,-6478869.0,825425.0
Fiji,30,1808214.0,1556562.0,1418745.0,5410.0,2067.0,2020,534683.0,166.0,0.0,1481.0,372.0,147.0,25.0,8.0,1.0,1556562.0,158849875.0,449.0,1208112.0,7686982.0,-6478869.0,1163674.0
Fiji,30,1808214.0,1556562.0,1418745.0,5410.0,7199.0,2021,534683.0,1069.0,1.0,5897.0,1056.0,114.0,13.0,8.0,66.0,1556562.0,158849875.0,449.0,1208112.0,7686982.0,-6478869.0,4212392.0
Fiji,30,1808214.0,1556562.0,1418745.0,5410.0,989.0,2022,534683.0,142.0,0.0,825.0,76.0,56.0,3.0,16.0,2.0,1556562.0,158849875.0,449.0,1208112.0,7686982.0,-6478869.0,592721.0
Fiji,30,1808214.0,1556562.0,1418745.0,5410.0,788.0,2023,534683.0,86.0,0.0,629.0,53.0,77.0,6.0,13.0,7.0,1556562.0,158849875.0,449.0,1208112.0,7686982.0,-6478869.0,470886.0
Fiji,30,1808214.0,1556562.0,1418745.0,5410.0,1080.0,2024,534683.0,47.0,0.0,767.0,100.0,119.0,10.0,25.0,49.0,1556562.0,158849875.0,449.0,1208112.0,7686982.0,-6478869.0,611212.0
Finland,30,33693913.0,21627651.0,22817318.0,1357022.0,151003.0,2001,0.0,0.0,347.0,147941.0,9.0,963.0,1375.0,0.0,222.0,21627651.0,618264790.0,80.0,44632632.0,77839491.0,-33206860.0,28289649.0
Finland,30,33693913.0,21627651.0,22817318.0,1357022.0,142433.0,2002,0.0,0.0,321.0,139458.0,10.0,808.0,1211.0,0.0,490.0,21627651.0,618264790.0,80.0,44632632.0,77839491.0,-33206860.0,26908496.0
Finland,30,33693913.0,21627651.0,22817318.0,1357022.0,89697.0,2003,0.0,0.0,189.0,87188.0,6.0,854.0,1024.0,0.0,372.0,21627651.0,618264790.0,80.0,44632632.0,77839491.0,-33206860.0,16657817.0
Finland,30,33693913.0,21627651.0,22817318.0,1357022.0,146603.0,2004,0.0,0.0,324.0,142800.0,3.0,1151.0,1642.0,0.0,553.0,21627651.0,618264790.0,80.0,44632632.0,77839491.0,-33206860.0,28795397.0
Finland,30,33693913.0,21627651.0,22817318.0,1357022.0,230333.0,2005,0.0,0.0,527.0,222590.0,6.0,3506.0,2981.0,0.0,567.0,21627651.0,618264790.0,80.0,44632632.0,77839491.0,-33206860.0,46483399.0
Finland,30,33693913.0,21627651.0,22817318.0,1357022.0,182294.0,2006,0.0,0.0,554.0,176554.0,18.0,1581.0,2710.0,0.0,694.0,21627651.0,618264790.0,80.0,44632632.0,77839491.0,-33206860.0,36343782.0
Finland,30,33693913.0,21627651.0,22817318.0,1357022.0,151915.0,2007,0.0,0.0,959.0,147477.0,2.0,967.0,2114.0,0.0,324.0,21627651.0,618264790.0,80.0,44632632.0,77839491.0,-33206860.0,32137882.0
Finland,30,33693913.0,21627651.0,22817318.0,1357022.0,200193.0,2008,0.0,0.0,926.0,194403.0,1.0,1553.0,2887.0,0.0,314.0,21627651.0,618264790.0,80.0,44632632.0,77839491.0,-33206860.0,41895877.0
Finland,30,33693913.0,21627651.0,22817318.0,1357022.0,176321.0,2009,0.0,0.0,877.0,169737.0,36.0,2425.0,2393.0,0.0,676.0,21627651.0,618264790.0,80.0,44632632.0,77839491.0,-33206860.0,35461266.0
Finland,30,33693913.0,21627651.0,22817318.0,1357022.0,167507.0,2010,0.0,0.0,682.0,161636.0,1.0,2120.0,2554.0,0.0,383.0,21627651.0,618264790.0,80.0,44632632.0,77839491.0,-33206860.0,36438514.0
Finland,30,33693913.0,21627651.0,22817318.0,1357022.0,159354.0,2011,0.0,0.0,781.0,154458.0,22.0,1752.0,1711.0,0.0,409.0,21627651.0,618264790.0,80.0,44632632.0,77839491.0,-33206860.0,34137241.0
Finland,30,33693913.0,21627651.0,22817318.0,1357022.0,160311.0,2012,0.0,0.0,599.0,154267.0,23.0,2259.0,2603.0,0.0,340.0,21627651.0,618264790.0,80.0,44632632.0,77839491.0,-33206860.0,35411758.0
Finland,30,33693913.0,21627651.0,22817318.0,1357022.0,148661.0,2013,0.0,0.0,570.0,143933.0,21.0,2089.0,1406.0,0.0,291.0,21627651.0,618264790.0,80.0,44632632.0,77839491.0,-33206860.0,32187761.0
Finland,30,33693913.0,21627651.0,22817318.0,1357022.0,186629.0,2014,0.0,0.0,757.0,181324.0,14.0,2028.0,2077.0,0.0,170.0,21627651.0,618264790.0,80.0,44632632.0,77839491.0,-33206860.0,40577351.0
Finland,30,33693913.0,21627651.0,22817318.0,1357022.0,172639.0,2015,0.0,0.0,518.0,169103.0,3.0,1065.0,1732.0,0.0,111.0,21627651.0,618264790.0,80.0,44632632.0,77839491.0,-33206860.0,38513499.0
Finland,30,33693913.0,21627651.0,22817318.0,1357022.0,240428.0,2016,0.0,0.0,889.0,235213.0,10.0,1364.0,2536.0,0.0,252.0,21627651.0,618264790.0,80.0,44632632.0,77839491.0,-33206860.0,53042448.0
Finland,30,33693913.0,21627651.0,22817318.0,1357022.0,336198.0,2017,0.0,0.0,1073.0,329099.0,142.0,1458.0,3823.0,0.0,276.0,21627651.0,618264790.0,80.0,44632632.0,77839491.0,-33206860.0,75408327.0
Finland,30,33693913.0,21627651.0,22817318.0,1357022.0,269954.0,2018,0.0,0.0,838.0,265305.0,178.0,1202.0,2127.0,0.0,172.0,21627651.0,618264790.0,80.0,44632632.0,77839491.0,-33206860.0,62035045.0
Finland,30,33693913.0,21627651.0,22817318.0,1357022.0,289911.0,2019,0.0,0.0,912.0,285393.0,147.0,1089.0,2139.0,0.0,141.0,21627651.0,618264790.0,80.0,44632632.0,77839491.0,-33206860.0,66503282.0
Finland,30,33693913.0,21627651.0,22817318.0,1357022.0,254473.0,2020,0.0,0.0,782.0,250509.0,10.0,904.0,1974.0,0.0,213.0,21627651.0,618264790.0,80.0,44632632.0,77839491.0,-33206860.0,58874899.0
Finland,30,33693913.0,21627651.0,22817318.0,1357022.0,266899.0,2021,0.0,0.0,630.0,263082.0,199.0,957.0,1619.0,0.0,325.0,21627651.0,618264790.0,80.0,44632632.0,77839491.0,-33206860.0,63588011.0
Finland,30,33693913.0,21627651.0,22817318.0,1357022.0,255378.0,2022,0.0,0.0,721.0,251783.0,88.0,908.0,1652.0,0.0,150.0,21627651.0,618264790.0,80.0,44632632.0,77839491.0,-33206860.0,62164825.0
Finland,30,33693913.0,21627651.0,22817318.0,1357022.0,241781.0,2023,0.0,0.0,765.0,238605.0,6.0,759.0,1362.0,0.0,242.0,21627651.0,618264790.0,80.0,44632632.0,77839491.0,-33206860.0,60404585.0
Finland,30,33693913.0,21627651.0,22817318.0,1357022.0,233618.0,2024,0.0,0.0,543.0,230878.0,17.0,692.0,1215.0,0.0,239.0,21627651.0,618264790.0,80.0,44632632.0,77839491.0,-33206860.0,58922062.0
France,30,54951533.0,16783020.0,16838139.0,695648.0,34421.0,2001,0.0,0.0,114.0,27140.0,65.0,2948.0,915.0,0.0,1540.0,16783020.0,1388341396.0,375.0,32089193.0,131316301.0,-99227109.0,13050981.0
France,30,54951533.0,16783020.0,16838139.0,695648.0,33889.0,2002,0.0,0.0,75.0,29031.0,84.0,1505.0,904.0,0.0,1527.0,16783020.0,1388341396.0,375.0,32089193.0,131316301.0,-99227109.0,13058178.0
France,30,54951533.0,16783020.0,16838139.0,695648.0,26393.0,2003,0.0,0.0,77.0,19669.0,53.0,1309.0,805.0,0.0,3662.0,16783020.0,1388341396.0,375.0,32089193.0,131316301.0,-99227109.0,10035276.0
France,30,54951533.0,16783020.0,16838139.0,695648.0,76134.0,2004,0.0,0.0,134.0,62563.0,151.0,3606.0,1969.0,0.0,6284.0,16783020.0,1388341396.0,375.0,32089193.0,131316301.0,-99227109.0,30933769.0
France,30,54951533.0,16783020.0,16838139.0,695648.0,46392.0,2005,0.0,0.0,128.0,39959.0,65.0,2015.0,1331.0,0.0,1789.0,16783020.0,1388341396.0,375.0,32089193.0,131316301.0,-99227109.0,19436093.0
France,30,54951533.0,16783020.0,16838139.0,695648.0,55050.0,2006,0.0,0.0,190.0,47912.0,52.0,2579.0,2186.0,0.0,1052.0,16783020.0,1388341396.0,375.0,32089193.0,131316301.0,-99227109.0,24056766.0
France,30,54951533.0,16783020.0,16838139.0,695648.0,49247.0,2007,0.0,0.0,209.0,43672.0,53.0,1727.0,1798.0,0.0,992.0,16783020.0,1388341396.0,375.0,32089193.0,131316301.0,-99227109.0,22379664.0
France,30,54951533.0,16783020.0,16838139.0,695648.0,86955.0,2008,0.0,0.0,255.0,78786.0,116.0,2291.0,2273.0,0.0,1318.0,16783020.0,1388341396.0,375.0,32089193.0,131316301.0,-99227109.0,41347558.0
France,30,54951533.0,16783020.0,16838139.0,695648.0,67054.0,2009,0.0,0.0,213.0,60654.0,197.0,2277.0,1462.0,0.0,1140.0,16783020.0,1388341396.0,375.0,32089193.0,131316301.0,-99227109.0,29454492.0
France,30,54951533.0,16783020.0,16838139.0,695648.0,143266.0,2010,0.0,0.0,236.0,135084.0,82.0,2329.0,1596.0,0.0,2576.0,16783020.0,1388341396.0,375.0,32089193.0,131316301.0,-99227109.0,62997850.0
France,30,54951533.0,16783020.0,16838139.0,695648.0,64075.0,2011,0.0,0.0,203.0,58682.0,41.0,2046.0,1237.0,0.0,997.0,16783020.0,1388341396.0,375.0,32089193.0,131316301.0,-99227109.0,30463732.0
France,30,54951533.0,16783020.0,16838139.0,695648.0,67303.0,2012,0.0,0.0,233.0,60619.0,85.0,2292.0,1400.0,0.0,1188.0,16783020.0,1388341396.0,375.0,32089193.0,131316301.0,-99227109.0,32353430.0
France,30,54951533.0,16783020.0,16838139.0,695648.0,30352.0,2013,0.0,0.0,146.0,27638.0,38.0,847.0,828.0,0.0,428.0,16783020.0,1388341396.0,375.0,32089193.0,131316301.0,-99227109.0,14733505.0
France,30,54951533.0,16783020.0,16838139.0,695648.0,44360.0,2014,0.0,0.0,237.0,40674.0,61.0,1102.0,913.0,0.0,839.0,16783020.0,1388341396.0,375.0,32089193.0,131316301.0,-99227109.0,22078222.0
France,30,54951533.0,16783020.0,16838139.0,695648.0,37293.0,2015,0.0,0.0,122.0,34589.0,49.0,958.0,677.0,0.0,550.0,16783020.0,1388341396.0,375.0,32089193.0,131316301.0,-99227109.0,18552067.0
France,30,54951533.0,16783020.0,16838139.0,695648.0,60769.0,2016,0.0,0.0,215.0,54965.0,54.0,1626.0,1200.0,0.0,2250.0,16783020.0,1388341396.0,375.0,32089193.0,131316301.0,-99227109.0,29954101.0
France,30,54951533.0,16783020.0,16838139.0,695648.0,69249.0,2017,0.0,0.0,156.0,59597.0,139.0,1502.0,1190.0,0.0,6070.0,16783020.0,1388341396.0,375.0,32089193.0,131316301.0,-99227109.0,34258559.0
France,30,54951533.0,16783020.0,16838139.0,695648.0,69202.0,2018,0.0,0.0,254.0,61836.0,245.0,1256.0,1237.0,0.0,3891.0,16783020.0,1388341396.0,375.0,32089193.0,131316301.0,-99227109.0,35858265.0
France,30,54951533.0,16783020.0,16838139.0,695648.0,81305.0,2019,0.0,0.0,208.0,73269.0,271.0,1079.0,1266.0,0.0,4645.0,16783020.0,1388341396.0,375.0,32089193.0,131316301.0,-99227109.0,43655938.0
France,30,54951533.0,16783020.0,16838139.0,695648.0,77746.0,2020,0.0,0.0,238.0,70993.0,281.0,919.0,1070.0,0.0,3772.0,16783020.0,1388341396.0,375.0,32089193.0,131316301.0,-99227109.0,43946718.0
France,30,54951533.0,16783020.0,16838139.0,695648.0,112885.0,2021,0.0,0.0,174.0,105490.0,245.0,1069.0,1315.0,0.0,3777.0,16783020.0,1388341396.0,375.0,32089193.0,131316301.0,-99227109.0,66514861.0
France,30,54951533.0,16783020.0,16838139.0,695648.0,58786.0,2022,0.0,0.0,90.0,51922.0,46.0,648.0,773.0,0.0,4952.0,16783020.0,1388341396.0,375.0,32089193.0,131316301.0,-99227109.0,32292034.0
France,30,54951533.0,16783020.0,16838139.0,695648.0,86279.0,2023,0.0,0.0,141.0,80266.0,71.0,936.0,989.0,0.0,3377.0,16783020.0,1388341396.0,375.0,32089193.0,131316301.0,-99227109.0,50720413.0
France,30,54951533.0,16783020.0,16838139.0,695648.0,79147.0,2024,0.0,0.0,154.0,74696.0,146.0,892.0,1089.0,0.0,1533.0,16783020.0,1388341396.0,375.0,32089193.0,131316301.0,-99227109.0,48008176.0
French Guiana,30,8330102.0,8162754.0,8157816.0,10103.0,3033.0,2001,0.0,0.0,380.0,194.0,77.0,1342.0,127.0,725.0,1.0,8162754.0,1375105411.0,731.0,2882440.0,19356156.0,-16473717.0,2303322.0
French Guiana,30,8330102.0,8162754.0,8157816.0,10103.0,2497.0,2002,7854982.0,1628.0,317.0,143.0,84.0,1104.0,99.0,639.0,0.0,8162754.0,1375105411.0,731.0,2882440.0,19356156.0,-16473717.0,1922755.0
French Guiana,30,8330102.0,8162754.0,8157816.0,10103.0,1889.0,2003,7854982.0,1267.0,238.0,121.0,47.0,973.0,57.0,348.0,0.0,8162754.0,1375105411.0,731.0,2882440.0,19356156.0,-16473717.0,1411291.0
French Guiana,30,8330102.0,8162754.0,8157816.0,10103.0,4804.0,2004,7854982.0,3268.0,560.0,275.0,120.0,2681.0,152.0,807.0,2.0,8162754.0,1375105411.0,731.0,2882440.0,19356156.0,-16473717.0,3612114.0
French Guiana,30,8330102.0,8162754.0,8157816.0,10103.0,2841.0,2005,7854982.0,2028.0,385.0,157.0,83.0,1687.0,90.0,343.0,0.0,8162754.0,1375105411.0,731.0,2882440.0,19356156.0,-16473717.0,2117665.0
French Guiana,30,8330102.0,8162754.0,8157816.0,10103.0,2535.0,2006,7854982.0,1943.0,449.0,97.0,49.0,1366.0,81.0,407.0,0.0,8162754.0,1375105411.0,731.0,2882440.0,19356156.0,-16473717.0,1957914.0
French Guiana,30,8330102.0,8162754.0,8157816.0,10103.0,3329.0,2007,7854982.0,2421.0,489.0,164.0,43.0,1976.0,175.0,383.0,1.0,8162754.0,1375105411.0,731.0,2882440.0,19356156.0,-16473717.0,2517893.0
French Guiana,30,8330102.0,8162754.0,8157816.0,10103.0,5223.0,2008,7854982.0,3723.0,587.0,311.0,172.0,2954.0,236.0,725.0,2.0,8162754.0,1375105411.0,731.0,2882440.0,19356156.0,-16473717.0,3940806.0
French Guiana,30,8330102.0,8162754.0,8157816.0,10103.0,2862.0,2009,7854982.0,2088.0,164.0,128.0,71.0,1724.0,98.0,436.0,2.0,8162754.0,1375105411.0,731.0,2882440.0,19356156.0,-16473717.0,2181259.0
French Guiana,30,8330102.0,8162754.0,8157816.0,10103.0,3205.0,2010,7854982.0,2428.0,388.0,236.0,95.0,1705.0,187.0,285.0,1.0,8162754.0,1375105411.0,731.0,2882440.0,19356156.0,-16473717.0,2451482.0
French Guiana,30,8330102.0,8162754.0,8157816.0,10103.0,2710.0,2011,7854982.0,2153.0,291.0,185.0,119.0,1439.0,108.0,158.0,0.0,8162754.0,1375105411.0,731.0,2882440.0,19356156.0,-16473717.0,2064700.0
French Guiana,30,8330102.0,8162754.0,8157816.0,10103.0,9773.0,2012,7854982.0,7425.0,710.0,1061.0,796.0,3851.0,395.0,736.0,2.0,8162754.0,1375105411.0,731.0,2882440.0,19356156.0,-16473717.0,7400579.0
French Guiana,30,8330102.0,8162754.0,8157816.0,10103.0,2968.0,2013,7854982.0,1989.0,258.0,86.0,153.0,1703.0,110.0,477.0,3.0,8162754.0,1375105411.0,731.0,2882440.0,19356156.0,-16473717.0,2197953.0
French Guiana,30,8330102.0,8162754.0,8157816.0,10103.0,4195.0,2014,7854982.0,2813.0,657.0,173.0,312.0,2176.0,131.0,621.0,1.0,8162754.0,1375105411.0,731.0,2882440.0,19356156.0,-16473717.0,3057234.0
French Guiana,30,8330102.0,8162754.0,8157816.0,10103.0,2868.0,2015,7854982.0,1945.0,489.0,127.0,119.0,1670.0,71.0,358.0,0.0,8162754.0,1375105411.0,731.0,2882440.0,19356156.0,-16473717.0,2086048.0
French Guiana,30,8330102.0,8162754.0,8157816.0,10103.0,6127.0,2016,7854982.0,3921.0,986.0,524.0,300.0,3276.0,223.0,747.0,6.0,8162754.0,1375105411.0,731.0,2882440.0,19356156.0,-16473717.0,4456901.0
French Guiana,30,8330102.0,8162754.0,8157816.0,10103.0,4146.0,2017,7854982.0,2739.0,1008.0,288.0,321.0,1900.0,124.0,455.0,2.0,8162754.0,1375105411.0,731.0,2882440.0,19356156.0,-16473717.0,3023277.0
French Guiana,30,8330102.0,8162754.0,8157816.0,10103.0,3738.0,2018,7854982.0,2616.0,828.0,245.0,287.0,1835.0,132.0,374.0,4.0,8162754.0,1375105411.0,731.0,2882440.0,19356156.0,-16473717.0,2789029.0
French Guiana,30,8330102.0,8162754.0,8157816.0,10103.0,3299.0,2019,7854982.0,2270.0,713.0,168.0,264.0,1578.0,84.0,450.0,6.0,8162754.0,1375105411.0,731.0,2882440.0,19356156.0,-16473717.0,2518640.0
French Guiana,30,8330102.0,8162754.0,8157816.0,10103.0,4288.0,2020,7854982.0,3135.0,672.0,360.0,360.0,2252.0,73.0,511.0,5.0,8162754.0,1375105411.0,731.0,2882440.0,19356156.0,-16473717.0,3274344.0
French Guiana,30,8330102.0,8162754.0,8157816.0,10103.0,2205.0,2021,7854982.0,1678.0,348.0,175.0,216.0,1161.0,46.0,199.0,3.0,8162754.0,1375105411.0,731.0,2882440.0,19356156.0,-16473717.0,1712092.0
French Guiana,30,8330102.0,8162754.0,8157816.0,10103.0,3840.0,2022,7854982.0,2827.0,764.0,345.0,477.0,1556.0,81.0,529.0,1.0,8162754.0,1375105411.0,731.0,2882440.0,19356156.0,-16473717.0,2931358.0
French Guiana,30,8330102.0,8162754.0,8157816.0,10103.0,5044.0,2023,7854982.0,3230.0,779.0,248.0,604.0,2600.0,128.0,639.0,31.0,8162754.0,1375105411.0,731.0,2882440.0,19356156.0,-16473717.0,3822319.0
French Guiana,30,8330102.0,8162754.0,8157816.0,10103.0,4493.0,2024,7854982.0,3244.0,693.0,134.0,687.0,2154.0,79.0,394.0,332.0,8162754.0,1375105411.0,731.0,2882440.0,19356156.0,-16473717.0,3427583.0
Gabon,30,26454960.0,24690954.0,24699912.0,50030.0,15083.0,2001,0.0,0.0,203.0,2962.0,595.0,1490.0,463.0,8576.0,5.0,24690954.0,3124483759.0,531.0,14587473.0,80124720.0,-65537248.0,8854536.0
Gabon,30,26454960.0,24690954.0,24699912.0,50030.0,13852.0,2002,22683195.0,7001.0,147.0,2496.0,382.0,2017.0,215.0,7801.0,7.0,24690954.0,3124483759.0,531.0,14587473.0,80124720.0,-65537248.0,8180158.0
Gabon,30,26454960.0,24690954.0,24699912.0,50030.0,16846.0,2003,22683195.0,10674.0,230.0,2440.0,639.0,1501.0,217.0,10835.0,5.0,24690954.0,3124483759.0,531.0,14587473.0,80124720.0,-65537248.0,10234294.0
Gabon,30,26454960.0,24690954.0,24699912.0,50030.0,9983.0,2004,22683195.0,5698.0,119.0,1638.0,431.0,1064.0,157.0,6073.0,7.0,24690954.0,3124483759.0,531.0,14587473.0,80124720.0,-65537248.0,5917404.0
Gabon,30,26454960.0,24690954.0,24699912.0,50030.0,17699.0,2005,22683195.0,10815.0,375.0,3451.0,526.0,1375.0,860.0,9962.0,3.0,24690954.0,3124483759.0,531.0,14587473.0,80124720.0,-65537248.0,10798114.0
Gabon,30,26454960.0,24690954.0,24699912.0,50030.0,19300.0,2006,22683195.0,10494.0,399.0,3772.0,901.0,3834.0,272.0,8909.0,46.0,24690954.0,3124483759.0,531.0,14587473.0,80124720.0,-65537248.0,10915928.0
Gabon,30,26454960.0,24690954.0,24699912.0,50030.0,16501.0,2007,22683195.0,10584.0,237.0,4219.0,610.0,1606.0,370.0,8069.0,10.0,24690954.0,3124483759.0,531.0,14587473.0,80124720.0,-65537248.0,9752888.0
Gabon,30,26454960.0,24690954.0,24699912.0,50030.0,17367.0,2008,22683195.0,9314.0,455.0,2911.0,1057.0,2512.0,542.0,8919.0,6.0,24690954.0,3124483759.0,531.0,14587473.0,80124720.0,-65537248.0,10294837.0
Gabon,30,26454960.0,24690954.0,24699912.0,50030.0,18253.0,2009,22683195.0,11765.0,330.0,4256.0,577.0,893.0,454.0,9325.0,13.0,24690954.0,3124483759.0,531.0,14587473.0,80124720.0,-65537248.0,11436584.0
Gabon,30,26454960.0,24690954.0,24699912.0,50030.0,10676.0,2010,22683195.0,6237.0,272.0,1648.0,399.0,1240.0,289.0,6041.0,2.0,24690954.0,3124483759.0,531.0,14587473.0,80124720.0,-65537248.0,6633498.0
Gabon,30,26454960.0,24690954.0,24699912.0,50030.0,18160.0,2011,22683195.0,8688.0,628.0,2228.0,905.0,2447.0,1364.0,9639.0,6.0,24690954.0,3124483759.0,531.0,14587473.0,80124720.0,-65537248.0,11054218.0
Gabon,30,26454960.0,24690954.0,24699912.0,50030.0,17476.0,2012,22683195.0,9507.0,364.0,1921.0,469.0,5139.0,460.0,8541.0,8.0,24690954.0,3124483759.0,531.0,14587473.0,80124720.0,-65537248.0,10767664.0
Gabon,30,26454960.0,24690954.0,24699912.0,50030.0,44448.0,2013,22683195.0,25802.0,844.0,5808.0,2051.0,13286.0,957.0,19015.0,41.0,24690954.0,3124483759.0,531.0,14587473.0,80124720.0,-65537248.0,27060195.0
Gabon,30,26454960.0,24690954.0,24699912.0,50030.0,48752.0,2014,22683195.0,29148.0,1136.0,8708.0,1293.0,9476.0,1003.0,23050.0,27.0,24690954.0,3124483759.0,531.0,14587473.0,80124720.0,-65537248.0,30542398.0
Gabon,30,26454960.0,24690954.0,24699912.0,50030.0,25472.0,2015,22683195.0,15816.0,726.0,1898.0,316.0,10032.0,427.0,11700.0,15.0,24690954.0,3124483759.0,531.0,14587473.0,80124720.0,-65537248.0,16585807.0
Gabon,30,26454960.0,24690954.0,24699912.0,50030.0,32151.0,2016,22683195.0,18885.0,862.0,2794.0,302.0,9747.0,503.0,17426.0,23.0,24690954.0,3124483759.0,531.0,14587473.0,80124720.0,-65537248.0,21135838.0
Gabon,30,26454960.0,24690954.0,24699912.0,50030.0,38644.0,2017,22683195.0,22915.0,1068.0,5022.0,386.0,11580.0,697.0,18895.0,106.0,24690954.0,3124483759.0,531.0,14587473.0,80124720.0,-65537248.0,25162557.0
Gabon,30,26454960.0,24690954.0,24699912.0,50030.0,26787.0,2018,22683195.0,12250.0,936.0,3933.0,181.0,3545.0,465.0,17486.0,4.0,24690954.0,3124483759.0,531.0,14587473.0,80124720.0,-65537248.0,17286908.0
Gabon,30,26454960.0,24690954.0,24699912.0,50030.0,28561.0,2019,22683195.0,13815.0,914.0,4626.0,182.0,2695.0,446.0,19420.0,15.0,24690954.0,3124483759.0,531.0,14587473.0,80124720.0,-65537248.0,18661703.0
Gabon,30,26454960.0,24690954.0,24699912.0,50030.0,22022.0,2020,22683195.0,10628.0,558.0,3760.0,626.0,2000.0,281.0,14370.0,11.0,24690954.0,3124483759.0,531.0,14587473.0,80124720.0,-65537248.0,14335606.0
Gabon,30,26454960.0,24690954.0,24699912.0,50030.0,18317.0,2021,22683195.0,8858.0,507.0,2830.0,132.0,1486.0,289.0,12607.0,149.0,24690954.0,3124483759.0,531.0,14587473.0,80124720.0,-65537248.0,12246690.0
Gabon,30,26454960.0,24690954.0,24699912.0,50030.0,29455.0,2022,22683195.0,14510.0,951.0,6188.0,218.0,2767.0,426.0,18474.0,53.0,24690954.0,3124483759.0,531.0,14587473.0,80124720.0,-65537248.0,19598653.0
Gabon,30,26454960.0,24690954.0,24699912.0,50030.0,19706.0,2023,22683195.0,10310.0,1196.0,3809.0,208.0,1553.0,202.0,12615.0,31.0,24690954.0,3124483759.0,531.0,14587473.0,80124720.0,-65537248.0,13259469.0
Gabon,30,26454960.0,24690954.0,24699912.0,50030.0,29130.0,2024,22683195.0,15464.0,1119.0,6161.0,428.0,2999.0,392.0,17643.0,198.0,24690954.0,3124483759.0,531.0,14587473.0,80124720.0,-65537248.0,19383394.0
Gambia,30,1067022.0,4563.0,3885.0,15326.0,3.0,2001,0.0,0.0,0.0,0.0,0.0,2.0,0.0,0.0,0.0,4563.0,179909.0,204.0,11154.0,76379.0,-65227.0,3328.0
Gambia,30,1067022.0,4563.0,3885.0,15326.0,41.0,2002,0.0,0.0,0.0,0.0,0.0,25.0,12.0,0.0,0.0,4563.0,179909.0,204.0,11154.0,76379.0,-65227.0,22673.0
Gambia,30,1067022.0,4563.0,3885.0,15326.0,11.0,2003,0.0,0.0,0.0,0.0,0.0,9.0,0.0,0.0,0.0,4563.0,179909.0,204.0,11154.0,76379.0,-65227.0,3508.0
Gambia,30,1067022.0,4563.0,3885.0,15326.0,63.0,2004,0.0,0.0,0.0,0.0,0.0,57.0,3.0,0.0,0.0,4563.0,179909.0,204.0,11154.0,76379.0,-65227.0,19003.0
Gambia,30,1067022.0,4563.0,3885.0,15326.0,5.0,2005,0.0,0.0,0.0,0.0,0.0,3.0,1.0,0.0,0.0,4563.0,179909.0,204.0,11154.0,76379.0,-65227.0,3159.0
Gambia,30,1067022.0,4563.0,3885.0,15326.0,7.0,2006,0.0,0.0,0.0,0.0,0.0,5.0,0.0,0.0,0.0,4563.0,179909.0,204.0,11154.0,76379.0,-65227.0,2025.0
Gambia,30,1067022.0,4563.0,3885.0,15326.0,49.0,2007,0.0,0.0,0.0,0.0,0.0,40.0,8.0,0.0,0.0,4563.0,179909.0,204.0,11154.0,76379.0,-65227.0,13700.0
Gambia,30,1067022.0,4563.0,3885.0,15326.0,298.0,2008,0.0,0.0,0.0,0.0,0.0,253.0,42.0,0.0,0.0,4563.0,179909.0,204.0,11154.0,76379.0,-65227.0,79232.0
Gambia,30,1067022.0,4563.0,3885.0,15326.0,9.0,2009,0.0,0.0,0.0,0.0,0.0,6.0,2.0,0.0,0.0,4563.0,179909.0,204.0,11154.0,76379.0,-65227.0,3739.0
Gambia,30,1067022.0,4563.0,3885.0,15326.0,24.0,2010,0.0,0.0,0.0,0.0,0.0,18.0,5.0,0.0,0.0,4563.0,179909.0,204.0,11154.0,76379.0,-65227.0,7151.0
Gambia,30,1067022.0,4563.0,3885.0,15326.0,30.0,2011,0.0,0.0,0.0,0.0,0.0,26.0,3.0,0.0,0.0,4563.0,179909.0,204.0,11154.0,76379.0,-65227.0,7869.0
Gambia,30,1067022.0,4563.0,3885.0,15326.0,41.0,2012,0.0,0.0,0.0,0.0,0.0,38.0,2.0,0.0,0.0,4563.0,179909.0,204.0,11154.0,76379.0,-65227.0,11421.0
Gambia,30,1067022.0,4563.0,3885.0,15326.0,12.0,2013,0.0,0.0,0.0,0.0,0.0,11.0,0.0,0.0,0.0,4563.0,179909.0,204.0,11154.0,76379.0,-65227.0,8564.0
Gambia,30,1067022.0,4563.0,3885.0,15326.0,17.0,2014,0.0,0.0,0.0,0.0,0.0,17.0,0.0,0.0,0.0,4563.0,179909.0,204.0,11154.0,76379.0,-65227.0,8324.0
Gambia,30,1067022.0,4563.0,3885.0,15326.0,10.0,2015,0.0,0.0,0.0,0.0,0.0,7.0,2.0,0.0,0.0,4563.0,179909.0,204.0,11154.0,76379.0,-65227.0,3838.0
Gambia,30,1067022.0,4563.0,3885.0,15326.0,5.0,2016,0.0,0.0,0.0,0.0,0.0,2.0,2.0,0.0,0.0,4563.0,179909.0,204.0,11154.0,76379.0,-65227.0,1870.0
Gambia,30,1067022.0,4563.0,3885.0,15326.0,8.0,2017,0.0,0.0,0.0,0.0,0.0,7.0,0.0,0.0,0.0,4563.0,179909.0,204.0,11154.0,76379.0,-65227.0,3625.0
Gambia,30,1067022.0,4563.0,3885.0,15326.0,6.0,2018,0.0,0.0,0.0,0.0,0.0,5.0,0.0,0.0,0.0,4563.0,179909.0,204.0,11154.0,76379.0,-65227.0,1699.0
Gambia,30,1067022.0,4563.0,3885.0,15326.0,21.0,2019,0.0,0.0,0.0,0.0,0.0,19.0,0.0,0.0,0.0,4563.0,179909.0,204.0,11154.0,76379.0,-65227.0,6314.0
Gambia,30,1067022.0,4563.0,3885.0,15326.0,10.0,2020,0.0,0.0,0.0,0.0,0.0,9.0,0.0,0.0,0.0,4563.0,179909.0,204.0,11154.0,76379.0,-65227.0,2528.0
Gambia,30,1067022.0,4563.0,3885.0,15326.0,18.0,2021,0.0,0.0,0.0,0.0,0.0,18.0,0.0,0.0,0.0,4563.0,179909.0,204.0,11154.0,76379.0,-65227.0,9600.0
Gambia,30,1067022.0,4563.0,3885.0,15326.0,17.0,2022,0.0,0.0,0.0,0.0,0.0,16.0,0.0,0.0,0.0,4563.0,179909.0,204.0,11154.0,76379.0,-65227.0,10729.0
Gambia,30,1067022.0,4563.0,3885.0,15326.0,12.0,2023,0.0,0.0,0.0,0.0,0.0,11.0,0.0,0.0,0.0,4563.0,179909.0,204.0,11154.0,76379.0,-65227.0,14490.0
Gambia,30,1067022.0,4563.0,3885.0,15326.0,16.0,2024,0.0,0.0,0.0,0.0,0.0,14.0,0.0,0.0,0.0,4563.0,179909.0,204.0,11154.0,76379.0,-65227.0,19298.0
Georgia,30,6984453.0,3144570.0,2989946.0,93537.0,666.0,2001,0.0,0.0,3.0,367.0,29.0,68.0,9.0,0.0,16.0,3144570.0,241634337.0,229.0,197000.0,11007691.0,-10810690.0,252164.0
Georgia,30,6984453.0,3144570.0,2989946.0,93537.0,537.0,2002,0.0,0.0,0.0,344.0,13.0,26.0,5.0,0.0,18.0,3144570.0,241634337.0,229.0,197000.0,11007691.0,-10810690.0,194975.0
Georgia,30,6984453.0,3144570.0,2989946.0,93537.0,291.0,2003,0.0,0.0,3.0,144.0,14.0,22.0,2.0,0.0,0.0,3144570.0,241634337.0,229.0,197000.0,11007691.0,-10810690.0,111700.0
Georgia,30,6984453.0,3144570.0,2989946.0,93537.0,1968.0,2004,0.0,0.0,21.0,1205.0,48.0,93.0,26.0,0.0,371.0,3144570.0,241634337.0,229.0,197000.0,11007691.0,-10810690.0,814023.0
Georgia,30,6984453.0,3144570.0,2989946.0,93537.0,549.0,2005,0.0,0.0,4.0,276.0,57.0,45.0,10.0,0.0,9.0,3144570.0,241634337.0,229.0,197000.0,11007691.0,-10810690.0,195665.0
Georgia,30,6984453.0,3144570.0,2989946.0,93537.0,531.0,2006,0.0,0.0,4.0,271.0,54.0,28.0,15.0,0.0,49.0,3144570.0,241634337.0,229.0,197000.0,11007691.0,-10810690.0,190508.0
Georgia,30,6984453.0,3144570.0,2989946.0,93537.0,992.0,2007,0.0,0.0,12.0,441.0,60.0,49.0,14.0,0.0,278.0,3144570.0,241634337.0,229.0,197000.0,11007691.0,-10810690.0,343619.0
Georgia,30,6984453.0,3144570.0,2989946.0,93537.0,745.0,2008,0.0,0.0,17.0,268.0,32.0,38.0,33.0,0.0,253.0,3144570.0,241634337.0,229.0,197000.0,11007691.0,-10810690.0,271625.0
Georgia,30,6984453.0,3144570.0,2989946.0,93537.0,448.0,2009,0.0,0.0,16.0,161.0,27.0,38.0,12.0,0.0,107.0,3144570.0,241634337.0,229.0,197000.0,11007691.0,-10810690.0,152464.0
Georgia,30,6984453.0,3144570.0,2989946.0,93537.0,819.0,2010,0.0,0.0,34.0,358.0,47.0,103.0,36.0,0.0,78.0,3144570.0,241634337.0,229.0,197000.0,11007691.0,-10810690.0,300734.0
Georgia,30,6984453.0,3144570.0,2989946.0,93537.0,540.0,2011,0.0,0.0,22.0,180.0,33.0,49.0,17.0,0.0,164.0,3144570.0,241634337.0,229.0,197000.0,11007691.0,-10810690.0,179643.0
Georgia,30,6984453.0,3144570.0,2989946.0,93537.0,473.0,2012,0.0,0.0,14.0,210.0,44.0,46.0,26.0,0.0,21.0,3144570.0,241634337.0,229.0,197000.0,11007691.0,-10810690.0,176576.0
Georgia,30,6984453.0,3144570.0,2989946.0,93537.0,252.0,2013,0.0,0.0,6.0,60.0,46.0,16.0,14.0,0.0,6.0,3144570.0,241634337.0,229.0,197000.0,11007691.0,-10810690.0,94299.0
Georgia,30,6984453.0,3144570.0,2989946.0,93537.0,114.0,2014,0.0,0.0,4.0,40.0,7.0,12.0,4.0,0.0,13.0,3144570.0,241634337.0,229.0,197000.0,11007691.0,-10810690.0,40019.0
Georgia,30,6984453.0,3144570.0,2989946.0,93537.0,42.0,2015,0.0,0.0,0.0,12.0,3.0,11.0,2.0,0.0,0.0,3144570.0,241634337.0,229.0,197000.0,11007691.0,-10810690.0,17527.0
Georgia,30,6984453.0,3144570.0,2989946.0,93537.0,523.0,2016,0.0,0.0,30.0,238.0,64.0,60.0,32.0,0.0,15.0,3144570.0,241634337.0,229.0,197000.0,11007691.0,-10810690.0,205493.0
Georgia,30,6984453.0,3144570.0,2989946.0,93537.0,209.0,2017,0.0,0.0,6.0,50.0,29.0,29.0,11.0,0.0,45.0,3144570.0,241634337.0,229.0,197000.0,11007691.0,-10810690.0,73942.0
Georgia,30,6984453.0,3144570.0,2989946.0,93537.0,300.0,2018,0.0,0.0,8.0,106.0,22.0,23.0,17.0,0.0,97.0,3144570.0,241634337.0,229.0,197000.0,11007691.0,-10810690.0,111174.0
Georgia,30,6984453.0,3144570.0,2989946.0,93537.0,166.0,2019,0.0,0.0,3.0,81.0,18.0,20.0,26.0,0.0,0.0,3144570.0,241634337.0,229.0,197000.0,11007691.0,-10810690.0,83378.0
Georgia,30,6984453.0,3144570.0,2989946.0,93537.0,222.0,2020,0.0,0.0,29.0,68.0,25.0,16.0,52.0,0.0,10.0,3144570.0,241634337.0,229.0,197000.0,11007691.0,-10810690.0,99418.0
Georgia,30,6984453.0,3144570.0,2989946.0,93537.0,420.0,2021,0.0,0.0,35.0,191.0,93.0,25.0,22.0,0.0,6.0,3144570.0,241634337.0,229.0,197000.0,11007691.0,-10810690.0,196829.0
Georgia,30,6984453.0,3144570.0,2989946.0,93537.0,290.0,2022,0.0,0.0,18.0,115.0,61.0,41.0,15.0,0.0,13.0,3144570.0,241634337.0,229.0,197000.0,11007691.0,-10810690.0,132620.0
Georgia,30,6984453.0,3144570.0,2989946.0,93537.0,785.0,2023,0.0,0.0,113.0,142.0,53.0,68.0,47.0,0.0,344.0,3144570.0,241634337.0,229.0,197000.0,11007691.0,-10810690.0,271405.0
Georgia,30,6984453.0,3144570.0,2989946.0,93537.0,509.0,2024,0.0,0.0,50.0,155.0,141.0,77.0,46.0,0.0,13.0,3144570.0,241634337.0,229.0,197000.0,11007691.0,-10810690.0,218215.0
Germany,30,35782315.0,12526018.0,12780607.0,342751.0,15286.0,2001,0.0,0.0,197.0,13491.0,18.0,266.0,663.0,0.0,10.0,12526018.0,1030304539.0,272.0,33408907.0,99528044.0,-66119136.0,6229840.0
Germany,30,35782315.0,12526018.0,12780607.0,342751.0,15305.0,2002,0.0,0.0,417.0,13745.0,18.0,127.0,588.0,0.0,38.0,12526018.0,1030304539.0,272.0,33408907.0,99528044.0,-66119136.0,6543291.0
Germany,30,35782315.0,12526018.0,12780607.0,342751.0,6448.0,2003,0.0,0.0,99.0,5777.0,17.0,98.0,305.0,0.0,9.0,12526018.0,1030304539.0,272.0,33408907.0,99528044.0,-66119136.0,2968205.0
Germany,30,35782315.0,12526018.0,12780607.0,342751.0,44939.0,2004,0.0,0.0,944.0,41720.0,45.0,290.0,1147.0,0.0,127.0,12526018.0,1030304539.0,272.0,33408907.0,99528044.0,-66119136.0,20493369.0
Germany,30,35782315.0,12526018.0,12780607.0,342751.0,39738.0,2005,0.0,0.0,608.0,37036.0,25.0,231.0,1133.0,0.0,46.0,12526018.0,1030304539.0,272.0,33408907.0,99528044.0,-66119136.0,18111222.0
Germany,30,35782315.0,12526018.0,12780607.0,342751.0,42652.0,2006,0.0,0.0,826.0,39718.0,20.0,208.0,1252.0,0.0,31.0,12526018.0,1030304539.0,272.0,33408907.0,99528044.0,-66119136.0,20470032.0
Germany,30,35782315.0,12526018.0,12780607.0,342751.0,93220.0,2007,0.0,0.0,934.0,90492.0,136.0,165.0,1035.0,0.0,37.0,12526018.0,1030304539.0,272.0,33408907.0,99528044.0,-66119136.0,46905152.0
Germany,30,35782315.0,12526018.0,12780607.0,342751.0,61694.0,2008,0.0,0.0,937.0,58113.0,78.0,210.0,1613.0,0.0,41.0,12526018.0,1030304539.0,272.0,33408907.0,99528044.0,-66119136.0,31021040.0
Germany,30,35782315.0,12526018.0,12780607.0,342751.0,28762.0,2009,0.0,0.0,694.0,26057.0,53.0,246.0,1228.0,0.0,39.0,12526018.0,1030304539.0,272.0,33408907.0,99528044.0,-66119136.0,14413347.0
Germany,30,35782315.0,12526018.0,12780607.0,342751.0,75677.0,2010,0.0,0.0,908.0,71898.0,36.0,368.0,1524.0,0.0,37.0,12526018.0,1030304539.0,272.0,33408907.0,99528044.0,-66119136.0,39374521.0
Germany,30,35782315.0,12526018.0,12780607.0,342751.0,34272.0,2011,0.0,0.0,788.0,31727.0,30.0,173.0,952.0,0.0,68.0,12526018.0,1030304539.0,272.0,33408907.0,99528044.0,-66119136.0,16971517.0
Germany,30,35782315.0,12526018.0,12780607.0,342751.0,26008.0,2012,0.0,0.0,816.0,23328.0,71.0,191.0,1020.0,0.0,38.0,12526018.0,1030304539.0,272.0,33408907.0,99528044.0,-66119136.0,13218413.0
Germany,30,35782315.0,12526018.0,12780607.0,342751.0,15498.0,2013,0.0,0.0,506.0,13908.0,16.0,80.0,636.0,0.0,33.0,12526018.0,1030304539.0,272.0,33408907.0,99528044.0,-66119136.0,7438778.0
Germany,30,35782315.0,12526018.0,12780607.0,342751.0,21169.0,2014,0.0,0.0,734.0,19080.0,22.0,132.0,723.0,0.0,24.0,12526018.0,1030304539.0,272.0,33408907.0,99528044.0,-66119136.0,10349394.0
Germany,30,35782315.0,12526018.0,12780607.0,342751.0,12929.0,2015,0.0,0.0,520.0,11575.0,5.0,69.0,600.0,0.0,12.0,12526018.0,1030304539.0,272.0,33408907.0,99528044.0,-66119136.0,6791774.0
Germany,30,35782315.0,12526018.0,12780607.0,342751.0,26877.0,2016,0.0,0.0,739.0,24622.0,87.0,132.0,877.0,0.0,123.0,12526018.0,1030304539.0,272.0,33408907.0,99528044.0,-66119136.0,14327677.0
Germany,30,35782315.0,12526018.0,12780607.0,342751.0,32999.0,2017,0.0,0.0,670.0,30495.0,87.0,119.0,1094.0,0.0,160.0,12526018.0,1030304539.0,272.0,33408907.0,99528044.0,-66119136.0,17580030.0
Germany,30,35782315.0,12526018.0,12780607.0,342751.0,52239.0,2018,0.0,0.0,770.0,49825.0,79.0,193.0,973.0,0.0,144.0,12526018.0,1030304539.0,272.0,33408907.0,99528044.0,-66119136.0,30081493.0
Germany,30,35782315.0,12526018.0,12780607.0,342751.0,108233.0,2019,0.0,0.0,824.0,103827.0,749.0,155.0,1279.0,0.0,964.0,12526018.0,1030304539.0,272.0,33408907.0,99528044.0,-66119136.0,62183840.0
Germany,30,35782315.0,12526018.0,12780607.0,342751.0,186938.0,2020,0.0,0.0,703.0,183306.0,605.0,80.0,1212.0,0.0,577.0,12526018.0,1030304539.0,272.0,33408907.0,99528044.0,-66119136.0,113173337.0
Germany,30,35782315.0,12526018.0,12780607.0,342751.0,202276.0,2021,0.0,0.0,520.0,199527.0,272.0,71.0,1167.0,0.0,275.0,12526018.0,1030304539.0,272.0,33408907.0,99528044.0,-66119136.0,122302287.0
Germany,30,35782315.0,12526018.0,12780607.0,342751.0,86450.0,2022,0.0,0.0,340.0,84633.0,105.0,51.0,731.0,0.0,306.0,12526018.0,1030304539.0,272.0,33408907.0,99528044.0,-66119136.0,51166738.0
Germany,30,35782315.0,12526018.0,12780607.0,342751.0,122936.0,2023,0.0,0.0,471.0,120323.0,497.0,87.0,942.0,0.0,340.0,12526018.0,1030304539.0,272.0,33408907.0,99528044.0,-66119136.0,74164606.0
Germany,30,35782315.0,12526018.0,12780607.0,342751.0,89727.0,2024,0.0,0.0,356.0,87696.0,270.0,97.0,735.0,0.0,275.0,12526018.0,1030304539.0,272.0,33408907.0,99528044.0,-66119136.0,55533879.0
Ghana,30,23947397.0,6968887.0,7050022.0,312663.0,43676.0,2001,0.0,0.0,2017.0,131.0,235.0,39366.0,1437.0,408.0,1.0,6968887.0,450410960.0,363.0,41991589.0,53652519.0,-11660932.0,17958340.0
Ghana,30,23947397.0,6968887.0,7050022.0,312663.0,78393.0,2002,1091345.0,4435.0,7990.0,387.0,101.0,66620.0,2732.0,463.0,1.0,6968887.0,450410960.0,363.0,41991589.0,53652519.0,-11660932.0,34166962.0
Ghana,30,23947397.0,6968887.0,7050022.0,312663.0,24946.0,2003,1091345.0,1872.0,1574.0,152.0,31.0,21462.0,1482.0,200.0,0.0,6968887.0,450410960.0,363.0,41991589.0,53652519.0,-11660932.0,10519846.0
Ghana,30,23947397.0,6968887.0,7050022.0,312663.0,17628.0,2004,1091345.0,1581.0,1539.0,90.0,11.0,15137.0,659.0,163.0,0.0,6968887.0,450410960.0,363.0,41991589.0,53652519.0,-11660932.0,7961585.0
Ghana,30,23947397.0,6968887.0,7050022.0,312663.0,41339.0,2005,1091345.0,3402.0,3073.0,396.0,30.0,36025.0,1510.0,241.0,0.0,6968887.0,450410960.0,363.0,41991589.0,53652519.0,-11660932.0,18639853.0
Ghana,30,23947397.0,6968887.0,7050022.0,312663.0,27143.0,2006,1091345.0,3647.0,2250.0,120.0,49.0,23381.0,1087.0,214.0,1.0,6968887.0,450410960.0,363.0,41991589.0,53652519.0,-11660932.0,12224184.0
Ghana,30,23947397.0,6968887.0,7050022.0,312663.0,40184.0,2007,1091345.0,3013.0,3043.0,153.0,27.0,34742.0,1884.0,287.0,0.0,6968887.0,450410960.0,363.0,41991589.0,53652519.0,-11660932.0,18522074.0
Ghana,30,23947397.0,6968887.0,7050022.0,312663.0,37826.0,2008,1091345.0,2669.0,1818.0,164.0,18.0,33295.0,2288.0,196.0,0.0,6968887.0,450410960.0,363.0,41991589.0,53652519.0,-11660932.0,17434200.0
Ghana,30,23947397.0,6968887.0,7050022.0,312663.0,38256.0,2009,1091345.0,3536.0,3519.0,111.0,6.0,32336.0,1987.0,251.0,0.0,6968887.0,450410960.0,363.0,41991589.0,53652519.0,-11660932.0,18690012.0
Ghana,30,23947397.0,6968887.0,7050022.0,312663.0,19476.0,2010,1091345.0,1644.0,1461.0,157.0,7.0,16721.0,990.0,99.0,0.0,6968887.0,450410960.0,363.0,41991589.0,53652519.0,-11660932.0,9234737.0
Ghana,30,23947397.0,6968887.0,7050022.0,312663.0,36202.0,2011,1091345.0,2751.0,2277.0,88.0,5.0,31942.0,1712.0,146.0,0.0,6968887.0,450410960.0,363.0,41991589.0,53652519.0,-11660932.0,17905716.0
Ghana,30,23947397.0,6968887.0,7050022.0,312663.0,36630.0,2012,1091345.0,2478.0,3171.0,109.0,9.0,30654.0,2326.0,317.0,2.0,6968887.0,450410960.0,363.0,41991589.0,53652519.0,-11660932.0,19059230.0
Ghana,30,23947397.0,6968887.0,7050022.0,312663.0,81203.0,2013,1091345.0,5089.0,7951.0,305.0,8.0,68268.0,3771.0,807.0,5.0,6968887.0,450410960.0,363.0,41991589.0,53652519.0,-11660932.0,43322417.0
Ghana,30,23947397.0,6968887.0,7050022.0,312663.0,120207.0,2014,1091345.0,7429.0,11782.0,463.0,22.0,102080.0,4784.0,983.0,11.0,6968887.0,450410960.0,363.0,41991589.0,53652519.0,-11660932.0,66551133.0
Ghana,30,23947397.0,6968887.0,7050022.0,312663.0,57391.0,2015,1091345.0,3616.0,6048.0,146.0,5.0,48619.0,2086.0,466.0,0.0,6968887.0,450410960.0,363.0,41991589.0,53652519.0,-11660932.0,32309896.0
Ghana,30,23947397.0,6968887.0,7050022.0,312663.0,119243.0,2016,1091345.0,13747.0,10300.0,489.0,26.0,101861.0,4532.0,1399.0,611.0,6968887.0,450410960.0,363.0,41991589.0,53652519.0,-11660932.0,66984170.0
Ghana,30,23947397.0,6968887.0,7050022.0,312663.0,115332.0,2017,1091345.0,7683.0,11128.0,410.0,8.0,97374.0,4464.0,1885.0,34.0,6968887.0,450410960.0,363.0,41991589.0,53652519.0,-11660932.0,67966048.0
Ghana,30,23947397.0,6968887.0,7050022.0,312663.0,151531.0,2018,1091345.0,12284.0,10408.0,1041.0,12.0,134180.0,4337.0,1452.0,76.0,6968887.0,450410960.0,363.0,41991589.0,53652519.0,-11660932.0,90729067.0
Ghana,30,23947397.0,6968887.0,7050022.0,312663.0,88265.0,2019,1091345.0,5819.0,7522.0,226.0,4.0,76630.0,2839.0,1026.0,6.0,6968887.0,450410960.0,363.0,41991589.0,53652519.0,-11660932.0,54294188.0
Ghana,30,23947397.0,6968887.0,7050022.0,312663.0,136614.0,2020,1091345.0,14270.0,10602.0,573.0,8.0,118267.0,5089.0,1718.0,338.0,6968887.0,450410960.0,363.0,41991589.0,53652519.0,-11660932.0,85783181.0
Ghana,30,23947397.0,6968887.0,7050022.0,312663.0,101413.0,2021,1091345.0,10699.0,8920.0,704.0,7.0,86444.0,3888.0,1380.0,42.0,6968887.0,450410960.0,363.0,41991589.0,53652519.0,-11660932.0,66999218.0
Ghana,30,23947397.0,6968887.0,7050022.0,312663.0,118644.0,2022,1091345.0,17972.0,12434.0,1217.0,72.0,99646.0,3503.0,1219.0,529.0,6968887.0,450410960.0,363.0,41991589.0,53652519.0,-11660932.0,78615903.0
Ghana,30,23947397.0,6968887.0,7050022.0,312663.0,112581.0,2023,1091345.0,12745.0,11462.0,723.0,11.0,95870.0,3073.0,1420.0,15.0,6968887.0,450410960.0,363.0,41991589.0,53652519.0,-11660932.0,76495311.0
Ghana,30,23947397.0,6968887.0,7050022.0,312663.0,107918.0,2024,1091345.0,13905.0,10293.0,966.0,23.0,92141.0,3282.0,1126.0,74.0,6968887.0,450410960.0,363.0,41991589.0,53652519.0,-11660932.0,75430866.0
Greece,30,13257898.0,3672609.0,3620472.0,71539.0,12617.0,2001,0.0,0.0,74.0,2666.0,49.0,751.0,532.0,0.0,8308.0,3672609.0,185833977.0,236.0,2566683.0,22717060.0,-20150377.0,2498294.0
Greece,30,13257898.0,3672609.0,3620472.0,71539.0,5126.0,2002,0.0,0.0,109.0,1604.0,63.0,499.0,520.0,0.0,2052.0,3672609.0,185833977.0,236.0,2566683.0,22717060.0,-20150377.0,1186428.0
Greece,30,13257898.0,3672609.0,3620472.0,71539.0,2562.0,2003,0.0,0.0,55.0,871.0,25.0,366.0,264.0,0.0,843.0,3672609.0,185833977.0,236.0,2566683.0,22717060.0,-20150377.0,621024.0
Greece,30,13257898.0,3672609.0,3620472.0,71539.0,6815.0,2004,0.0,0.0,119.0,2459.0,86.0,659.0,1572.0,0.0,1609.0,3672609.0,185833977.0,236.0,2566683.0,22717060.0,-20150377.0,1844603.0
Greece,30,13257898.0,3672609.0,3620472.0,71539.0,4182.0,2005,0.0,0.0,68.0,1332.0,26.0,503.0,529.0,0.0,1545.0,3672609.0,185833977.0,236.0,2566683.0,22717060.0,-20150377.0,998980.0
Greece,30,13257898.0,3672609.0,3620472.0,71539.0,7346.0,2006,0.0,0.0,187.0,1605.0,27.0,573.0,687.0,0.0,4062.0,3672609.0,185833977.0,236.0,2566683.0,22717060.0,-20150377.0,1540289.0
Greece,30,13257898.0,3672609.0,3620472.0,71539.0,46064.0,2007,0.0,0.0,233.0,1768.0,37.0,962.0,745.0,0.0,42100.0,3672609.0,185833977.0,236.0,2566683.0,22717060.0,-20150377.0,7243553.0
Greece,30,13257898.0,3672609.0,3620472.0,71539.0,21199.0,2008,0.0,0.0,184.0,2198.0,129.0,692.0,897.0,0.0,16882.0,3672609.0,185833977.0,236.0,2566683.0,22717060.0,-20150377.0,4267993.0
Greece,30,13257898.0,3672609.0,3620472.0,71539.0,6564.0,2009,0.0,0.0,100.0,2018.0,29.0,498.0,590.0,0.0,3148.0,3672609.0,185833977.0,236.0,2566683.0,22717060.0,-20150377.0,1701950.0
Greece,30,13257898.0,3672609.0,3620472.0,71539.0,7788.0,2010,0.0,0.0,104.0,1503.0,35.0,497.0,867.0,0.0,4645.0,3672609.0,185833977.0,236.0,2566683.0,22717060.0,-20150377.0,1808604.0
Greece,30,13257898.0,3672609.0,3620472.0,71539.0,6200.0,2011,0.0,0.0,98.0,1826.0,24.0,573.0,605.0,0.0,2874.0,3672609.0,185833977.0,236.0,2566683.0,22717060.0,-20150377.0,1505129.0
Greece,30,13257898.0,3672609.0,3620472.0,71539.0,13242.0,2012,0.0,0.0,76.0,2492.0,89.0,410.0,451.0,0.0,9484.0,3672609.0,185833977.0,236.0,2566683.0,22717060.0,-20150377.0,2654762.0
Greece,30,13257898.0,3672609.0,3620472.0,71539.0,5907.0,2013,0.0,0.0,30.0,781.0,9.0,222.0,151.0,0.0,4652.0,3672609.0,185833977.0,236.0,2566683.0,22717060.0,-20150377.0,1083656.0
Greece,30,13257898.0,3672609.0,3620472.0,71539.0,3803.0,2014,0.0,0.0,140.0,1474.0,12.0,247.0,256.0,0.0,1566.0,3672609.0,185833977.0,236.0,2566683.0,22717060.0,-20150377.0,972025.0
Greece,30,13257898.0,3672609.0,3620472.0,71539.0,3840.0,2015,0.0,0.0,75.0,1422.0,23.0,249.0,230.0,0.0,1756.0,3672609.0,185833977.0,236.0,2566683.0,22717060.0,-20150377.0,940258.0
Greece,30,13257898.0,3672609.0,3620472.0,71539.0,6035.0,2016,0.0,0.0,66.0,1794.0,31.0,332.0,245.0,0.0,3496.0,3672609.0,185833977.0,236.0,2566683.0,22717060.0,-20150377.0,1364976.0
Greece,30,13257898.0,3672609.0,3620472.0,71539.0,8909.0,2017,0.0,0.0,78.0,1799.0,13.0,406.0,331.0,0.0,6172.0,3672609.0,185833977.0,236.0,2566683.0,22717060.0,-20150377.0,1891447.0
Greece,30,13257898.0,3672609.0,3620472.0,71539.0,7122.0,2018,0.0,0.0,78.0,2129.0,9.0,314.0,493.0,0.0,4036.0,3672609.0,185833977.0,236.0,2566683.0,22717060.0,-20150377.0,1836920.0
Greece,30,13257898.0,3672609.0,3620472.0,71539.0,7605.0,2019,0.0,0.0,91.0,2614.0,39.0,418.0,455.0,0.0,3916.0,3672609.0,185833977.0,236.0,2566683.0,22717060.0,-20150377.0,2099362.0
Greece,30,13257898.0,3672609.0,3620472.0,71539.0,5427.0,2020,0.0,0.0,82.0,2089.0,13.0,361.0,361.0,0.0,2453.0,3672609.0,185833977.0,236.0,2566683.0,22717060.0,-20150377.0,1504815.0
Greece,30,13257898.0,3672609.0,3620472.0,71539.0,49039.0,2021,0.0,0.0,64.0,1847.0,38.0,332.0,486.0,0.0,46208.0,3672609.0,185833977.0,236.0,2566683.0,22717060.0,-20150377.0,8741793.0
Greece,30,13257898.0,3672609.0,3620472.0,71539.0,9794.0,2022,0.0,0.0,51.0,2330.0,18.0,236.0,343.0,0.0,6767.0,3672609.0,185833977.0,236.0,2566683.0,22717060.0,-20150377.0,2464832.0
Greece,30,13257898.0,3672609.0,3620472.0,71539.0,46011.0,2023,0.0,0.0,121.0,3631.0,41.0,357.0,492.0,0.0,41303.0,3672609.0,185833977.0,236.0,2566683.0,22717060.0,-20150377.0,7683748.0
Greece,30,13257898.0,3672609.0,3620472.0,71539.0,12512.0,2024,0.0,0.0,104.0,2012.0,49.0,365.0,496.0,0.0,9415.0,3672609.0,185833977.0,236.0,2566683.0,22717060.0,-20150377.0,3144931.0
Guadeloupe,30,165027.0,94757.0,101680.0,1509.0,320.0,2001,0.0,0.0,0.0,0.0,0.0,252.0,56.0,0.0,0.0,94757.0,8571602.0,189.0,49043.0,378813.0,-329770.0,127433.0
Guadeloupe,30,165027.0,94757.0,101680.0,1509.0,51.0,2002,37068.0,2.0,0.0,0.0,1.0,42.0,5.0,0.0,0.0,94757.0,8571602.0,189.0,49043.0,378813.0,-329770.0,20664.0
Guadeloupe,30,165027.0,94757.0,101680.0,1509.0,77.0,2003,37068.0,3.0,0.0,0.0,1.0,58.0,14.0,0.0,0.0,94757.0,8571602.0,189.0,49043.0,378813.0,-329770.0,32286.0
Guadeloupe,30,165027.0,94757.0,101680.0,1509.0,192.0,2004,37068.0,8.0,0.0,0.0,0.0,143.0,35.0,3.0,0.0,94757.0,8571602.0,189.0,49043.0,378813.0,-329770.0,82296.0
Guadeloupe,30,165027.0,94757.0,101680.0,1509.0,223.0,2005,37068.0,6.0,0.0,0.0,0.0,182.0,33.0,0.0,0.0,94757.0,8571602.0,189.0,49043.0,378813.0,-329770.0,91997.0
Guadeloupe,30,165027.0,94757.0,101680.0,1509.0,62.0,2006,37068.0,2.0,0.0,0.0,1.0,43.0,13.0,0.0,0.0,94757.0,8571602.0,189.0,49043.0,378813.0,-329770.0,26456.0
Guadeloupe,30,165027.0,94757.0,101680.0,1509.0,158.0,2007,37068.0,4.0,2.0,0.0,1.0,116.0,32.0,0.0,0.0,94757.0,8571602.0,189.0,49043.0,378813.0,-329770.0,67870.0
Guadeloupe,30,165027.0,94757.0,101680.0,1509.0,135.0,2008,37068.0,4.0,0.0,0.0,1.0,93.0,35.0,0.0,0.0,94757.0,8571602.0,189.0,49043.0,378813.0,-329770.0,58475.0
Guadeloupe,30,165027.0,94757.0,101680.0,1509.0,118.0,2009,37068.0,5.0,0.0,0.0,2.0,80.0,29.0,0.0,0.0,94757.0,8571602.0,189.0,49043.0,378813.0,-329770.0,51744.0
Guadeloupe,30,165027.0,94757.0,101680.0,1509.0,127.0,2010,37068.0,11.0,0.0,0.0,1.0,90.0,25.0,0.0,0.0,94757.0,8571602.0,189.0,49043.0,378813.0,-329770.0,56791.0
Guadeloupe,30,165027.0,94757.0,101680.0,1509.0,74.0,2011,37068.0,3.0,0.0,0.0,1.0,52.0,14.0,0.0,0.0,94757.0,8571602.0,189.0,49043.0,378813.0,-329770.0,34732.0
Guadeloupe,30,165027.0,94757.0,101680.0,1509.0,295.0,2012,37068.0,11.0,0.0,0.0,2.0,233.0,46.0,0.0,0.0,94757.0,8571602.0,189.0,49043.0,378813.0,-329770.0,121915.0
Guadeloupe,30,165027.0,94757.0,101680.0,1509.0,170.0,2013,37068.0,2.0,0.0,0.0,0.0,141.0,22.0,0.0,0.0,94757.0,8571602.0,189.0,49043.0,378813.0,-329770.0,66373.0
Guadeloupe,30,165027.0,94757.0,101680.0,1509.0,198.0,2014,37068.0,1.0,0.0,0.0,0.0,175.0,18.0,0.0,0.0,94757.0,8571602.0,189.0,49043.0,378813.0,-329770.0,73269.0
Guadeloupe,30,165027.0,94757.0,101680.0,1509.0,71.0,2015,37068.0,4.0,0.0,0.0,3.0,49.0,15.0,0.0,0.0,94757.0,8571602.0,189.0,49043.0,378813.0,-329770.0,29331.0
Guadeloupe,30,165027.0,94757.0,101680.0,1509.0,70.0,2016,37068.0,0.0,0.0,0.0,0.0,63.0,5.0,0.0,0.0,94757.0,8571602.0,189.0,49043.0,378813.0,-329770.0,27871.0
Guadeloupe,30,165027.0,94757.0,101680.0,1509.0,61.0,2017,37068.0,3.0,0.0,0.0,5.0,47.0,7.0,0.0,0.0,94757.0,8571602.0,189.0,49043.0,378813.0,-329770.0,27590.0
Guadeloupe,30,165027.0,94757.0,101680.0,1509.0,101.0,2018,37068.0,8.0,0.0,0.0,7.0,73.0,14.0,0.0,0.0,94757.0,8571602.0,189.0,49043.0,378813.0,-329770.0,47256.0
Guadeloupe,30,165027.0,94757.0,101680.0,1509.0,70.0,2019,37068.0,5.0,0.0,0.0,2.0,48.0,16.0,0.0,0.0,94757.0,8571602.0,189.0,49043.0,378813.0,-329770.0,30690.0
Guadeloupe,30,165027.0,94757.0,101680.0,1509.0,52.0,2020,37068.0,2.0,0.0,0.0,1.0,34.0,14.0,0.0,0.0,94757.0,8571602.0,189.0,49043.0,378813.0,-329770.0,23212.0
Guadeloupe,30,165027.0,94757.0,101680.0,1509.0,67.0,2021,37068.0,2.0,0.0,0.0,0.0,54.0,11.0,0.0,0.0,94757.0,8571602.0,189.0,49043.0,378813.0,-329770.0,29787.0
Guadeloupe,30,165027.0,94757.0,101680.0,1509.0,41.0,2022,37068.0,3.0,0.0,0.0,0.0,32.0,6.0,0.0,0.0,94757.0,8571602.0,189.0,49043.0,378813.0,-329770.0,18491.0
Guadeloupe,30,165027.0,94757.0,101680.0,1509.0,36.0,2023,37068.0,3.0,1.0,0.0,1.0,25.0,7.0,0.0,0.0,94757.0,8571602.0,189.0,49043.0,378813.0,-329770.0,16746.0
Guadeloupe,30,165027.0,94757.0,101680.0,1509.0,28.0,2024,37068.0,1.0,1.0,0.0,0.0,23.0,3.0,0.0,0.0,94757.0,8571602.0,189.0,49043.0,378813.0,-329770.0,13753.0
Guatemala,30,10914403.0,7691097.0,7032007.0,291023.0,53314.0,2001,0.0,0.0,28.0,519.0,92.0,48526.0,406.0,2952.0,613.0,7691097.0,597538798.0,371.0,37750617.0,29892966.0,7857651.0,23364081.0
Guatemala,30,10914403.0,7691097.0,7032007.0,291023.0,55608.0,2002,2583771.0,16077.0,26.0,542.0,106.0,50881.0,571.0,2886.0,491.0,7691097.0,597538798.0,371.0,37750617.0,29892966.0,7857651.0,25050200.0
Guatemala,30,10914403.0,7691097.0,7032007.0,291023.0,98214.0,2003,2583771.0,24301.0,28.0,405.0,110.0,94187.0,634.0,1542.0,1210.0,7691097.0,597538798.0,371.0,37750617.0,29892966.0,7857651.0,39149289.0
Guatemala,30,10914403.0,7691097.0,7032007.0,291023.0,56441.0,2004,2583771.0,17264.0,68.0,836.0,208.0,51398.0,784.0,2353.0,676.0,7691097.0,597538798.0,371.0,37750617.0,29892966.0,7857651.0,25374988.0
Guatemala,30,10914403.0,7691097.0,7032007.0,291023.0,100813.0,2005,2583771.0,33396.0,52.0,363.0,256.0,95976.0,568.0,1854.0,1639.0,7691097.0,597538798.0,371.0,37750617.0,29892966.0,7857651.0,43928853.0
Guatemala,30,10914403.0,7691097.0,7032007.0,291023.0,52522.0,2006,2583771.0,18318.0,35.0,754.0,146.0,47697.0,743.0,2257.0,763.0,7691097.0,597538798.0,371.0,37750617.0,29892966.0,7857651.0,24344517.0
Guatemala,30,10914403.0,7691097.0,7032007.0,291023.0,126476.0,2007,2583771.0,46799.0,78.0,999.0,376.0,117735.0,946.0,4320.0,1904.0,7691097.0,597538798.0,371.0,37750617.0,29892966.0,7857651.0,58586582.0
Guatemala,30,10914403.0,7691097.0,7032007.0,291023.0,77147.0,2008,2583771.0,29715.0,26.0,1076.0,186.0,69663.0,854.0,3877.0,1315.0,7691097.0,597538798.0,371.0,37750617.0,29892966.0,7857651.0,37052239.0
Guatemala,30,10914403.0,7691097.0,7032007.0,291023.0,86979.0,2009,2583771.0,37509.0,161.0,777.0,307.0,77316.0,673.0,5679.0,1938.0,7691097.0,597538798.0,371.0,37750617.0,29892966.0,7857651.0,42037753.0
Guatemala,30,10914403.0,7691097.0,7032007.0,291023.0,59533.0,2010,2583771.0,22683.0,95.0,563.0,248.0,52257.0,563.0,4766.0,921.0,7691097.0,597538798.0,371.0,37750617.0,29892966.0,7857651.0,29504894.0
Guatemala,30,10914403.0,7691097.0,7032007.0,291023.0,40533.0,2011,2583771.0,17185.0,43.0,369.0,189.0,34934.0,348.0,3951.0,602.0,7691097.0,597538798.0,371.0,37750617.0,29892966.0,7857651.0,20756073.0
Guatemala,30,10914403.0,7691097.0,7032007.0,291023.0,84027.0,2012,2583771.0,27752.0,69.0,957.0,269.0,70869.0,937.0,9458.0,1132.0,7691097.0,597538798.0,371.0,37750617.0,29892966.0,7857651.0,42521200.0
Guatemala,30,10914403.0,7691097.0,7032007.0,291023.0,55178.0,2013,2583771.0,19874.0,130.0,786.0,190.0,46021.0,243.0,5997.0,1627.0,7691097.0,597538798.0,371.0,37750617.0,29892966.0,7857651.0,27345495.0
Guatemala,30,10914403.0,7691097.0,7032007.0,291023.0,61884.0,2014,2583771.0,18245.0,64.0,782.0,161.0,53151.0,323.0,6355.0,974.0,7691097.0,597538798.0,371.0,37750617.0,29892966.0,7857651.0,30464532.0
Guatemala,30,10914403.0,7691097.0,7032007.0,291023.0,54234.0,2015,2583771.0,16753.0,54.0,761.0,181.0,47066.0,255.0,4875.0,999.0,7691097.0,597538798.0,371.0,37750617.0,29892966.0,7857651.0,26826505.0
Guatemala,30,10914403.0,7691097.0,7032007.0,291023.0,178533.0,2016,2583771.0,63256.0,476.0,1241.0,1227.0,127597.0,712.0,29290.0,17885.0,7691097.0,597538798.0,371.0,37750617.0,29892966.0,7857651.0,87537733.0
Guatemala,30,10914403.0,7691097.0,7032007.0,291023.0,79800.0,2017,2583771.0,22047.0,67.0,863.0,336.0,61702.0,532.0,14418.0,1825.0,7691097.0,597538798.0,371.0,37750617.0,29892966.0,7857651.0,40562679.0
Guatemala,30,10914403.0,7691097.0,7032007.0,291023.0,71129.0,2018,2583771.0,18309.0,83.0,975.0,319.0,53997.0,435.0,14043.0,1239.0,7691097.0,597538798.0,371.0,37750617.0,29892966.0,7857651.0,36563690.0
Guatemala,30,10914403.0,7691097.0,7032007.0,291023.0,90262.0,2019,2583771.0,30338.0,74.0,931.0,498.0,67435.0,342.0,13019.0,7931.0,7691097.0,597538798.0,371.0,37750617.0,29892966.0,7857651.0,45208452.0
Guatemala,30,10914403.0,7691097.0,7032007.0,291023.0,98562.0,2020,2583771.0,39449.0,93.0,993.0,779.0,61640.0,355.0,14353.0,20308.0,7691097.0,597538798.0,371.0,37750617.0,29892966.0,7857651.0,45710977.0
Guatemala,30,10914403.0,7691097.0,7032007.0,291023.0,49899.0,2021,2583771.0,15167.0,74.0,814.0,1201.0,37726.0,359.0,8377.0,1308.0,7691097.0,597538798.0,371.0,37750617.0,29892966.0,7857651.0,26782155.0
Guatemala,30,10914403.0,7691097.0,7032007.0,291023.0,46374.0,2022,2583771.0,12200.0,145.0,919.0,206.0,36112.0,364.0,7113.0,1479.0,7691097.0,597538798.0,371.0,37750617.0,29892966.0,7857651.0,24934361.0
Guatemala,30,10914403.0,7691097.0,7032007.0,291023.0,71099.0,2023,2583771.0,21019.0,119.0,816.0,354.0,54072.0,473.0,7970.0,7270.0,7691097.0,597538798.0,371.0,37750617.0,29892966.0,7857651.0,37285995.0
Guatemala,30,10914403.0,7691097.0,7032007.0,291023.0,141999.0,2024,2583771.0,70684.0,240.0,1390.0,1631.0,68332.0,465.0,19316.0,50584.0,7691097.0,597538798.0,371.0,37750617.0,29892966.0,7857651.0,65121585.0
Guinea,30,24481608.0,8159635.0,8023662.0,272657.0,18571.0,2001,0.0,0.0,141.0,58.0,28.0,7140.0,210.0,10918.0,0.0,8159635.0,493537641.0,281.0,44028476.0,42532151.0,1496324.0,7425136.0
Guinea,30,24481608.0,8159635.0,8023662.0,272657.0,28933.0,2002,235943.0,1100.0,187.0,60.0,25.0,10123.0,322.0,18170.0,0.0,8159635.0,493537641.0,281.0,44028476.0,42532151.0,1496324.0,11900406.0
Guinea,30,24481608.0,8159635.0,8023662.0,272657.0,9229.0,2003,235943.0,287.0,22.0,13.0,7.0,3549.0,85.0,5525.0,0.0,8159635.0,493537641.0,281.0,44028476.0,42532151.0,1496324.0,3835589.0
Guinea,30,24481608.0,8159635.0,8023662.0,272657.0,17158.0,2004,235943.0,552.0,117.0,14.0,49.0,7333.0,80.0,9507.0,0.0,8159635.0,493537641.0,281.0,44028476.0,42532151.0,1496324.0,6479736.0
Guinea,30,24481608.0,8159635.0,8023662.0,272657.0,14582.0,2005,235943.0,270.0,85.0,16.0,75.0,6114.0,117.0,8142.0,0.0,8159635.0,493537641.0,281.0,44028476.0,42532151.0,1496324.0,5472471.0
Guinea,30,24481608.0,8159635.0,8023662.0,272657.0,15306.0,2006,235943.0,235.0,45.0,18.0,26.0,6954.0,239.0,7990.0,0.0,8159635.0,493537641.0,281.0,44028476.0,42532151.0,1496324.0,6102764.0
Guinea,30,24481608.0,8159635.0,8023662.0,272657.0,33822.0,2007,235943.0,1035.0,194.0,52.0,24.0,15380.0,335.0,17772.0,0.0,8159635.0,493537641.0,281.0,44028476.0,42532151.0,1496324.0,13946805.0
Guinea,30,24481608.0,8159635.0,8023662.0,272657.0,21481.0,2008,235943.0,540.0,83.0,21.0,12.0,10174.0,160.0,10977.0,0.0,8159635.0,493537641.0,281.0,44028476.0,42532151.0,1496324.0,8467981.0
Guinea,30,24481608.0,8159635.0,8023662.0,272657.0,23388.0,2009,235943.0,378.0,101.0,55.0,14.0,9692.0,201.0,13269.0,0.0,8159635.0,493537641.0,281.0,44028476.0,42532151.0,1496324.0,9572065.0
Guinea,30,24481608.0,8159635.0,8023662.0,272657.0,16045.0,2010,235943.0,332.0,63.0,13.0,8.0,7354.0,100.0,8467.0,0.0,8159635.0,493537641.0,281.0,44028476.0,42532151.0,1496324.0,6408865.0
Guinea,30,24481608.0,8159635.0,8023662.0,272657.0,27638.0,2011,235943.0,399.0,131.0,21.0,8.0,15896.0,134.0,11400.0,0.0,8159635.0,493537641.0,281.0,44028476.0,42532151.0,1496324.0,10574072.0
Guinea,30,24481608.0,8159635.0,8023662.0,272657.0,24486.0,2012,235943.0,589.0,109.0,163.0,29.0,7602.0,356.0,16160.0,0.0,8159635.0,493537641.0,281.0,44028476.0,42532151.0,1496324.0,10752384.0
Guinea,30,24481608.0,8159635.0,8023662.0,272657.0,146185.0,2013,235943.0,1029.0,674.0,751.0,122.0,26123.0,301.0,118135.0,1.0,8159635.0,493537641.0,281.0,44028476.0,42532151.0,1496324.0,62188474.0
Guinea,30,24481608.0,8159635.0,8023662.0,272657.0,132717.0,2014,235943.0,754.0,605.0,490.0,60.0,20447.0,243.0,110807.0,0.0,8159635.0,493537641.0,281.0,44028476.0,42532151.0,1496324.0,57831461.0
Guinea,30,24481608.0,8159635.0,8023662.0,272657.0,161820.0,2015,235943.0,1136.0,622.0,1202.0,93.0,22175.0,362.0,137326.0,0.0,8159635.0,493537641.0,281.0,44028476.0,42532151.0,1496324.0,73305182.0
Guinea,30,24481608.0,8159635.0,8023662.0,272657.0,216012.0,2016,235943.0,1542.0,1184.0,565.0,299.0,27518.0,469.0,185940.0,3.0,8159635.0,493537641.0,281.0,44028476.0,42532151.0,1496324.0,98343191.0
Guinea,30,24481608.0,8159635.0,8023662.0,272657.0,231588.0,2017,235943.0,1675.0,1090.0,518.0,170.0,35453.0,556.0,193770.0,2.0,8159635.0,493537641.0,281.0,44028476.0,42532151.0,1496324.0,109019967.0
Guinea,30,24481608.0,8159635.0,8023662.0,272657.0,182895.0,2018,235943.0,1138.0,902.0,224.0,278.0,28834.0,413.0,152221.0,0.0,8159635.0,493537641.0,281.0,44028476.0,42532151.0,1496324.0,84613788.0
Guinea,30,24481608.0,8159635.0,8023662.0,272657.0,193690.0,2019,235943.0,1056.0,1012.0,895.0,198.0,31674.0,416.0,159460.0,3.0,8159635.0,493537641.0,281.0,44028476.0,42532151.0,1496324.0,89322502.0
Guinea,30,24481608.0,8159635.0,8023662.0,272657.0,178407.0,2020,235943.0,1299.0,772.0,2282.0,131.0,29266.0,459.0,145381.0,85.0,8159635.0,493537641.0,281.0,44028476.0,42532151.0,1496324.0,87079176.0
Guinea,30,24481608.0,8159635.0,8023662.0,272657.0,167377.0,2021,235943.0,798.0,912.0,578.0,200.0,26914.0,368.0,138358.0,11.0,8159635.0,493537641.0,281.0,44028476.0,42532151.0,1496324.0,82115087.0
Guinea,30,24481608.0,8159635.0,8023662.0,272657.0,130215.0,2022,235943.0,944.0,1357.0,335.0,176.0,24684.0,369.0,103243.0,20.0,8159635.0,493537641.0,281.0,44028476.0,42532151.0,1496324.0,65476441.0
Guinea,30,24481608.0,8159635.0,8023662.0,272657.0,154122.0,2023,235943.0,647.0,1754.0,349.0,149.0,34213.0,227.0,117407.0,4.0,8159635.0,493537641.0,281.0,44028476.0,42532151.0,1496324.0,74148937.0
Guinea,30,24481608.0,8159635.0,8023662.0,272657.0,146802.0,2024,235943.0,909.0,1420.0,186.0,147.0,32982.0,307.0,111716.0,8.0,8159635.0,493537641.0,281.0,44028476.0,42532151.0,1496324.0,72300924.0
Guinea-Bissau,30,3388190.0,1069852.0,1126590.0,43268.0,2363.0,2001,0.0,0.0,1.0,0.0,4.0,1859.0,30.0,455.0,0.0,1069852.0,58470662.0,276.0,3807123.0,11857595.0,-8050471.0,787525.0
Guinea-Bissau,30,3388190.0,1069852.0,1126590.0,43268.0,6073.0,2002,81741.0,137.0,5.0,5.0,32.0,3836.0,53.0,2123.0,0.0,1069852.0,58470662.0,276.0,3807123.0,11857595.0,-8050471.0,1999616.0
Guinea-Bissau,30,3388190.0,1069852.0,1126590.0,43268.0,1021.0,2003,81741.0,14.0,0.0,0.0,3.0,499.0,3.0,511.0,0.0,1069852.0,58470662.0,276.0,3807123.0,11857595.0,-8050471.0,351409.0
Guinea-Bissau,30,3388190.0,1069852.0,1126590.0,43268.0,3540.0,2004,81741.0,75.0,1.0,0.0,15.0,2298.0,26.0,1181.0,0.0,1069852.0,58470662.0,276.0,3807123.0,11857595.0,-8050471.0,1216358.0
Guinea-Bissau,30,3388190.0,1069852.0,1126590.0,43268.0,3929.0,2005,81741.0,76.0,3.0,0.0,11.0,2383.0,24.0,1492.0,0.0,1069852.0,58470662.0,276.0,3807123.0,11857595.0,-8050471.0,1374429.0
Guinea-Bissau,30,3388190.0,1069852.0,1126590.0,43268.0,2019.0,2006,81741.0,48.0,0.0,2.0,8.0,1333.0,22.0,644.0,0.0,1069852.0,58470662.0,276.0,3807123.0,11857595.0,-8050471.0,714761.0
Guinea-Bissau,30,3388190.0,1069852.0,1126590.0,43268.0,6044.0,2007,81741.0,65.0,4.0,2.0,28.0,4431.0,34.0,1522.0,1.0,1069852.0,58470662.0,276.0,3807123.0,11857595.0,-8050471.0,2136749.0
Guinea-Bissau,30,3388190.0,1069852.0,1126590.0,43268.0,3249.0,2008,81741.0,68.0,3.0,0.0,29.0,1952.0,30.0,1222.0,0.0,1069852.0,58470662.0,276.0,3807123.0,11857595.0,-8050471.0,1195738.0
Guinea-Bissau,30,3388190.0,1069852.0,1126590.0,43268.0,7964.0,2009,81741.0,138.0,25.0,5.0,97.0,5404.0,199.0,2203.0,0.0,1069852.0,58470662.0,276.0,3807123.0,11857595.0,-8050471.0,2887103.0
Guinea-Bissau,30,3388190.0,1069852.0,1126590.0,43268.0,4900.0,2010,81741.0,138.0,24.0,9.0,27.0,3327.0,71.0,1418.0,0.0,1069852.0,58470662.0,276.0,3807123.0,11857595.0,-8050471.0,1852816.0
Guinea-Bissau,30,3388190.0,1069852.0,1126590.0,43268.0,4284.0,2011,81741.0,148.0,2.0,3.0,39.0,2834.0,40.0,1347.0,0.0,1069852.0,58470662.0,276.0,3807123.0,11857595.0,-8050471.0,1658844.0
Guinea-Bissau,30,3388190.0,1069852.0,1126590.0,43268.0,3512.0,2012,81741.0,110.0,1.0,2.0,24.0,2297.0,18.0,1157.0,0.0,1069852.0,58470662.0,276.0,3807123.0,11857595.0,-8050471.0,1349452.0
Guinea-Bissau,30,3388190.0,1069852.0,1126590.0,43268.0,20704.0,2013,81741.0,476.0,10.0,18.0,122.0,13341.0,118.0,7076.0,0.0,1069852.0,58470662.0,276.0,3807123.0,11857595.0,-8050471.0,8042931.0
Guinea-Bissau,30,3388190.0,1069852.0,1126590.0,43268.0,12859.0,2014,81741.0,447.0,5.0,42.0,94.0,7449.0,55.0,5194.0,0.0,1069852.0,58470662.0,276.0,3807123.0,11857595.0,-8050471.0,5113440.0
Guinea-Bissau,30,3388190.0,1069852.0,1126590.0,43268.0,12660.0,2015,81741.0,407.0,15.0,35.0,82.0,7559.0,43.0,4916.0,0.0,1069852.0,58470662.0,276.0,3807123.0,11857595.0,-8050471.0,5057913.0
Guinea-Bissau,30,3388190.0,1069852.0,1126590.0,43268.0,16120.0,2016,81741.0,527.0,23.0,38.0,147.0,8935.0,43.0,6924.0,0.0,1069852.0,58470662.0,276.0,3807123.0,11857595.0,-8050471.0,6760607.0
Guinea-Bissau,30,3388190.0,1069852.0,1126590.0,43268.0,16438.0,2017,81741.0,504.0,26.0,19.0,114.0,9672.0,55.0,6537.0,2.0,1069852.0,58470662.0,276.0,3807123.0,11857595.0,-8050471.0,7000085.0
Guinea-Bissau,30,3388190.0,1069852.0,1126590.0,43268.0,14394.0,2018,81741.0,451.0,20.0,5.0,125.0,8641.0,83.0,5512.0,0.0,1069852.0,58470662.0,276.0,3807123.0,11857595.0,-8050471.0,6262938.0
Guinea-Bissau,30,3388190.0,1069852.0,1126590.0,43268.0,15623.0,2019,81741.0,372.0,52.0,40.0,107.0,8968.0,70.0,6368.0,4.0,1069852.0,58470662.0,276.0,3807123.0,11857595.0,-8050471.0,6905166.0
Guinea-Bissau,30,3388190.0,1069852.0,1126590.0,43268.0,17107.0,2020,81741.0,507.0,33.0,73.0,111.0,9444.0,53.0,7372.0,8.0,1069852.0,58470662.0,276.0,3807123.0,11857595.0,-8050471.0,7760601.0
Guinea-Bissau,30,3388190.0,1069852.0,1126590.0,43268.0,13685.0,2021,81741.0,349.0,32.0,36.0,112.0,6985.0,67.0,6435.0,5.0,1069852.0,58470662.0,276.0,3807123.0,11857595.0,-8050471.0,6438013.0
Guinea-Bissau,30,3388190.0,1069852.0,1126590.0,43268.0,9781.0,2022,81741.0,380.0,21.0,10.0,155.0,5500.0,46.0,4039.0,0.0,1069852.0,58470662.0,276.0,3807123.0,11857595.0,-8050471.0,4565197.0
Guinea-Bissau,30,3388190.0,1069852.0,1126590.0,43268.0,11480.0,2023,81741.0,289.0,14.0,10.0,82.0,6021.0,52.0,5292.0,0.0,1069852.0,58470662.0,276.0,3807123.0,11857595.0,-8050471.0,5553095.0
Guinea-Bissau,30,3388190.0,1069852.0,1126590.0,43268.0,9302.0,2024,81741.0,268.0,57.0,14.0,95.0,4696.0,46.0,4382.0,1.0,1069852.0,58470662.0,276.0,3807123.0,11857595.0,-8050471.0,4386178.0
Guyana,30,20974406.0,18996038.0,19052062.0,30501.0,10039.0,2001,0.0,0.0,911.0,650.0,555.0,2573.0,132.0,2845.0,2034.0,18996038.0,2669803138.0,556.0,8897610.0,40448433.0,-31550821.0,5890030.0
Guyana,30,20974406.0,18996038.0,19052062.0,30501.0,4827.0,2002,17297907.0,2824.0,754.0,402.0,263.0,1170.0,74.0,1733.0,156.0,18996038.0,2669803138.0,556.0,8897610.0,40448433.0,-31550821.0,3116591.0
Guyana,30,20974406.0,18996038.0,19052062.0,30501.0,7418.0,2003,17297907.0,4216.0,645.0,409.0,686.0,2321.0,55.0,1174.0,1909.0,18996038.0,2669803138.0,556.0,8897610.0,40448433.0,-31550821.0,3976801.0
Guyana,30,20974406.0,18996038.0,19052062.0,30501.0,4062.0,2004,17297907.0,2630.0,731.0,486.0,243.0,1119.0,43.0,814.0,388.0,18996038.0,2669803138.0,556.0,8897610.0,40448433.0,-31550821.0,2536614.0
Guyana,30,20974406.0,18996038.0,19052062.0,30501.0,5832.0,2005,17297907.0,3578.0,1360.0,515.0,248.0,1570.0,125.0,1349.0,386.0,18996038.0,2669803138.0,556.0,8897610.0,40448433.0,-31550821.0,3691048.0
Guyana,30,20974406.0,18996038.0,19052062.0,30501.0,5933.0,2006,17297907.0,3744.0,1280.0,772.0,319.0,1710.0,73.0,1274.0,218.0,18996038.0,2669803138.0,556.0,8897610.0,40448433.0,-31550821.0,3802402.0
Guyana,30,20974406.0,18996038.0,19052062.0,30501.0,5250.0,2007,17297907.0,3346.0,1193.0,595.0,263.0,1709.0,43.0,1028.0,176.0,18996038.0,2669803138.0,556.0,8897610.0,40448433.0,-31550821.0,3399144.0
Guyana,30,20974406.0,18996038.0,19052062.0,30501.0,9460.0,2008,17297907.0,6376.0,3254.0,961.0,370.0,2416.0,138.0,1702.0,204.0,18996038.0,2669803138.0,556.0,8897610.0,40448433.0,-31550821.0,6298389.0
Guyana,30,20974406.0,18996038.0,19052062.0,30501.0,8266.0,2009,17297907.0,4928.0,2610.0,548.0,423.0,2376.0,128.0,1555.0,324.0,18996038.0,2669803138.0,556.0,8897610.0,40448433.0,-31550821.0,5330374.0
Guyana,30,20974406.0,18996038.0,19052062.0,30501.0,10099.0,2010,17297907.0,6655.0,3082.0,613.0,644.0,2879.0,110.0,1294.0,625.0,18996038.0,2669803138.0,556.0,8897610.0,40448433.0,-31550821.0,6472102.0
Guyana,30,20974406.0,18996038.0,19052062.0,30501.0,8363.0,2011,17297907.0,5831.0,3742.0,491.0,442.0,1628.0,184.0,972.0,141.0,18996038.0,2669803138.0,556.0,8897610.0,40448433.0,-31550821.0,5685274.0
Guyana,30,20974406.0,18996038.0,19052062.0,30501.0,13113.0,2012,17297907.0,8942.0,5133.0,855.0,749.0,2595.0,107.0,1286.0,708.0,18996038.0,2669803138.0,556.0,8897610.0,40448433.0,-31550821.0,8630542.0
Guyana,30,20974406.0,18996038.0,19052062.0,30501.0,7118.0,2013,17297907.0,4511.0,2178.0,785.0,242.0,1765.0,78.0,1097.0,668.0,18996038.0,2669803138.0,556.0,8897610.0,40448433.0,-31550821.0,4412763.0
Guyana,30,20974406.0,18996038.0,19052062.0,30501.0,12154.0,2014,17297907.0,7789.0,4663.0,1135.0,572.0,3180.0,161.0,1488.0,352.0,18996038.0,2669803138.0,556.0,8897610.0,40448433.0,-31550821.0,7836203.0
Guyana,30,20974406.0,18996038.0,19052062.0,30501.0,13084.0,2015,17297907.0,8462.0,4766.0,1226.0,1146.0,2807.0,119.0,1694.0,1107.0,18996038.0,2669803138.0,556.0,8897610.0,40448433.0,-31550821.0,7990469.0
Guyana,30,20974406.0,18996038.0,19052062.0,30501.0,26513.0,2016,17297907.0,16688.0,5776.0,1308.0,3006.0,6401.0,201.0,3270.0,6163.0,18996038.0,2669803138.0,556.0,8897610.0,40448433.0,-31550821.0,14052530.0
Guyana,30,20974406.0,18996038.0,19052062.0,30501.0,19433.0,2017,17297907.0,13504.0,8615.0,1518.0,1225.0,4486.0,137.0,2408.0,776.0,18996038.0,2669803138.0,556.0,8897610.0,40448433.0,-31550821.0,12697121.0
Guyana,30,20974406.0,18996038.0,19052062.0,30501.0,11761.0,2018,17297907.0,7627.0,4446.0,698.0,963.0,2996.0,58.0,1915.0,572.0,18996038.0,2669803138.0,556.0,8897610.0,40448433.0,-31550821.0,7480556.0
Guyana,30,20974406.0,18996038.0,19052062.0,30501.0,22324.0,2019,17297907.0,12963.0,5006.0,874.0,1550.0,5603.0,104.0,3159.0,5867.0,18996038.0,2669803138.0,556.0,8897610.0,40448433.0,-31550821.0,12327989.0
Guyana,30,20974406.0,18996038.0,19052062.0,30501.0,15770.0,2020,17297907.0,10763.0,5659.0,869.0,874.0,3793.0,148.0,2600.0,1692.0,18996038.0,2669803138.0,556.0,8897610.0,40448433.0,-31550821.0,9942765.0
Guyana,30,20974406.0,18996038.0,19052062.0,30501.0,9538.0,2021,17297907.0,7088.0,4867.0,855.0,321.0,1926.0,105.0,1076.0,244.0,18996038.0,2669803138.0,556.0,8897610.0,40448433.0,-31550821.0,6555708.0
Guyana,30,20974406.0,18996038.0,19052062.0,30501.0,10563.0,2022,17297907.0,7883.0,4141.0,1504.0,449.0,2393.0,116.0,1132.0,668.0,18996038.0,2669803138.0,556.0,8897610.0,40448433.0,-31550821.0,7046819.0
Guyana,30,20974406.0,18996038.0,19052062.0,30501.0,27882.0,2023,17297907.0,17167.0,10071.0,1336.0,1339.0,7329.0,170.0,2341.0,5209.0,18996038.0,2669803138.0,556.0,8897610.0,40448433.0,-31550821.0,16896367.0
Guyana,30,20974406.0,18996038.0,19052062.0,30501.0,107335.0,2024,17297907.0,64433.0,9893.0,1982.0,6892.0,13013.0,224.0,3871.0,71294.0,18996038.0,2669803138.0,556.0,8897610.0,40448433.0,-31550821.0,47474059.0
Haiti,30,2710755.0,858467.0,792454.0,13832.0,2468.0,2001,0.0,0.0,15.0,1.0,31.0,1681.0,32.0,508.0,126.0,858467.0,54320744.0,274.0,1541445.0,4740439.0,-3198993.0,918634.0
Haiti,30,2710755.0,858467.0,792454.0,13832.0,2120.0,2002,9193.0,17.0,12.0,1.0,22.0,1421.0,64.0,511.0,24.0,858467.0,54320744.0,274.0,1541445.0,4740439.0,-3198993.0,758740.0
Haiti,30,2710755.0,858467.0,792454.0,13832.0,1070.0,2003,9193.0,14.0,3.0,1.0,18.0,696.0,17.0,267.0,29.0,858467.0,54320744.0,274.0,1541445.0,4740439.0,-3198993.0,413102.0
Haiti,30,2710755.0,858467.0,792454.0,13832.0,2383.0,2004,9193.0,52.0,9.0,1.0,21.0,1627.0,85.0,450.0,80.0,858467.0,54320744.0,274.0,1541445.0,4740439.0,-3198993.0,908723.0
Haiti,30,2710755.0,858467.0,792454.0,13832.0,2033.0,2005,9193.0,36.0,13.0,0.0,32.0,1268.0,92.0,422.0,131.0,858467.0,54320744.0,274.0,1541445.0,4740439.0,-3198993.0,839594.0
Haiti,30,2710755.0,858467.0,792454.0,13832.0,1163.0,2006,9193.0,21.0,13.0,0.0,30.0,754.0,41.0,252.0,35.0,858467.0,54320744.0,274.0,1541445.0,4740439.0,-3198993.0,486795.0
Haiti,30,2710755.0,858467.0,792454.0,13832.0,2078.0,2007,9193.0,38.0,14.0,0.0,61.0,1365.0,59.0,332.0,180.0,858467.0,54320744.0,274.0,1541445.0,4740439.0,-3198993.0,851874.0
Haiti,30,2710755.0,858467.0,792454.0,13832.0,2192.0,2008,9193.0,41.0,23.0,0.0,32.0,1520.0,57.0,395.0,79.0,858467.0,54320744.0,274.0,1541445.0,4740439.0,-3198993.0,889923.0
Haiti,30,2710755.0,858467.0,792454.0,13832.0,2465.0,2009,9193.0,24.0,13.0,0.0,51.0,1719.0,43.0,524.0,46.0,858467.0,54320744.0,274.0,1541445.0,4740439.0,-3198993.0,1066506.0
Haiti,30,2710755.0,858467.0,792454.0,13832.0,2085.0,2010,9193.0,12.0,21.0,0.0,49.0,1397.0,63.0,450.0,31.0,858467.0,54320744.0,274.0,1541445.0,4740439.0,-3198993.0,906884.0
Haiti,30,2710755.0,858467.0,792454.0,13832.0,2564.0,2011,9193.0,28.0,8.0,0.0,64.0,1736.0,104.0,561.0,14.0,858467.0,54320744.0,274.0,1541445.0,4740439.0,-3198993.0,1073705.0
Haiti,30,2710755.0,858467.0,792454.0,13832.0,4274.0,2012,9193.0,48.0,29.0,6.0,151.0,2705.0,114.0,1087.0,60.0,858467.0,54320744.0,274.0,1541445.0,4740439.0,-3198993.0,1883211.0
Haiti,30,2710755.0,858467.0,792454.0,13832.0,3181.0,2013,9193.0,14.0,34.0,35.0,120.0,1707.0,69.0,1095.0,66.0,858467.0,54320744.0,274.0,1541445.0,4740439.0,-3198993.0,1286255.0
Haiti,30,2710755.0,858467.0,792454.0,13832.0,3858.0,2014,9193.0,10.0,24.0,45.0,84.0,2005.0,50.0,1575.0,40.0,858467.0,54320744.0,274.0,1541445.0,4740439.0,-3198993.0,1618027.0
Haiti,30,2710755.0,858467.0,792454.0,13832.0,3088.0,2015,9193.0,20.0,7.0,40.0,95.0,1281.0,29.0,1550.0,62.0,858467.0,54320744.0,274.0,1541445.0,4740439.0,-3198993.0,1296784.0
Haiti,30,2710755.0,858467.0,792454.0,13832.0,17268.0,2016,9193.0,2031.0,218.0,20.0,2743.0,9011.0,803.0,3929.0,483.0,858467.0,54320744.0,274.0,1541445.0,4740439.0,-3198993.0,8834148.0
Haiti,30,2710755.0,858467.0,792454.0,13832.0,5499.0,2017,9193.0,379.0,45.0,5.0,528.0,2719.0,101.0,1950.0,86.0,858467.0,54320744.0,274.0,1541445.0,4740439.0,-3198993.0,2606866.0
Haiti,30,2710755.0,858467.0,792454.0,13832.0,4131.0,2018,9193.0,27.0,48.0,5.0,165.0,2123.0,65.0,1675.0,30.0,858467.0,54320744.0,274.0,1541445.0,4740439.0,-3198993.0,2004454.0
Haiti,30,2710755.0,858467.0,792454.0,13832.0,4396.0,2019,9193.0,34.0,13.0,43.0,124.0,1738.0,27.0,2432.0,8.0,858467.0,54320744.0,274.0,1541445.0,4740439.0,-3198993.0,2043374.0
Haiti,30,2710755.0,858467.0,792454.0,13832.0,3802.0,2020,9193.0,16.0,12.0,4.0,89.0,1728.0,64.0,1847.0,44.0,858467.0,54320744.0,274.0,1541445.0,4740439.0,-3198993.0,1797954.0
Haiti,30,2710755.0,858467.0,792454.0,13832.0,2414.0,2021,9193.0,131.0,46.0,4.0,367.0,960.0,45.0,963.0,18.0,858467.0,54320744.0,274.0,1541445.0,4740439.0,-3198993.0,1167892.0
Haiti,30,2710755.0,858467.0,792454.0,13832.0,1844.0,2022,9193.0,14.0,23.0,3.0,45.0,710.0,39.0,1001.0,16.0,858467.0,54320744.0,274.0,1541445.0,4740439.0,-3198993.0,901306.0
Haiti,30,2710755.0,858467.0,792454.0,13832.0,2555.0,2023,9193.0,55.0,31.0,1.0,55.0,1055.0,25.0,1230.0,149.0,858467.0,54320744.0,274.0,1541445.0,4740439.0,-3198993.0,1234891.0
Haiti,30,2710755.0,858467.0,792454.0,13832.0,2417.0,2024,9193.0,42.0,6.0,3.0,54.0,1103.0,19.0,1178.0,44.0,858467.0,54320744.0,274.0,1541445.0,4740439.0,-3198993.0,1205037.0
Honduras,30,11229008.0,7740497.0,7554779.0,137965.0,42381.0,2001,0.0,0.0,21.0,260.0,531.0,39167.0,196.0,1360.0,741.0,7740497.0,591110235.0,419.0,30724735.0,33466607.0,-2741872.0,18878539.0
Honduras,30,11229008.0,7740497.0,7554779.0,137965.0,31529.0,2002,2154615.0,7343.0,6.0,145.0,295.0,29372.0,240.0,933.0,462.0,7740497.0,591110235.0,419.0,30724735.0,33466607.0,-2741872.0,14262859.0
Honduras,30,11229008.0,7740497.0,7554779.0,137965.0,33626.0,2003,2154615.0,8855.0,13.0,121.0,358.0,31642.0,201.0,695.0,526.0,7740497.0,591110235.0,419.0,30724735.0,33466607.0,-2741872.0,15148486.0
Honduras,30,11229008.0,7740497.0,7554779.0,137965.0,26457.0,2004,2154615.0,7114.0,34.0,103.0,233.0,24589.0,282.0,786.0,372.0,7740497.0,591110235.0,419.0,30724735.0,33466607.0,-2741872.0,12240514.0
Honduras,30,11229008.0,7740497.0,7554779.0,137965.0,40471.0,2005,2154615.0,14157.0,17.0,286.0,511.0,37166.0,240.0,1420.0,735.0,7740497.0,591110235.0,419.0,30724735.0,33466607.0,-2741872.0,19302095.0
Honduras,30,11229008.0,7740497.0,7554779.0,137965.0,41632.0,2006,2154615.0,14165.0,20.0,252.0,804.0,38136.0,348.0,1126.0,848.0,7740497.0,591110235.0,419.0,30724735.0,33466607.0,-2741872.0,19625505.0
Honduras,30,11229008.0,7740497.0,7554779.0,137965.0,42413.0,2007,2154615.0,12660.0,24.0,67.0,443.0,39432.0,556.0,1296.0,525.0,7740497.0,591110235.0,419.0,30724735.0,33466607.0,-2741872.0,20146204.0
Honduras,30,11229008.0,7740497.0,7554779.0,137965.0,43299.0,2008,2154615.0,14679.0,21.0,69.0,569.0,40495.0,434.0,1213.0,393.0,7740497.0,591110235.0,419.0,30724735.0,33466607.0,-2741872.0,20508942.0
Honduras,30,11229008.0,7740497.0,7554779.0,137965.0,51515.0,2009,2154615.0,22179.0,27.0,93.0,467.0,48497.0,458.0,1471.0,415.0,7740497.0,591110235.0,419.0,30724735.0,33466607.0,-2741872.0,26284280.0
Honduras,30,11229008.0,7740497.0,7554779.0,137965.0,46085.0,2010,2154615.0,21406.0,15.0,46.0,387.0,43497.0,248.0,1580.0,208.0,7740497.0,591110235.0,419.0,30724735.0,33466607.0,-2741872.0,23572524.0
Honduras,30,11229008.0,7740497.0,7554779.0,137965.0,52571.0,2011,2154615.0,20322.0,11.0,81.0,471.0,49594.0,356.0,1693.0,294.0,7740497.0,591110235.0,419.0,30724735.0,33466607.0,-2741872.0,26499280.0
Honduras,30,11229008.0,7740497.0,7554779.0,137965.0,32307.0,2012,2154615.0,10008.0,11.0,75.0,313.0,30002.0,256.0,1272.0,278.0,7740497.0,591110235.0,419.0,30724735.0,33466607.0,-2741872.0,15859892.0
Honduras,30,11229008.0,7740497.0,7554779.0,137965.0,43633.0,2013,2154615.0,16969.0,41.0,57.0,465.0,40153.0,275.0,2142.0,444.0,7740497.0,591110235.0,419.0,30724735.0,33466607.0,-2741872.0,21817035.0
Honduras,30,11229008.0,7740497.0,7554779.0,137965.0,57484.0,2014,2154615.0,22265.0,51.0,113.0,749.0,52634.0,296.0,2898.0,675.0,7740497.0,591110235.0,419.0,30724735.0,33466607.0,-2741872.0,28920762.0
Honduras,30,11229008.0,7740497.0,7554779.0,137965.0,50243.0,2015,2154615.0,15366.0,14.0,413.0,932.0,43595.0,303.0,2648.0,2296.0,7740497.0,591110235.0,419.0,30724735.0,33466607.0,-2741872.0,24491333.0
Honduras,30,11229008.0,7740497.0,7554779.0,137965.0,188441.0,2016,2154615.0,46023.0,102.0,2764.0,3014.0,149025.0,911.0,7101.0,25432.0,7740497.0,591110235.0,419.0,30724735.0,33466607.0,-2741872.0,87983637.0
Honduras,30,11229008.0,7740497.0,7554779.0,137965.0,113474.0,2017,2154615.0,37700.0,53.0,404.0,1860.0,96658.0,641.0,7780.0,6011.0,7740497.0,591110235.0,419.0,30724735.0,33466607.0,-2741872.0,56726381.0
Honduras,30,11229008.0,7740497.0,7554779.0,137965.0,76254.0,2018,2154615.0,32644.0,26.0,131.0,1111.0,69053.0,304.0,4326.0,1269.0,7740497.0,591110235.0,419.0,30724735.0,33466607.0,-2741872.0,39899654.0
Honduras,30,11229008.0,7740497.0,7554779.0,137965.0,81416.0,2019,2154615.0,32910.0,17.0,180.0,1381.0,72850.0,419.0,4472.0,2069.0,7740497.0,591110235.0,419.0,30724735.0,33466607.0,-2741872.0,42087864.0
Honduras,30,11229008.0,7740497.0,7554779.0,137965.0,93648.0,2020,2154615.0,41687.0,37.0,221.0,1867.0,82115.0,283.0,6497.0,2585.0,7740497.0,591110235.0,419.0,30724735.0,33466607.0,-2741872.0,49242101.0
Honduras,30,11229008.0,7740497.0,7554779.0,137965.0,69498.0,2021,2154615.0,36600.0,13.0,343.0,1555.0,61973.0,316.0,4299.0,950.0,7740497.0,591110235.0,419.0,30724735.0,33466607.0,-2741872.0,37499705.0
Honduras,30,11229008.0,7740497.0,7554779.0,137965.0,57343.0,2022,2154615.0,30126.0,17.0,223.0,721.0,52712.0,176.0,2697.0,778.0,7740497.0,591110235.0,419.0,30724735.0,33466607.0,-2741872.0,30982963.0
Honduras,30,11229008.0,7740497.0,7554779.0,137965.0,84448.0,2023,2154615.0,43764.0,19.0,235.0,1777.0,73026.0,254.0,4713.0,4404.0,7740497.0,591110235.0,419.0,30724735.0,33466607.0,-2741872.0,45385800.0
Honduras,30,11229008.0,7740497.0,7554779.0,137965.0,74952.0,2024,2154615.0,40365.0,19.0,393.0,1856.0,60714.0,254.0,4992.0,6700.0,7740497.0,591110235.0,419.0,30724735.0,33466607.0,-2741872.0,40027280.0
Hungary,30,9303964.0,1989596.0,1991274.0,207305.0,7522.0,2001,0.0,0.0,15.0,7355.0,15.0,29.0,20.0,0.0,1.0,1989596.0,116027454.0,201.0,4622216.0,11961428.0,-7339211.0,2598519.0
Hungary,30,9303964.0,1989596.0,1991274.0,207305.0,7707.0,2002,0.0,0.0,9.0,7528.0,10.0,44.0,30.0,0.0,5.0,1989596.0,116027454.0,201.0,4622216.0,11961428.0,-7339211.0,2695030.0
Hungary,30,9303964.0,1989596.0,1991274.0,207305.0,5726.0,2003,0.0,0.0,10.0,5613.0,2.0,36.0,22.0,0.0,0.0,1989596.0,116027454.0,201.0,4622216.0,11961428.0,-7339211.0,2064060.0
Hungary,30,9303964.0,1989596.0,1991274.0,207305.0,12002.0,2004,0.0,0.0,23.0,11780.0,9.0,62.0,32.0,0.0,1.0,1989596.0,116027454.0,201.0,4622216.0,11961428.0,-7339211.0,4409644.0
Hungary,30,9303964.0,1989596.0,1991274.0,207305.0,10403.0,2005,0.0,0.0,9.0,10162.0,5.0,65.0,74.0,0.0,0.0,1989596.0,116027454.0,201.0,4622216.0,11961428.0,-7339211.0,3824946.0
Hungary,30,9303964.0,1989596.0,1991274.0,207305.0,7991.0,2006,0.0,0.0,9.0,7817.0,1.0,69.0,45.0,0.0,0.0,1989596.0,116027454.0,201.0,4622216.0,11961428.0,-7339211.0,3007091.0
Hungary,30,9303964.0,1989596.0,1991274.0,207305.0,9360.0,2007,0.0,0.0,22.0,9105.0,14.0,98.0,54.0,0.0,0.0,1989596.0,116027454.0,201.0,4622216.0,11961428.0,-7339211.0,3553354.0
Hungary,30,9303964.0,1989596.0,1991274.0,207305.0,8911.0,2008,0.0,0.0,5.0,8667.0,1.0,143.0,36.0,0.0,1.0,1989596.0,116027454.0,201.0,4622216.0,11961428.0,-7339211.0,3401448.0
Hungary,30,9303964.0,1989596.0,1991274.0,207305.0,10070.0,2009,0.0,0.0,16.0,9814.0,3.0,87.0,78.0,0.0,0.0,1989596.0,116027454.0,201.0,4622216.0,11961428.0,-7339211.0,3888323.0
Hungary,30,9303964.0,1989596.0,1991274.0,207305.0,11258.0,2010,0.0,0.0,19.0,10971.0,13.0,117.0,52.0,0.0,0.0,1989596.0,116027454.0,201.0,4622216.0,11961428.0,-7339211.0,4422544.0
Hungary,30,9303964.0,1989596.0,1991274.0,207305.0,8224.0,2011,0.0,0.0,11.0,8022.0,2.0,107.0,27.0,0.0,0.0,1989596.0,116027454.0,201.0,4622216.0,11961428.0,-7339211.0,3262518.0
Hungary,30,9303964.0,1989596.0,1991274.0,207305.0,11920.0,2012,0.0,0.0,14.0,11593.0,15.0,163.0,19.0,0.0,9.0,1989596.0,116027454.0,201.0,4622216.0,11961428.0,-7339211.0,4728812.0
Hungary,30,9303964.0,1989596.0,1991274.0,207305.0,8948.0,2013,0.0,0.0,7.0,8704.0,0.0,140.0,37.0,0.0,2.0,1989596.0,116027454.0,201.0,4622216.0,11961428.0,-7339211.0,3532344.0
Hungary,30,9303964.0,1989596.0,1991274.0,207305.0,15135.0,2014,0.0,0.0,51.0,14532.0,8.0,334.0,46.0,0.0,10.0,1989596.0,116027454.0,201.0,4622216.0,11961428.0,-7339211.0,5965587.0
Hungary,30,9303964.0,1989596.0,1991274.0,207305.0,10719.0,2015,0.0,0.0,17.0,10363.0,0.0,224.0,33.0,0.0,7.0,1989596.0,116027454.0,201.0,4622216.0,11961428.0,-7339211.0,4285197.0
Hungary,30,9303964.0,1989596.0,1991274.0,207305.0,14018.0,2016,0.0,0.0,30.0,13538.0,5.0,320.0,37.0,0.0,12.0,1989596.0,116027454.0,201.0,4622216.0,11961428.0,-7339211.0,5579435.0
Hungary,30,9303964.0,1989596.0,1991274.0,207305.0,14116.0,2017,0.0,0.0,18.0,13730.0,8.0,215.0,58.0,0.0,0.0,1989596.0,116027454.0,201.0,4622216.0,11961428.0,-7339211.0,5712504.0
Hungary,30,9303964.0,1989596.0,1991274.0,207305.0,13809.0,2018,0.0,0.0,25.0,13318.0,8.0,311.0,92.0,0.0,0.0,1989596.0,116027454.0,201.0,4622216.0,11961428.0,-7339211.0,5672405.0
Hungary,30,9303964.0,1989596.0,1991274.0,207305.0,14401.0,2019,0.0,0.0,10.0,14108.0,4.0,156.0,70.0,0.0,0.0,1989596.0,116027454.0,201.0,4622216.0,11961428.0,-7339211.0,5969100.0
Hungary,30,9303964.0,1989596.0,1991274.0,207305.0,12016.0,2020,0.0,0.0,14.0,11806.0,3.0,94.0,46.0,0.0,1.0,1989596.0,116027454.0,201.0,4622216.0,11961428.0,-7339211.0,5029364.0
Hungary,30,9303964.0,1989596.0,1991274.0,207305.0,13756.0,2021,0.0,0.0,21.0,13573.0,0.0,97.0,21.0,0.0,0.0,1989596.0,116027454.0,201.0,4622216.0,11961428.0,-7339211.0,6093601.0
Hungary,30,9303964.0,1989596.0,1991274.0,207305.0,14807.0,2022,0.0,0.0,22.0,14582.0,4.0,103.0,44.0,0.0,4.0,1989596.0,116027454.0,201.0,4622216.0,11961428.0,-7339211.0,6621860.0
Hungary,30,9303964.0,1989596.0,1991274.0,207305.0,19704.0,2023,0.0,0.0,36.0,19368.0,0.0,158.0,76.0,0.0,10.0,1989596.0,116027454.0,201.0,4622216.0,11961428.0,-7339211.0,8835596.0
Hungary,30,9303964.0,1989596.0,1991274.0,207305.0,12740.0,2024,0.0,0.0,27.0,12303.0,1.0,93.0,47.0,0.0,224.0,1989596.0,116027454.0,201.0,4622216.0,11961428.0,-7339211.0,5779904.0
Iceland,30,10222383.0,0.0,424691.0,0.0,0.0,2001,0.0,0.0,0.0,0.0,0.0,0.0,0.0,0.0,0.0,0.0,0.0,0.0,0.0,0.0,0.0,0.0
Iceland,30,10222383.0,0.0,424691.0,0.0,0.0,2002,0.0,0.0,0.0,0.0,0.0,0.0,0.0,0.0,0.0,0.0,0.0,0.0,0.0,0.0,0.0,0.0
Iceland,30,10222383.0,0.0,424691.0,0.0,0.0,2003,0.0,0.0,0.0,0.0,0.0,0.0,0.0,0.0,0.0,0.0,0.0,0.0,0.0,0.0,0.0,0.0
Iceland,30,10222383.0,0.0,424691.0,0.0,0.0,2004,0.0,0.0,0.0,0.0,0.0,0.0,0.0,0.0,0.0,0.0,0.0,0.0,0.0,0.0,0.0,0.0
Iceland,30,10222383.0,0.0,424691.0,0.0,0.0,2005,0.0,0.0,0.0,0.0,0.0,0.0,0.0,0.0,0.0,0.0,0.0,0.0,0.0,0.0,0.0,0.0
Iceland,30,10222383.0,0.0,424691.0,0.0,0.0,2006,0.0,0.0,0.0,0.0,0.0,0.0,0.0,0.0,0.0,0.0,0.0,0.0,0.0,0.0,0.0,0.0
Iceland,30,10222383.0,0.0,424691.0,0.0,0.0,2007,0.0,0.0,0.0,0.0,0.0,0.0,0.0,0.0,0.0,0.0,0.0,0.0,0.0,0.0,0.0,0.0
Iceland,30,10222383.0,0.0,424691.0,0.0,0.0,2008,0.0,0.0,0.0,0.0,0.0,0.0,0.0,0.0,0.0,0.0,0.0,0.0,0.0,0.0,0.0,0.0
Iceland,30,10222383.0,0.0,424691.0,0.0,0.0,2009,0.0,0.0,0.0,0.0,0.0,0.0,0.0,0.0,0.0,0.0,0.0,0.0,0.0,0.0,0.0,0.0
Iceland,30,10222383.0,0.0,424691.0,0.0,0.0,2010,0.0,0.0,0.0,0.0,0.0,0.0,0.0,0.0,0.0,0.0,0.0,0.0,0.0,0.0,0.0,0.0
Iceland,30,10222383.0,0.0,424691.0,0.0,0.0,2011,0.0,0.0,0.0,0.0,0.0,0.0,0.0,0.0,0.0,0.0,0.0,0.0,0.0,0.0,0.0,0.0
Iceland,30,10222383.0,0.0,424691.0,0.0,0.0,2012,0.0,0.0,0.0,0.0,0.0,0.0,0.0,0.0,0.0,0.0,0.0,0.0,0.0,0.0,0.0,0.0
Iceland,30,10222383.0,0.0,424691.0,0.0,0.0,2013,0.0,0.0,0.0,0.0,0.0,0.0,0.0,0.0,0.0,0.0,0.0,0.0,0.0,0.0,0.0,0.0
Iceland,30,10222383.0,0.0,424691.0,0.0,0.0,2014,0.0,0.0,0.0,0.0,0.0,0.0,0.0,0.0,0.0,0.0,0.0,0.0,0.0,0.0,0.0,0.0
Iceland,30,10222383.0,0.0,424691.0,0.0,0.0,2015,0.0,0.0,0.0,0.0,0.0,0.0,0.0,0.0,0.0,0.0,0.0,0.0,0.0,0.0,0.0,0.0
Iceland,30,10222383.0,0.0,424691.0,0.0,0.0,2016,0.0,0.0,0.0,0.0,0.0,0.0,0.0,0.0,0.0,0.0,0.0,0.0,0.0,0.0,0.0,0.0
Iceland,30,10222383.0,0.0,424691.0,0.0,0.0,2017,0.0,0.0,0.0,0.0,0.0,0.0,0.0,0.0,0.0,0.0,0.0,0.0,0.0,0.0,0.0,0.0
Iceland,30,10222383.0,0.0,424691.0,0.0,0.0,2018,0.0,0.0,0.0,0.0,0.0,0.0,0.0,0.0,0.0,0.0,0.0,0.0,0.0,0.0,0.0,0.0
Iceland,30,10222383.0,0.0,424691.0,0.0,0.0,2019,0.0,0.0,0.0,0.0,0.0,0.0,0.0,0.0,0.0,0.0,0.0,0.0,0.0,0.0,0.0,0.0
Iceland,30,10222383.0,0.0,424691.0,0.0,0.0,2020,0.0,0.0,0.0,0.0,0.0,0.0,0.0,0.0,0.0,0.0,0.0,0.0,0.0,0.0,0.0,0.0
Iceland,30,10222383.0,0.0,424691.0,0.0,0.0,2021,0.0,0.0,0.0,0.0,0.0,0.0,0.0,0.0,0.0,0.0,0.0,0.0,0.0,0.0,0.0,0.0
Iceland,30,10222383.0,0.0,424691.0,0.0,0.0,2022,0.0,0.0,0.0,0.0,0.0,0.0,0.0,0.0,0.0,0.0,0.0,0.0,0.0,0.0,0.0,0.0
Iceland,30,10222383.0,0.0,424691.0,0.0,0.0,2023,0.0,0.0,0.0,0.0,0.0,0.0,0.0,0.0,0.0,0.0,0.0,0.0,0.0,0.0,0.0,0.0
Iceland,30,10222383.0,0.0,424691.0,0.0,0.0,2024,0.0,0.0,0.0,0.0,0.0,0.0,0.0,0.0,0.0,0.0,0.0,0.0,0.0,0.0,0.0,0.0
India,30,297835739.0,32620759.0,28594312.0,1781312.0,56793.0,2001,0.0,0.0,137.0,7390.0,1128.0,16976.0,418.0,28059.0,265.0,32620759.0,3352459649.0,639.0,53605603.0,133941274.0,-80335671.0,31996637.0
India,30,297835739.0,32620759.0,28594312.0,1781312.0,47839.0,2002,6583055.0,8614.0,153.0,5164.0,1199.0,15497.0,392.0,23570.0,281.0,32620759.0,3352459649.0,639.0,53605603.0,133941274.0,-80335671.0,26186228.0
India,30,297835739.0,32620759.0,28594312.0,1781312.0,43831.0,2003,6583055.0,8255.0,243.0,5137.0,1095.0,13942.0,451.0,21728.0,75.0,32620759.0,3352459649.0,639.0,53605603.0,133941274.0,-80335671.0,24228963.0
India,30,297835739.0,32620759.0,28594312.0,1781312.0,66412.0,2004,6583055.0,14204.0,592.0,7297.0,2421.0,24274.0,946.0,28562.0,417.0,32620759.0,3352459649.0,639.0,53605603.0,133941274.0,-80335671.0,36019970.0
India,30,297835739.0,32620759.0,28594312.0,1781312.0,56419.0,2005,6583055.0,11134.0,324.0,6400.0,2724.0,19428.0,893.0,24990.0,215.0,32620759.0,3352459649.0,639.0,53605603.0,133941274.0,-80335671.0,31106881.0
India,30,297835739.0,32620759.0,28594312.0,1781312.0,61012.0,2006,6583055.0,11175.0,364.0,6759.0,1484.0,24233.0,1306.0,25064.0,345.0,32620759.0,3352459649.0,639.0,53605603.0,133941274.0,-80335671.0,32999866.0
India,30,297835739.0,32620759.0,28594312.0,1781312.0,67732.0,2007,6583055.0,12972.0,556.0,7477.0,1686.0,31122.0,1755.0,23177.0,336.0,32620759.0,3352459649.0,639.0,53605603.0,133941274.0,-80335671.0,36558489.0
India,30,297835739.0,32620759.0,28594312.0,1781312.0,78641.0,2008,6583055.0,16046.0,546.0,7728.0,2448.0,36150.0,1652.0,27861.0,679.0,32620759.0,3352459649.0,639.0,53605603.0,133941274.0,-80335671.0,42130951.0
India,30,297835739.0,32620759.0,28594312.0,1781312.0,74155.0,2009,6583055.0,13974.0,623.0,6974.0,1224.0,32715.0,1522.0,28954.0,482.0,32620759.0,3352459649.0,639.0,53605603.0,133941274.0,-80335671.0,39859471.0
India,30,297835739.0,32620759.0,28594312.0,1781312.0,47441.0,2010,6583055.0,9261.0,496.0,5172.0,1699.0,18794.0,1093.0,18823.0,203.0,32620759.0,3352459649.0,639.0,53605603.0,133941274.0,-80335671.0,26027578.0
India,30,297835739.0,32620759.0,28594312.0,1781312.0,83415.0,2011,6583055.0,13505.0,487.0,7475.0,1519.0,45265.0,2120.0,24395.0,288.0,32620759.0,3352459649.0,639.0,53605603.0,133941274.0,-80335671.0,44399308.0
India,30,297835739.0,32620759.0,28594312.0,1781312.0,88011.0,2012,6583055.0,15038.0,1072.0,8338.0,3364.0,34428.0,1746.0,35340.0,485.0,32620759.0,3352459649.0,639.0,53605603.0,133941274.0,-80335671.0,47538973.0
India,30,297835739.0,32620759.0,28594312.0,1781312.0,75407.0,2013,6583055.0,11685.0,259.0,8078.0,485.0,13579.0,595.0,51709.0,94.0,32620759.0,3352459649.0,639.0,53605603.0,133941274.0,-80335671.0,41229628.0
India,30,297835739.0,32620759.0,28594312.0,1781312.0,132072.0,2014,6583055.0,18278.0,423.0,11659.0,1230.0,25403.0,952.0,91487.0,275.0,32620759.0,3352459649.0,639.0,53605603.0,133941274.0,-80335671.0,71455358.0
India,30,297835739.0,32620759.0,28594312.0,1781312.0,109677.0,2015,6583055.0,17494.0,369.0,9437.0,742.0,14532.0,677.0,83597.0,78.0,32620759.0,3352459649.0,639.0,53605603.0,133941274.0,-80335671.0,60981148.0
India,30,297835739.0,32620759.0,28594312.0,1781312.0,164150.0,2016,6583055.0,24375.0,688.0,12988.0,1075.0,26905.0,1727.0,120433.0,91.0,32620759.0,3352459649.0,639.0,53605603.0,133941274.0,-80335671.0,92485127.0
India,30,297835739.0,32620759.0,28594312.0,1781312.0,179261.0,2017,6583055.0,23806.0,2740.0,9453.0,1522.0,29178.0,1645.0,134323.0,145.0,32620759.0,3352459649.0,639.0,53605603.0,133941274.0,-80335671.0,102143020.0
India,30,297835739.0,32620759.0,28594312.0,1781312.0,125295.0,2018,6583055.0,15514.0,615.0,5733.0,938.0,23343.0,1238.0,92901.0,272.0,32620759.0,3352459649.0,639.0,53605603.0,133941274.0,-80335671.0,69336585.0
India,30,297835739.0,32620759.0,28594312.0,1781312.0,115904.0,2019,6583055.0,14467.0,726.0,6252.0,1137.0,21906.0,1267.0,83986.0,318.0,32620759.0,3352459649.0,639.0,53605603.0,133941274.0,-80335671.0,64725101.0
India,30,297835739.0,32620759.0,28594312.0,1781312.0,130854.0,2020,6583055.0,16992.0,807.0,8772.0,1340.0,24981.0,1301.0,93149.0,231.0,32620759.0,3352459649.0,639.0,53605603.0,133941274.0,-80335671.0,72810172.0
India,30,297835739.0,32620759.0,28594312.0,1781312.0,125753.0,2021,6583055.0,18335.0,929.0,7758.0,1053.0,24281.0,1313.0,89988.0,197.0,32620759.0,3352459649.0,639.0,53605603.0,133941274.0,-80335671.0,72534776.0
India,30,297835739.0,32620759.0,28594312.0,1781312.0,114223.0,2022,6583055.0,16878.0,977.0,6841.0,1133.0,26905.0,1569.0,76291.0,256.0,32620759.0,3352459649.0,639.0,53605603.0,133941274.0,-80335671.0,65100664.0
India,30,297835739.0,32620759.0,28594312.0,1781312.0,136713.0,2023,6583055.0,17739.0,1226.0,6821.0,1297.0,41498.0,2272.0,82786.0,441.0,32620759.0,3352459649.0,639.0,53605603.0,133941274.0,-80335671.0,81054959.0
India,30,297835739.0,32620759.0,28594312.0,1781312.0,126044.0,2024,6583055.0,18186.0,890.0,6492.0,1095.0,34635.0,1746.0,78964.0,1853.0,32620759.0,3352459649.0,639.0,53605603.0,133941274.0,-80335671.0,73624613.0
Indonesia,30,189023580.0,160640822.0,157792890.0,4882129.0,744084.0,2001,0.0,0.0,9527.0,97144.0,6508.0,556142.0,2670.0,56784.0,12698.0,160640822.0,20278023331.0,625.0,966952277.0,610945957.0,356006316.0,503083289.0
Indonesia,30,189023580.0,160640822.0,157792890.0,4882129.0,855270.0,2002,93872195.0,271744.0,12482.0,112056.0,10503.0,603239.0,4005.0,68011.0,42454.0,160640822.0,20278023331.0,625.0,966952277.0,610945957.0,356006316.0,641643050.0
Indonesia,30,189023580.0,160640822.0,157792890.0,4882129.0,544811.0,2003,93872195.0,248435.0,10791.0,63909.0,7034.0,334843.0,1725.0,38133.0,86888.0,160640822.0,20278023331.0,625.0,966952277.0,610945957.0,356006316.0,437532304.0
Indonesia,30,189023580.0,160640822.0,157792890.0,4882129.0,1289035.0,2004,93872195.0,479153.0,20936.0,180231.0,9662.0,960149.0,4871.0,74815.0,35784.0,160640822.0,20278023331.0,625.0,966952277.0,610945957.0,356006316.0,996525680.0
Indonesia,30,189023580.0,160640822.0,157792890.0,4882129.0,1182436.0,2005,93872195.0,478404.0,19726.0,147528.0,7098.0,902556.0,4839.0,52013.0,46783.0,160640822.0,20278023331.0,625.0,966952277.0,610945957.0,356006316.0,960834109.0
Indonesia,30,189023580.0,160640822.0,157792890.0,4882129.0,1433147.0,2006,93872195.0,468380.0,21398.0,143411.0,8858.0,1142890.0,5389.0,72518.0,36359.0,160640822.0,20278023331.0,625.0,966952277.0,610945957.0,356006316.0,1036817155.0
Indonesia,30,189023580.0,160640822.0,157792890.0,4882129.0,1387620.0,2007,93872195.0,525991.0,25771.0,179590.0,9689.0,976105.0,4731.0,48808.0,140931.0,160640822.0,20278023331.0,625.0,966952277.0,610945957.0,356006316.0,1175307638.0
Indonesia,30,189023580.0,160640822.0,157792890.0,4882129.0,1396247.0,2008,93872195.0,469405.0,23628.0,179611.0,6236.0,1100036.0,4701.0,54057.0,26168.0,160640822.0,20278023331.0,625.0,966952277.0,610945957.0,356006316.0,1040636990.0
Indonesia,30,189023580.0,160640822.0,157792890.0,4882129.0,1944958.0,2009,93872195.0,683825.0,41016.0,157667.0,15508.0,1581538.0,9424.0,82773.0,54006.0,160640822.0,20278023331.0,625.0,966952277.0,610945957.0,356006316.0,1422248487.0
Indonesia,30,189023580.0,160640822.0,157792890.0,4882129.0,1279328.0,2010,93872195.0,540975.0,23684.0,184423.0,8310.0,979392.0,4698.0,42802.0,33309.0,160640822.0,20278023331.0,625.0,966952277.0,610945957.0,356006316.0,1041673447.0
Indonesia,30,189023580.0,160640822.0,157792890.0,4882129.0,1543627.0,2011,93872195.0,613905.0,38340.0,199412.0,9979.0,1201726.0,5820.0,48196.0,36973.0,160640822.0,20278023331.0,625.0,966952277.0,610945957.0,356006316.0,1238960256.0
Indonesia,30,189023580.0,160640822.0,157792890.0,4882129.0,2260258.0,2012,93872195.0,855533.0,60455.0,224653.0,16682.0,1790526.0,8851.0,73039.0,78872.0,160640822.0,20278023331.0,625.0,966952277.0,610945957.0,356006316.0,1785096764.0
Indonesia,30,189023580.0,160640822.0,157792890.0,4882129.0,1139300.0,2013,93872195.0,472991.0,24943.0,114873.0,5605.0,900467.0,2865.0,53056.0,35340.0,160640822.0,20278023331.0,625.0,966952277.0,610945957.0,356006316.0,872301040.0
Indonesia,30,189023580.0,160640822.0,157792890.0,4882129.0,1894359.0,2014,93872195.0,736796.0,41299.0,166016.0,14789.0,1410073.0,6440.0,99843.0,152202.0,160640822.0,20278023331.0,625.0,966952277.0,610945957.0,356006316.0,1417302238.0
Indonesia,30,189023580.0,160640822.0,157792890.0,4882129.0,1746464.0,2015,93872195.0,666636.0,35198.0,157002.0,18780.0,1127747.0,5789.0,112257.0,286901.0,160640822.0,20278023331.0,625.0,966952277.0,610945957.0,356006316.0,1269602921.0
Indonesia,30,189023580.0,160640822.0,157792890.0,4882129.0,2422065.0,2016,93872195.0,928658.0,45075.0,178093.0,25365.0,1308823.0,7169.0,129051.0,725432.0,160640822.0,20278023331.0,625.0,966952277.0,610945957.0,356006316.0,1815773667.0
Indonesia,30,189023580.0,160640822.0,157792890.0,4882129.0,1300719.0,2017,93872195.0,373254.0,29010.0,126113.0,14872.0,967856.0,6662.0,109454.0,43657.0,160640822.0,20278023331.0,625.0,966952277.0,610945957.0,356006316.0,836976513.0
Indonesia,30,189023580.0,160640822.0,157792890.0,4882129.0,1218733.0,2018,93872195.0,339888.0,36320.0,129413.0,13175.0,896465.0,6003.0,96863.0,39086.0,160640822.0,20278023331.0,625.0,966952277.0,610945957.0,356006316.0,770821762.0
Indonesia,30,189023580.0,160640822.0,157792890.0,4882129.0,1176884.0,2019,93872195.0,323646.0,34271.0,132639.0,14349.0,817833.0,5859.0,87564.0,82901.0,160640822.0,20278023331.0,625.0,966952277.0,610945957.0,356006316.0,747939656.0
Indonesia,30,189023580.0,160640822.0,157792890.0,4882129.0,961585.0,2020,93872195.0,270056.0,26702.0,101618.0,9595.0,664350.0,3741.0,77412.0,76855.0,160640822.0,20278023331.0,625.0,966952277.0,610945957.0,356006316.0,599003234.0
Indonesia,30,189023580.0,160640822.0,157792890.0,4882129.0,841390.0,2021,93872195.0,202905.0,27257.0,80322.0,9183.0,622026.0,3355.0,68883.0,28666.0,160640822.0,20278023331.0,625.0,966952277.0,610945957.0,356006316.0,514506681.0
Indonesia,30,189023580.0,160640822.0,157792890.0,4882129.0,885237.0,2022,93872195.0,230002.0,28879.0,81960.0,9561.0,664304.0,3202.0,66953.0,28864.0,160640822.0,20278023331.0,625.0,966952277.0,610945957.0,356006316.0,546402998.0
Indonesia,30,189023580.0,160640822.0,157792890.0,4882129.0,1395285.0,2023,93872195.0,292373.0,47455.0,96124.0,10132.0,1074925.0,5888.0,92144.0,67934.0,160640822.0,20278023331.0,625.0,966952277.0,610945957.0,356006316.0,849245101.0
Indonesia,30,189023580.0,160640822.0,157792890.0,4882129.0,1120264.0,2024,93872195.0,258811.0,31986.0,95533.0,9762.0,845360.0,3258.0,81596.0,51984.0,160640822.0,20278023331.0,625.0,966952277.0,610945957.0,356006316.0,686619626.0
Iran,30,162174334.0,1731669.0,1370814.0,49762.0,332.0,2001,0.0,0.0,14.0,39.0,32.0,108.0,11.0,2.0,10.0,1731669.0,85463785.0,148.0,46758.0,3961697.0,-3914939.0,88436.0
Iran,30,162174334.0,1731669.0,1370814.0,49762.0,557.0,2002,0.0,0.0,18.0,150.0,13.0,120.0,43.0,19.0,20.0,1731669.0,85463785.0,148.0,46758.0,3961697.0,-3914939.0,144886.0
Iran,30,162174334.0,1731669.0,1370814.0,49762.0,326.0,2003,0.0,0.0,9.0,52.0,4.0,131.0,11.0,0.0,23.0,1731669.0,85463785.0,148.0,46758.0,3961697.0,-3914939.0,83158.0
Iran,30,162174334.0,1731669.0,1370814.0,49762.0,275.0,2004,0.0,0.0,11.0,66.0,7.0,30.0,33.0,0.0,11.0,1731669.0,85463785.0,148.0,46758.0,3961697.0,-3914939.0,66845.0
Iran,30,162174334.0,1731669.0,1370814.0,49762.0,173.0,2005,0.0,0.0,18.0,22.0,3.0,36.0,26.0,0.0,4.0,1731669.0,85463785.0,148.0,46758.0,3961697.0,-3914939.0,44785.0
Iran,30,162174334.0,1731669.0,1370814.0,49762.0,141.0,2006,0.0,0.0,9.0,31.0,5.0,21.0,20.0,0.0,4.0,1731669.0,85463785.0,148.0,46758.0,3961697.0,-3914939.0,35185.0
Iran,30,162174334.0,1731669.0,1370814.0,49762.0,132.0,2007,0.0,0.0,4.0,29.0,5.0,24.0,20.0,0.0,4.0,1731669.0,85463785.0,148.0,46758.0,3961697.0,-3914939.0,33673.0
Iran,30,162174334.0,1731669.0,1370814.0,49762.0,373.0,2008,0.0,0.0,3.0,114.0,17.0,59.0,37.0,5.0,46.0,1731669.0,85463785.0,148.0,46758.0,3961697.0,-3914939.0,93003.0
Iran,30,162174334.0,1731669.0,1370814.0,49762.0,192.0,2009,0.0,0.0,7.0,52.0,5.0,17.0,17.0,0.0,10.0,1731669.0,85463785.0,148.0,46758.0,3961697.0,-3914939.0,43773.0
Iran,30,162174334.0,1731669.0,1370814.0,49762.0,196.0,2010,0.0,0.0,23.0,37.0,2.0,27.0,42.0,0.0,6.0,1731669.0,85463785.0,148.0,46758.0,3961697.0,-3914939.0,52071.0
Iran,30,162174334.0,1731669.0,1370814.0,49762.0,239.0,2011,0.0,0.0,15.0,64.0,3.0,23.0,18.0,4.0,26.0,1731669.0,85463785.0,148.0,46758.0,3961697.0,-3914939.0,57571.0
Iran,30,162174334.0,1731669.0,1370814.0,49762.0,407.0,2012,0.0,0.0,23.0,127.0,4.0,50.0,32.0,0.0,9.0,1731669.0,85463785.0,148.0,46758.0,3961697.0,-3914939.0,107083.0
Iran,30,162174334.0,1731669.0,1370814.0,49762.0,73.0,2013,0.0,0.0,1.0,12.0,1.0,12.0,11.0,0.0,1.0,1731669.0,85463785.0,148.0,46758.0,3961697.0,-3914939.0,18024.0
Iran,30,162174334.0,1731669.0,1370814.0,49762.0,78.0,2014,0.0,0.0,0.0,21.0,1.0,8.0,5.0,0.0,18.0,1731669.0,85463785.0,148.0,46758.0,3961697.0,-3914939.0,18729.0
Iran,30,162174334.0,1731669.0,1370814.0,49762.0,0.0,2015,0.0,0.0,0.0,0.0,0.0,0.0,0.0,0.0,0.0,1731669.0,85463785.0,148.0,46758.0,3961697.0,-3914939.0,0.0
Iran,30,162174334.0,1731669.0,1370814.0,49762.0,2.0,2016,0.0,0.0,0.0,1.0,0.0,0.0,0.0,0.0,0.0,1731669.0,85463785.0,148.0,46758.0,3961697.0,-3914939.0,611.0
Iran,30,162174334.0,1731669.0,1370814.0,49762.0,110.0,2017,0.0,0.0,18.0,24.0,3.0,33.0,3.0,0.0,15.0,1731669.0,85463785.0,148.0,46758.0,3961697.0,-3914939.0,34754.0
Iran,30,162174334.0,1731669.0,1370814.0,49762.0,68.0,2018,0.0,0.0,0.0,21.0,0.0,1.0,0.0,0.0,40.0,1731669.0,85463785.0,148.0,46758.0,3961697.0,-3914939.0,13062.0
Iran,30,162174334.0,1731669.0,1370814.0,49762.0,144.0,2019,0.0,0.0,2.0,20.0,2.0,13.0,4.0,0.0,85.0,1731669.0,85463785.0,148.0,46758.0,3961697.0,-3914939.0,30667.0
Iran,30,162174334.0,1731669.0,1370814.0,49762.0,20.0,2020,0.0,0.0,2.0,10.0,0.0,1.0,0.0,0.0,0.0,1731669.0,85463785.0,148.0,46758.0,3961697.0,-3914939.0,7289.0
Iran,30,162174334.0,1731669.0,1370814.0,49762.0,21.0,2021,0.0,0.0,0.0,15.0,0.0,3.0,0.0,0.0,1.0,1731669.0,85463785.0,148.0,46758.0,3961697.0,-3914939.0,9684.0
Iran,30,162174334.0,1731669.0,1370814.0,49762.0,95.0,2022,0.0,0.0,0.0,63.0,0.0,28.0,0.0,0.0,1.0,1731669.0,85463785.0,148.0,46758.0,3961697.0,-3914939.0,45788.0
Iran,30,162174334.0,1731669.0,1370814.0,49762.0,137.0,2023,0.0,0.0,6.0,103.0,0.0,23.0,0.0,0.0,0.0,1731669.0,85463785.0,148.0,46758.0,3961697.0,-3914939.0,56906.0
Iran,30,162174334.0,1731669.0,1370814.0,49762.0,67.0,2024,0.0,0.0,11.0,31.0,0.0,16.0,0.0,0.0,0.0,1731669.0,85463785.0,148.0,46758.0,3961697.0,-3914939.0,36207.0
Iraq,30,43645439.0,17505.0,27447.0,9456.0,16.0,2001,0.0,0.0,0.0,0.0,3.0,3.0,0.0,0.0,0.0,17505.0,793369.0,93.0,1876.0,38418.0,-36543.0,4706.0
Iraq,30,43645439.0,17505.0,27447.0,9456.0,11.0,2002,0.0,0.0,0.0,0.0,0.0,1.0,0.0,0.0,1.0,17505.0,793369.0,93.0,1876.0,38418.0,-36543.0,2432.0
Iraq,30,43645439.0,17505.0,27447.0,9456.0,19.0,2003,0.0,0.0,0.0,0.0,8.0,2.0,1.0,0.0,0.0,17505.0,793369.0,93.0,1876.0,38418.0,-36543.0,9284.0
Iraq,30,43645439.0,17505.0,27447.0,9456.0,4.0,2004,0.0,0.0,0.0,0.0,0.0,0.0,1.0,0.0,0.0,17505.0,793369.0,93.0,1876.0,38418.0,-36543.0,1176.0
Iraq,30,43645439.0,17505.0,27447.0,9456.0,5.0,2005,0.0,0.0,0.0,0.0,0.0,2.0,0.0,0.0,0.0,17505.0,793369.0,93.0,1876.0,38418.0,-36543.0,1251.0
Iraq,30,43645439.0,17505.0,27447.0,9456.0,6.0,2006,0.0,0.0,0.0,0.0,0.0,1.0,0.0,0.0,0.0,17505.0,793369.0,93.0,1876.0,38418.0,-36543.0,1677.0
Iraq,30,43645439.0,17505.0,27447.0,9456.0,10.0,2007,0.0,0.0,0.0,0.0,1.0,1.0,1.0,0.0,0.0,17505.0,793369.0,93.0,1876.0,38418.0,-36543.0,3648.0
Iraq,30,43645439.0,17505.0,27447.0,9456.0,18.0,2008,0.0,0.0,0.0,0.0,0.0,10.0,1.0,0.0,0.0,17505.0,793369.0,93.0,1876.0,38418.0,-36543.0,5227.0
Iraq,30,43645439.0,17505.0,27447.0,9456.0,16.0,2009,0.0,0.0,0.0,0.0,2.0,4.0,5.0,0.0,0.0,17505.0,793369.0,93.0,1876.0,38418.0,-36543.0,4298.0
Iraq,30,43645439.0,17505.0,27447.0,9456.0,13.0,2010,0.0,0.0,0.0,0.0,2.0,4.0,0.0,0.0,0.0,17505.0,793369.0,93.0,1876.0,38418.0,-36543.0,3875.0
Iraq,30,43645439.0,17505.0,27447.0,9456.0,4.0,2011,0.0,0.0,0.0,0.0,0.0,2.0,0.0,0.0,0.0,17505.0,793369.0,93.0,1876.0,38418.0,-36543.0,1021.0
Iraq,30,43645439.0,17505.0,27447.0,9456.0,10.0,2012,0.0,0.0,0.0,0.0,0.0,3.0,1.0,0.0,0.0,17505.0,793369.0,93.0,1876.0,38418.0,-36543.0,2643.0
Iraq,30,43645439.0,17505.0,27447.0,9456.0,3.0,2013,0.0,0.0,0.0,0.0,0.0,2.0,0.0,0.0,0.0,17505.0,793369.0,93.0,1876.0,38418.0,-36543.0,742.0
Iraq,30,43645439.0,17505.0,27447.0,9456.0,1.0,2014,0.0,0.0,0.0,0.0,0.0,0.0,0.0,0.0,0.0,17505.0,793369.0,93.0,1876.0,38418.0,-36543.0,415.0
Iraq,30,43645439.0,17505.0,27447.0,9456.0,0.0,2015,0.0,0.0,0.0,0.0,0.0,0.0,0.0,0.0,0.0,17505.0,793369.0,93.0,1876.0,38418.0,-36543.0,0.0
Iraq,30,43645439.0,17505.0,27447.0,9456.0,0.0,2016,0.0,0.0,0.0,0.0,0.0,0.0,0.0,0.0,0.0,17505.0,793369.0,93.0,1876.0,38418.0,-36543.0,131.0
Iraq,30,43645439.0,17505.0,27447.0,9456.0,1.0,2017,0.0,0.0,0.0,0.0,0.0,0.0,0.0,0.0,0.0,17505.0,793369.0,93.0,1876.0,38418.0,-36543.0,240.0
Iraq,30,43645439.0,17505.0,27447.0,9456.0,0.0,2018,0.0,0.0,0.0,0.0,0.0,0.0,0.0,0.0,0.0,17505.0,793369.0,93.0,1876.0,38418.0,-36543.0,0.0
Iraq,30,43645439.0,17505.0,27447.0,9456.0,0.0,2019,0.0,0.0,0.0,0.0,0.0,0.0,0.0,0.0,0.0,17505.0,793369.0,93.0,1876.0,38418.0,-36543.0,23.0
Iraq,30,43645439.0,17505.0,27447.0,9456.0,0.0,2020,0.0,0.0,0.0,0.0,0.0,0.0,0.0,0.0,0.0,17505.0,793369.0,93.0,1876.0,38418.0,-36543.0,0.0
Iraq,30,43645439.0,17505.0,27447.0,9456.0,0.0,2021,0.0,0.0,0.0,0.0,0.0,0.0,0.0,0.0,0.0,17505.0,793369.0,93.0,1876.0,38418.0,-36543.0,0.0
Iraq,30,43645439.0,17505.0,27447.0,9456.0,0.0,2022,0.0,0.0,0.0,0.0,0.0,0.0,0.0,0.0,0.0,17505.0,793369.0,93.0,1876.0,38418.0,-36543.0,0.0
Iraq,30,43645439.0,17505.0,27447.0,9456.0,3.0,2023,0.0,0.0,0.0,0.0,0.0,2.0,0.0,0.0,0.0,17505.0,793369.0,93.0,1876.0,38418.0,-36543.0,1368.0
Iraq,30,43645439.0,17505.0,27447.0,9456.0,2.0,2024,0.0,0.0,0.0,0.0,0.0,1.0,0.0,0.0,0.0,17505.0,793369.0,93.0,1876.0,38418.0,-36543.0,862.0
Ireland,30,7026606.0,838579.0,1495681.0,284209.0,9553.0,2001,0.0,0.0,2.0,6449.0,45.0,1974.0,79.0,0.0,336.0,838579.0,60914870.0,353.0,3283798.0,5714836.0,-2431040.0,4383911.0
Ireland,30,7026606.0,838579.0,1495681.0,284209.0,5300.0,2002,0.0,0.0,2.0,4647.0,4.0,400.0,27.0,0.0,63.0,838579.0,60914870.0,353.0,3283798.0,5714836.0,-2431040.0,2277609.0
Ireland,30,7026606.0,838579.0,1495681.0,284209.0,2270.0,2003,0.0,0.0,0.0,2120.0,0.0,89.0,5.0,0.0,16.0,838579.0,60914870.0,353.0,3283798.0,5714836.0,-2431040.0,986532.0
Ireland,30,7026606.0,838579.0,1495681.0,284209.0,6869.0,2004,0.0,0.0,1.0,5961.0,35.0,579.0,32.0,0.0,61.0,838579.0,60914870.0,353.0,3283798.0,5714836.0,-2431040.0,3103174.0
Ireland,30,7026606.0,838579.0,1495681.0,284209.0,8094.0,2005,0.0,0.0,1.0,6937.0,23.0,814.0,32.0,0.0,42.0,838579.0,60914870.0,353.0,3283798.0,5714836.0,-2431040.0,3677345.0
Ireland,30,7026606.0,838579.0,1495681.0,284209.0,5248.0,2006,0.0,0.0,3.0,4463.0,3.0,550.0,33.0,0.0,41.0,838579.0,60914870.0,353.0,3283798.0,5714836.0,-2431040.0,2483350.0
Ireland,30,7026606.0,838579.0,1495681.0,284209.0,11688.0,2007,0.0,0.0,14.0,10430.0,24.0,434.0,80.0,0.0,470.0,838579.0,60914870.0,353.0,3283798.0,5714836.0,-2431040.0,5518657.0
Ireland,30,7026606.0,838579.0,1495681.0,284209.0,6924.0,2008,0.0,0.0,2.0,6257.0,8.0,423.0,11.0,0.0,89.0,838579.0,60914870.0,353.0,3283798.0,5714836.0,-2431040.0,3334959.0
Ireland,30,7026606.0,838579.0,1495681.0,284209.0,7224.0,2009,0.0,0.0,1.0,6507.0,3.0,459.0,14.0,0.0,68.0,838579.0,60914870.0,353.0,3283798.0,5714836.0,-2431040.0,3445080.0
Ireland,30,7026606.0,838579.0,1495681.0,284209.0,3851.0,2010,0.0,0.0,1.0,3432.0,7.0,176.0,8.0,0.0,123.0,838579.0,60914870.0,353.0,3283798.0,5714836.0,-2431040.0,1847843.0
Ireland,30,7026606.0,838579.0,1495681.0,284209.0,3101.0,2011,0.0,0.0,3.0,2725.0,12.0,220.0,6.0,0.0,35.0,838579.0,60914870.0,353.0,3283798.0,5714836.0,-2431040.0,1551480.0
Ireland,30,7026606.0,838579.0,1495681.0,284209.0,5828.0,2012,0.0,0.0,0.0,5469.0,2.0,215.0,3.0,0.0,43.0,838579.0,60914870.0,353.0,3283798.0,5714836.0,-2431040.0,2905928.0
Ireland,30,7026606.0,838579.0,1495681.0,284209.0,4778.0,2013,0.0,0.0,0.0,4649.0,3.0,28.0,8.0,0.0,38.0,838579.0,60914870.0,353.0,3283798.0,5714836.0,-2431040.0,2245163.0
Ireland,30,7026606.0,838579.0,1495681.0,284209.0,5720.0,2014,0.0,0.0,0.0,5651.0,0.0,19.0,3.0,0.0,9.0,838579.0,60914870.0,353.0,3283798.0,5714836.0,-2431040.0,2757995.0
Ireland,30,7026606.0,838579.0,1495681.0,284209.0,4485.0,2015,0.0,0.0,0.0,4450.0,0.0,20.0,2.0,0.0,2.0,838579.0,60914870.0,353.0,3283798.0,5714836.0,-2431040.0,2160037.0
Ireland,30,7026606.0,838579.0,1495681.0,284209.0,9390.0,2016,0.0,0.0,1.0,9314.0,4.0,18.0,13.0,0.0,26.0,838579.0,60914870.0,353.0,3283798.0,5714836.0,-2431040.0,4559715.0
Ireland,30,7026606.0,838579.0,1495681.0,284209.0,6126.0,2017,0.0,0.0,0.0,5953.0,0.0,26.0,57.0,0.0,64.0,838579.0,60914870.0,353.0,3283798.0,5714836.0,-2431040.0,2980625.0
Ireland,30,7026606.0,838579.0,1495681.0,284209.0,8382.0,2018,0.0,0.0,0.0,8275.0,0.0,26.0,5.0,0.0,60.0,838579.0,60914870.0,353.0,3283798.0,5714836.0,-2431040.0,4203367.0
Ireland,30,7026606.0,838579.0,1495681.0,284209.0,10353.0,2019,0.0,0.0,2.0,10246.0,0.0,26.0,8.0,0.0,30.0,838579.0,60914870.0,353.0,3283798.0,5714836.0,-2431040.0,5091084.0
Ireland,30,7026606.0,838579.0,1495681.0,284209.0,6213.0,2020,0.0,0.0,3.0,6164.0,1.0,11.0,2.0,0.0,10.0,838579.0,60914870.0,353.0,3283798.0,5714836.0,-2431040.0,3141979.0
Ireland,30,7026606.0,838579.0,1495681.0,284209.0,8779.0,2021,0.0,0.0,11.0,8692.0,0.0,20.0,10.0,0.0,26.0,838579.0,60914870.0,353.0,3283798.0,5714836.0,-2431040.0,4654123.0
Ireland,30,7026606.0,838579.0,1495681.0,284209.0,6754.0,2022,0.0,0.0,0.0,6719.0,0.0,15.0,2.0,0.0,1.0,838579.0,60914870.0,353.0,3283798.0,5714836.0,-2431040.0,3638405.0
Ireland,30,7026606.0,838579.0,1495681.0,284209.0,6858.0,2023,0.0,0.0,3.0,6814.0,0.0,24.0,2.0,0.0,6.0,838579.0,60914870.0,353.0,3283798.0,5714836.0,-2431040.0,3740250.0
Ireland,30,7026606.0,838579.0,1495681.0,284209.0,7332.0,2024,0.0,0.0,0.0,7287.0,0.0,28.0,3.0,0.0,2.0,838579.0,60914870.0,353.0,3283798.0,5714836.0,-2431040.0,4122538.0
Italy,30,30073303.0,9317986.0,9436182.0,189376.0,9870.0,2001,0.0,0.0,69.0,5798.0,133.0,1599.0,476.0,0.0,1146.0,9317986.0,561622081.0,285.0,7703589.0,54727800.0,-47024210.0,2689954.0
Italy,30,30073303.0,9317986.0,9436182.0,189376.0,10932.0,2002,0.0,0.0,70.0,7667.0,195.0,1112.0,390.0,0.0,992.0,9317986.0,561622081.0,285.0,7703589.0,54727800.0,-47024210.0,3058980.0
Italy,30,30073303.0,9317986.0,9436182.0,189376.0,3613.0,2003,0.0,0.0,26.0,1964.0,72.0,561.0,223.0,0.0,562.0,9317986.0,561622081.0,285.0,7703589.0,54727800.0,-47024210.0,948651.0
Italy,30,30073303.0,9317986.0,9436182.0,189376.0,17223.0,2004,0.0,0.0,119.0,11477.0,211.0,2098.0,1028.0,0.0,1556.0,9317986.0,561622081.0,285.0,7703589.0,54727800.0,-47024210.0,4788123.0
Italy,30,30073303.0,9317986.0,9436182.0,189376.0,10894.0,2005,0.0,0.0,85.0,6896.0,216.0,917.0,802.0,0.0,1520.0,9317986.0,561622081.0,285.0,7703589.0,54727800.0,-47024210.0,3148923.0
Italy,30,30073303.0,9317986.0,9436182.0,189376.0,8902.0,2006,0.0,0.0,82.0,5128.0,118.0,1607.0,833.0,0.0,722.0,9317986.0,561622081.0,285.0,7703589.0,54727800.0,-47024210.0,2573361.0
Italy,30,30073303.0,9317986.0,9436182.0,189376.0,11591.0,2007,0.0,0.0,72.0,6129.0,139.0,2033.0,943.0,0.0,1880.0,9317986.0,561622081.0,285.0,7703589.0,54727800.0,-47024210.0,3417732.0
Italy,30,30073303.0,9317986.0,9436182.0,189376.0,15149.0,2008,0.0,0.0,90.0,7814.0,164.0,2004.0,945.0,0.0,3649.0,9317986.0,561622081.0,285.0,7703589.0,54727800.0,-47024210.0,4648025.0
Italy,30,30073303.0,9317986.0,9436182.0,189376.0,14791.0,2009,0.0,0.0,135.0,9314.0,248.0,1855.0,994.0,0.0,1634.0,9317986.0,561622081.0,285.0,7703589.0,54727800.0,-47024210.0,4651509.0
Italy,30,30073303.0,9317986.0,9436182.0,189376.0,15804.0,2010,0.0,0.0,87.0,12460.0,150.0,1339.0,649.0,0.0,706.0,9317986.0,561622081.0,285.0,7703589.0,54727800.0,-47024210.0,5108640.0
Italy,30,30073303.0,9317986.0,9436182.0,189376.0,11446.0,2011,0.0,0.0,67.0,7900.0,119.0,1285.0,515.0,0.0,1203.0,9317986.0,561622081.0,285.0,7703589.0,54727800.0,-47024210.0,3655516.0
Italy,30,30073303.0,9317986.0,9436182.0,189376.0,21487.0,2012,0.0,0.0,67.0,15060.0,160.0,1421.0,605.0,0.0,3592.0,9317986.0,561622081.0,285.0,7703589.0,54727800.0,-47024210.0,6514146.0
Italy,30,30073303.0,9317986.0,9436182.0,189376.0,15522.0,2013,0.0,0.0,71.0,9744.0,122.0,1017.0,401.0,0.0,3805.0,9317986.0,561622081.0,285.0,7703589.0,54727800.0,-47024210.0,4738771.0
Italy,30,30073303.0,9317986.0,9436182.0,189376.0,19831.0,2014,0.0,0.0,74.0,15375.0,227.0,1012.0,519.0,0.0,2164.0,9317986.0,561622081.0,285.0,7703589.0,54727800.0,-47024210.0,6693417.0
Italy,30,30073303.0,9317986.0,9436182.0,189376.0,14125.0,2015,0.0,0.0,37.0,11277.0,103.0,965.0,321.0,0.0,1213.0,9317986.0,561622081.0,285.0,7703589.0,54727800.0,-47024210.0,4770520.0
Italy,30,30073303.0,9317986.0,9436182.0,189376.0,24718.0,2016,0.0,0.0,75.0,18343.0,290.0,1625.0,612.0,0.0,3442.0,9317986.0,561622081.0,285.0,7703589.0,54727800.0,-47024210.0,8438808.0
Italy,30,30073303.0,9317986.0,9436182.0,189376.0,34091.0,2017,0.0,0.0,76.0,19843.0,473.0,1990.0,772.0,0.0,10550.0,9317986.0,561622081.0,285.0,7703589.0,54727800.0,-47024210.0,10500602.0
Italy,30,30073303.0,9317986.0,9436182.0,189376.0,38839.0,2018,0.0,0.0,102.0,28081.0,608.0,1247.0,723.0,0.0,7782.0,9317986.0,561622081.0,285.0,7703589.0,54727800.0,-47024210.0,13913073.0
Italy,30,30073303.0,9317986.0,9436182.0,189376.0,59703.0,2019,0.0,0.0,97.0,53039.0,1942.0,942.0,810.0,0.0,2562.0,9317986.0,561622081.0,285.0,7703589.0,54727800.0,-47024210.0,25075059.0
Italy,30,30073303.0,9317986.0,9436182.0,189376.0,28245.0,2020,0.0,0.0,69.0,24423.0,668.0,746.0,566.0,0.0,1557.0,9317986.0,561622081.0,285.0,7703589.0,54727800.0,-47024210.0,11102502.0
Italy,30,30073303.0,9317986.0,9436182.0,189376.0,28263.0,2021,0.0,0.0,74.0,19135.0,354.0,876.0,528.0,0.0,7105.0,9317986.0,561622081.0,285.0,7703589.0,54727800.0,-47024210.0,10221953.0
Italy,30,30073303.0,9317986.0,9436182.0,189376.0,28676.0,2022,0.0,0.0,45.0,21814.0,284.0,873.0,496.0,0.0,4981.0,9317986.0,561622081.0,285.0,7703589.0,54727800.0,-47024210.0,11078303.0
Italy,30,30073303.0,9317986.0,9436182.0,189376.0,44862.0,2023,0.0,0.0,83.0,38166.0,952.0,1252.0,1112.0,0.0,3013.0,9317986.0,561622081.0,285.0,7703589.0,54727800.0,-47024210.0,19218294.0
Italy,30,30073303.0,9317986.0,9436182.0,189376.0,33082.0,2024,0.0,0.0,85.0,27502.0,1149.0,783.0,838.0,0.0,2466.0,9317986.0,561622081.0,285.0,7703589.0,54727800.0,-47024210.0,13931272.0
Japan,30,37240283.0,26387218.0,26256094.0,221004.0,23979.0,2001,0.0,0.0,492.0,18100.0,246.0,1062.0,2885.0,0.0,7.0,26387218.0,2096049922.0,359.0,18516469.0,127625740.0,-109109271.0,9156851.0
Japan,30,37240283.0,26387218.0,26256094.0,221004.0,26153.0,2002,0.0,0.0,438.0,21093.0,162.0,816.0,2440.0,1.0,146.0,26387218.0,2096049922.0,359.0,18516469.0,127625740.0,-109109271.0,10214888.0
Japan,30,37240283.0,26387218.0,26256094.0,221004.0,19747.0,2003,0.0,0.0,293.0,16425.0,137.0,521.0,1738.0,0.0,13.0,26387218.0,2096049922.0,359.0,18516469.0,127625740.0,-109109271.0,7823758.0
Japan,30,37240283.0,26387218.0,26256094.0,221004.0,37313.0,2004,0.0,0.0,647.0,30337.0,212.0,1083.0,3516.0,1.0,176.0,26387218.0,2096049922.0,359.0,18516469.0,127625740.0,-109109271.0,15140468.0
Japan,30,37240283.0,26387218.0,26256094.0,221004.0,36385.0,2005,0.0,0.0,466.0,30858.0,189.0,890.0,2788.0,1.0,84.0,26387218.0,2096049922.0,359.0,18516469.0,127625740.0,-109109271.0,15049003.0
Japan,30,37240283.0,26387218.0,26256094.0,221004.0,38974.0,2006,0.0,0.0,610.0,33152.0,130.0,944.0,3112.0,0.0,68.0,26387218.0,2096049922.0,359.0,18516469.0,127625740.0,-109109271.0,16319806.0
Japan,30,37240283.0,26387218.0,26256094.0,221004.0,45585.0,2007,0.0,0.0,666.0,39247.0,164.0,997.0,3389.0,2.0,38.0,26387218.0,2096049922.0,359.0,18516469.0,127625740.0,-109109271.0,19442918.0
Japan,30,37240283.0,26387218.0,26256094.0,221004.0,40838.0,2008,0.0,0.0,693.0,34269.0,185.0,1006.0,3614.0,4.0,72.0,26387218.0,2096049922.0,359.0,18516469.0,127625740.0,-109109271.0,17486439.0
Japan,30,37240283.0,26387218.0,26256094.0,221004.0,40895.0,2009,0.0,0.0,680.0,34746.0,145.0,1076.0,3229.0,0.0,89.0,26387218.0,2096049922.0,359.0,18516469.0,127625740.0,-109109271.0,17687751.0
Japan,30,37240283.0,26387218.0,26256094.0,221004.0,35745.0,2010,0.0,0.0,530.0,30633.0,119.0,821.0,2582.0,1.0,16.0,26387218.0,2096049922.0,359.0,18516469.0,127625740.0,-109109271.0,15729380.0
Japan,30,37240283.0,26387218.0,26256094.0,221004.0,35957.0,2011,0.0,0.0,627.0,30683.0,207.0,907.0,2378.0,0.0,158.0,26387218.0,2096049922.0,359.0,18516469.0,127625740.0,-109109271.0,15980738.0
Japan,30,37240283.0,26387218.0,26256094.0,221004.0,45673.0,2012,0.0,0.0,1033.0,37615.0,301.0,1417.0,3330.0,0.0,61.0,26387218.0,2096049922.0,359.0,18516469.0,127625740.0,-109109271.0,20445016.0
Japan,30,37240283.0,26387218.0,26256094.0,221004.0,23235.0,2013,0.0,0.0,438.0,19985.0,101.0,419.0,1736.0,0.0,27.0,26387218.0,2096049922.0,359.0,18516469.0,127625740.0,-109109271.0,10495608.0
Japan,30,37240283.0,26387218.0,26256094.0,221004.0,28175.0,2014,0.0,0.0,687.0,23869.0,119.0,689.0,2167.0,0.0,37.0,26387218.0,2096049922.0,359.0,18516469.0,127625740.0,-109109271.0,12851943.0
Japan,30,37240283.0,26387218.0,26256094.0,221004.0,31144.0,2015,0.0,0.0,847.0,26999.0,168.0,490.0,2330.0,0.0,0.0,26387218.0,2096049922.0,359.0,18516469.0,127625740.0,-109109271.0,14442892.0
Japan,30,37240283.0,26387218.0,26256094.0,221004.0,54994.0,2016,0.0,0.0,1677.0,47078.0,371.0,944.0,4121.0,0.0,41.0,26387218.0,2096049922.0,359.0,18516469.0,127625740.0,-109109271.0,25543778.0
Japan,30,37240283.0,26387218.0,26256094.0,221004.0,47613.0,2017,0.0,0.0,2100.0,40577.0,417.0,749.0,3085.0,0.0,103.0,26387218.0,2096049922.0,359.0,18516469.0,127625740.0,-109109271.0,22400536.0
Japan,30,37240283.0,26387218.0,26256094.0,221004.0,50506.0,2018,0.0,0.0,2199.0,44243.0,82.0,608.0,2911.0,0.0,124.0,26387218.0,2096049922.0,359.0,18516469.0,127625740.0,-109109271.0,24065460.0
Japan,30,37240283.0,26387218.0,26256094.0,221004.0,51381.0,2019,0.0,0.0,2362.0,45206.0,137.0,514.0,2757.0,0.0,42.0,26387218.0,2096049922.0,359.0,18516469.0,127625740.0,-109109271.0,24943648.0
Japan,30,37240283.0,26387218.0,26256094.0,221004.0,48058.0,2020,0.0,0.0,1962.0,42893.0,191.0,354.0,2338.0,0.0,19.0,26387218.0,2096049922.0,359.0,18516469.0,127625740.0,-109109271.0,23641550.0
Japan,30,37240283.0,26387218.0,26256094.0,221004.0,48456.0,2021,0.0,0.0,1365.0,44263.0,56.0,386.0,2133.0,0.0,18.0,26387218.0,2096049922.0,359.0,18516469.0,127625740.0,-109109271.0,24341975.0
Japan,30,37240283.0,26387218.0,26256094.0,221004.0,53788.0,2022,0.0,0.0,998.0,49815.0,90.0,376.0,2213.0,0.0,4.0,26387218.0,2096049922.0,359.0,18516469.0,127625740.0,-109109271.0,27334397.0
Japan,30,37240283.0,26387218.0,26256094.0,221004.0,50609.0,2023,0.0,0.0,1016.0,46756.0,86.0,398.0,2134.0,0.0,17.0,26387218.0,2096049922.0,359.0,18516469.0,127625740.0,-109109271.0,25920316.0
Japan,30,37240283.0,26387218.0,26256094.0,221004.0,53862.0,2024,0.0,0.0,852.0,49944.0,102.0,461.0,2074.0,0.0,152.0,26387218.0,2096049922.0,359.0,18516469.0,127625740.0,-109109271.0,27936126.0
Jordan,30,8919385.0,2271.0,2767.0,872.0,1.0,2001,0.0,0.0,0.0,0.0,0.0,0.0,0.0,0.0,0.0,2271.0,97448.0,80.0,66.0,5254.0,-5187.0,129.0
Jordan,30,8919385.0,2271.0,2767.0,872.0,0.0,2002,0.0,0.0,0.0,0.0,0.0,0.0,0.0,0.0,0.0,2271.0,97448.0,80.0,66.0,5254.0,-5187.0,54.0
Jordan,30,8919385.0,2271.0,2767.0,872.0,0.0,2003,0.0,0.0,0.0,0.0,0.0,0.0,0.0,0.0,0.0,2271.0,97448.0,80.0,66.0,5254.0,-5187.0,6.0
Jordan,30,8919385.0,2271.0,2767.0,872.0,2.0,2004,0.0,0.0,0.0,0.0,0.0,0.0,0.0,0.0,2.0,2271.0,97448.0,80.0,66.0,5254.0,-5187.0,352.0
Jordan,30,8919385.0,2271.0,2767.0,872.0,0.0,2005,0.0,0.0,0.0,0.0,0.0,0.0,0.0,0.0,0.0,2271.0,97448.0,80.0,66.0,5254.0,-5187.0,18.0
Jordan,30,8919385.0,2271.0,2767.0,872.0,1.0,2006,0.0,0.0,0.0,0.0,0.0,0.0,0.0,0.0,0.0,2271.0,97448.0,80.0,66.0,5254.0,-5187.0,73.0
Jordan,30,8919385.0,2271.0,2767.0,872.0,0.0,2007,0.0,0.0,0.0,0.0,0.0,0.0,0.0,0.0,0.0,2271.0,97448.0,80.0,66.0,5254.0,-5187.0,51.0
Jordan,30,8919385.0,2271.0,2767.0,872.0,0.0,2008,0.0,0.0,0.0,0.0,0.0,0.0,0.0,0.0,0.0,2271.0,97448.0,80.0,66.0,5254.0,-5187.0,0.0
Jordan,30,8919385.0,2271.0,2767.0,872.0,0.0,2009,0.0,0.0,0.0,0.0,0.0,0.0,0.0,0.0,0.0,2271.0,97448.0,80.0,66.0,5254.0,-5187.0,0.0
Jordan,30,8919385.0,2271.0,2767.0,872.0,0.0,2010,0.0,0.0,0.0,0.0,0.0,0.0,0.0,0.0,0.0,2271.0,97448.0,80.0,66.0,5254.0,-5187.0,16.0
Jordan,30,8919385.0,2271.0,2767.0,872.0,0.0,2011,0.0,0.0,0.0,0.0,0.0,0.0,0.0,0.0,0.0,2271.0,97448.0,80.0,66.0,5254.0,-5187.0,0.0
Jordan,30,8919385.0,2271.0,2767.0,872.0,0.0,2012,0.0,0.0,0.0,0.0,0.0,0.0,0.0,0.0,0.0,2271.0,97448.0,80.0,66.0,5254.0,-5187.0,35.0
Jordan,30,8919385.0,2271.0,2767.0,872.0,0.0,2013,0.0,0.0,0.0,0.0,0.0,0.0,0.0,0.0,0.0,2271.0,97448.0,80.0,66.0,5254.0,-5187.0,0.0
Jordan,30,8919385.0,2271.0,2767.0,872.0,1.0,2014,0.0,0.0,0.0,0.0,0.0,0.0,0.0,0.0,0.0,2271.0,97448.0,80.0,66.0,5254.0,-5187.0,144.0
Jordan,30,8919385.0,2271.0,2767.0,872.0,0.0,2015,0.0,0.0,0.0,0.0,0.0,0.0,0.0,0.0,0.0,2271.0,97448.0,80.0,66.0,5254.0,-5187.0,79.0
Jordan,30,8919385.0,2271.0,2767.0,872.0,0.0,2016,0.0,0.0,0.0,0.0,0.0,0.0,0.0,0.0,0.0,2271.0,97448.0,80.0,66.0,5254.0,-5187.0,0.0
Jordan,30,8919385.0,2271.0,2767.0,872.0,1.0,2017,0.0,0.0,0.0,0.0,0.0,0.0,0.0,0.0,0.0,2271.0,97448.0,80.0,66.0,5254.0,-5187.0,184.0
Jordan,30,8919385.0,2271.0,2767.0,872.0,0.0,2018,0.0,0.0,0.0,0.0,0.0,0.0,0.0,0.0,0.0,2271.0,97448.0,80.0,66.0,5254.0,-5187.0,0.0
Jordan,30,8919385.0,2271.0,2767.0,872.0,1.0,2019,0.0,0.0,0.0,0.0,0.0,0.0,0.0,0.0,0.0,2271.0,97448.0,80.0,66.0,5254.0,-5187.0,111.0
Jordan,30,8919385.0,2271.0,2767.0,872.0,0.0,2020,0.0,0.0,0.0,0.0,0.0,0.0,0.0,0.0,0.0,2271.0,97448.0,80.0,66.0,5254.0,-5187.0,53.0
Jordan,30,8919385.0,2271.0,2767.0,872.0,0.0,2021,0.0,0.0,0.0,0.0,0.0,0.0,0.0,0.0,0.0,2271.0,97448.0,80.0,66.0,5254.0,-5187.0,0.0
Jordan,30,8919385.0,2271.0,2767.0,872.0,0.0,2022,0.0,0.0,0.0,0.0,0.0,0.0,0.0,0.0,0.0,2271.0,97448.0,80.0,66.0,5254.0,-5187.0,0.0
Jordan,30,8919385.0,2271.0,2767.0,872.0,0.0,2023,0.0,0.0,0.0,0.0,0.0,0.0,0.0,0.0,0.0,2271.0,97448.0,80.0,66.0,5254.0,-5187.0,50.0
Jordan,30,8919385.0,2271.0,2767.0,872.0,1.0,2024,0.0,0.0,0.0,0.0,0.0,0.0,0.0,0.0,1.0,2271.0,97448.0,80.0,66.0,5254.0,-5187.0,230.0
Kazakhstan,30,273052719.0,4240315.0,4527055.0,71224.0,4534.0,2001,0.0,0.0,24.0,1173.0,482.0,666.0,8.0,0.0,1354.0,4240315.0,209692312.0,197.0,958698.0,17384357.0,-16425660.0,1100963.0
Kazakhstan,30,273052719.0,4240315.0,4527055.0,71224.0,2953.0,2002,0.0,0.0,29.0,940.0,310.0,332.0,31.0,0.0,807.0,4240315.0,209692312.0,197.0,958698.0,17384357.0,-16425660.0,734823.0
Kazakhstan,30,273052719.0,4240315.0,4527055.0,71224.0,3351.0,2003,0.0,0.0,3.0,525.0,157.0,279.0,16.0,0.0,2163.0,4240315.0,209692312.0,197.0,958698.0,17384357.0,-16425660.0,658063.0
Kazakhstan,30,273052719.0,4240315.0,4527055.0,71224.0,5513.0,2004,0.0,0.0,12.0,1208.0,279.0,170.0,14.0,0.0,3408.0,4240315.0,209692312.0,197.0,958698.0,17384357.0,-16425660.0,1123682.0
Kazakhstan,30,273052719.0,4240315.0,4527055.0,71224.0,3167.0,2005,0.0,0.0,14.0,1391.0,200.0,90.0,15.0,0.0,1149.0,4240315.0,209692312.0,197.0,958698.0,17384357.0,-16425660.0,867977.0
Kazakhstan,30,273052719.0,4240315.0,4527055.0,71224.0,3141.0,2006,0.0,0.0,21.0,900.0,337.0,169.0,29.0,0.0,1357.0,4240315.0,209692312.0,197.0,958698.0,17384357.0,-16425660.0,739153.0
Kazakhstan,30,273052719.0,4240315.0,4527055.0,71224.0,4606.0,2007,0.0,0.0,28.0,1005.0,624.0,181.0,44.0,0.0,2350.0,4240315.0,209692312.0,197.0,958698.0,17384357.0,-16425660.0,1072483.0
Kazakhstan,30,273052719.0,4240315.0,4527055.0,71224.0,4549.0,2008,0.0,0.0,22.0,698.0,601.0,150.0,12.0,0.0,2730.0,4240315.0,209692312.0,197.0,958698.0,17384357.0,-16425660.0,982616.0
Kazakhstan,30,273052719.0,4240315.0,4527055.0,71224.0,6433.0,2009,0.0,0.0,38.0,1796.0,1715.0,156.0,29.0,0.0,1985.0,4240315.0,209692312.0,197.0,958698.0,17384357.0,-16425660.0,1678597.0
Kazakhstan,30,273052719.0,4240315.0,4527055.0,71224.0,3109.0,2010,0.0,0.0,24.0,1323.0,648.0,117.0,14.0,0.0,544.0,4240315.0,209692312.0,197.0,958698.0,17384357.0,-16425660.0,980422.0
Kazakhstan,30,273052719.0,4240315.0,4527055.0,71224.0,4852.0,2011,0.0,0.0,16.0,1986.0,1241.0,259.0,21.0,0.0,737.0,4240315.0,209692312.0,197.0,958698.0,17384357.0,-16425660.0,1700827.0
Kazakhstan,30,273052719.0,4240315.0,4527055.0,71224.0,3742.0,2012,0.0,0.0,18.0,1106.0,1262.0,133.0,16.0,0.0,552.0,4240315.0,209692312.0,197.0,958698.0,17384357.0,-16425660.0,1134107.0
Kazakhstan,30,273052719.0,4240315.0,4527055.0,71224.0,2863.0,2013,0.0,0.0,8.0,1364.0,384.0,50.0,16.0,0.0,649.0,4240315.0,209692312.0,197.0,958698.0,17384357.0,-16425660.0,745911.0
Kazakhstan,30,273052719.0,4240315.0,4527055.0,71224.0,596.0,2014,0.0,0.0,2.0,392.0,27.0,11.0,1.0,0.0,86.0,4240315.0,209692312.0,197.0,958698.0,17384357.0,-16425660.0,204402.0
Kazakhstan,30,273052719.0,4240315.0,4527055.0,71224.0,180.0,2015,0.0,0.0,1.0,146.0,5.0,2.0,0.0,0.0,4.0,4240315.0,209692312.0,197.0,958698.0,17384357.0,-16425660.0,71760.0
Kazakhstan,30,273052719.0,4240315.0,4527055.0,71224.0,1288.0,2016,0.0,0.0,10.0,804.0,64.0,19.0,3.0,0.0,318.0,4240315.0,209692312.0,197.0,958698.0,17384357.0,-16425660.0,449114.0
Kazakhstan,30,273052719.0,4240315.0,4527055.0,71224.0,976.0,2017,0.0,0.0,1.0,478.0,119.0,27.0,3.0,0.0,275.0,4240315.0,209692312.0,197.0,958698.0,17384357.0,-16425660.0,320668.0
Kazakhstan,30,273052719.0,4240315.0,4527055.0,71224.0,1140.0,2018,0.0,0.0,7.0,567.0,139.0,4.0,14.0,0.0,338.0,4240315.0,209692312.0,197.0,958698.0,17384357.0,-16425660.0,374696.0
Kazakhstan,30,273052719.0,4240315.0,4527055.0,71224.0,1282.0,2019,0.0,0.0,25.0,831.0,187.0,1.0,14.0,0.0,161.0,4240315.0,209692312.0,197.0,958698.0,17384357.0,-16425660.0,464773.0
Kazakhstan,30,273052719.0,4240315.0,4527055.0,71224.0,1853.0,2020,0.0,0.0,19.0,1274.0,100.0,12.0,5.0,0.0,386.0,4240315.0,209692312.0,197.0,958698.0,17384357.0,-16425660.0,718881.0
Kazakhstan,30,273052719.0,4240315.0,4527055.0,71224.0,718.0,2021,0.0,0.0,8.0,513.0,29.0,1.0,3.0,0.0,126.0,4240315.0,209692312.0,197.0,958698.0,17384357.0,-16425660.0,255226.0
Kazakhstan,30,273052719.0,4240315.0,4527055.0,71224.0,3629.0,2022,0.0,0.0,7.0,1038.0,142.0,10.0,3.0,0.0,2368.0,4240315.0,209692312.0,197.0,958698.0,17384357.0,-16425660.0,967077.0
Kazakhstan,30,273052719.0,4240315.0,4527055.0,71224.0,20112.0,2023,0.0,0.0,9.0,3620.0,401.0,22.0,11.0,0.0,15918.0,4240315.0,209692312.0,197.0,958698.0,17384357.0,-16425660.0,4597568.0
Kazakhstan,30,273052719.0,4240315.0,4527055.0,71224.0,2925.0,2024,0.0,0.0,34.0,1138.0,260.0,12.0,10.0,0.0,1393.0,4240315.0,209692312.0,197.0,958698.0,17384357.0,-16425660.0,1064951.0
Kenya,30,58598332.0,3319472.0,3335496.0,117011.0,19027.0,2001,0.0,0.0,23.0,3042.0,180.0,14900.0,401.0,190.0,17.0,3319472.0,219227081.0,383.0,8342095.0,14093811.0,-5751717.0,9216299.0
Kenya,30,58598332.0,3319472.0,3335496.0,117011.0,20287.0,2002,650650.0,2973.0,27.0,4782.0,125.0,14981.0,157.0,64.0,24.0,3319472.0,219227081.0,383.0,8342095.0,14093811.0,-5751717.0,10292968.0
Kenya,30,58598332.0,3319472.0,3335496.0,117011.0,13553.0,2003,650650.0,1568.0,41.0,2850.0,156.0,9908.0,297.0,90.0,25.0,3319472.0,219227081.0,383.0,8342095.0,14093811.0,-5751717.0,6385931.0
Kenya,30,58598332.0,3319472.0,3335496.0,117011.0,16988.0,2004,650650.0,2973.0,33.0,2290.0,101.0,14292.0,160.0,18.0,4.0,3319472.0,219227081.0,383.0,8342095.0,14093811.0,-5751717.0,7787174.0
Kenya,30,58598332.0,3319472.0,3335496.0,117011.0,12746.0,2005,650650.0,1703.0,13.0,1851.0,160.0,10482.0,84.0,26.0,7.0,3319472.0,219227081.0,383.0,8342095.0,14093811.0,-5751717.0,5570910.0
Kenya,30,58598332.0,3319472.0,3335496.0,117011.0,20656.0,2006,650650.0,3339.0,74.0,3167.0,188.0,16713.0,308.0,46.0,56.0,3319472.0,219227081.0,383.0,8342095.0,14093811.0,-5751717.0,9922680.0
Kenya,30,58598332.0,3319472.0,3335496.0,117011.0,26104.0,2007,650650.0,3439.0,15.0,4795.0,236.0,20332.0,298.0,121.0,27.0,3319472.0,219227081.0,383.0,8342095.0,14093811.0,-5751717.0,13103509.0
Kenya,30,58598332.0,3319472.0,3335496.0,117011.0,19223.0,2008,650650.0,1886.0,86.0,3077.0,248.0,15193.0,422.0,44.0,14.0,3319472.0,219227081.0,383.0,8342095.0,14093811.0,-5751717.0,8813139.0
Kenya,30,58598332.0,3319472.0,3335496.0,117011.0,17697.0,2009,650650.0,1596.0,39.0,1979.0,293.0,14940.0,247.0,36.0,8.0,3319472.0,219227081.0,383.0,8342095.0,14093811.0,-5751717.0,7443696.0
Kenya,30,58598332.0,3319472.0,3335496.0,117011.0,22693.0,2010,650650.0,6748.0,151.0,2198.0,426.0,19158.0,449.0,82.0,35.0,3319472.0,219227081.0,383.0,8342095.0,14093811.0,-5751717.0,11051646.0
Kenya,30,58598332.0,3319472.0,3335496.0,117011.0,17300.0,2011,650650.0,1410.0,19.0,3252.0,110.0,13367.0,340.0,24.0,15.0,3319472.0,219227081.0,383.0,8342095.0,14093811.0,-5751717.0,8474042.0
Kenya,30,58598332.0,3319472.0,3335496.0,117011.0,17900.0,2012,650650.0,1663.0,82.0,4258.0,163.0,12778.0,274.0,79.0,22.0,3319472.0,219227081.0,383.0,8342095.0,14093811.0,-5751717.0,9240489.0
Kenya,30,58598332.0,3319472.0,3335496.0,117011.0,13564.0,2013,650650.0,1622.0,47.0,4228.0,112.0,8679.0,117.0,81.0,47.0,3319472.0,219227081.0,383.0,8342095.0,14093811.0,-5751717.0,6625250.0
Kenya,30,58598332.0,3319472.0,3335496.0,117011.0,15356.0,2014,650650.0,1210.0,97.0,4409.0,229.0,10071.0,191.0,194.0,12.0,3319472.0,219227081.0,383.0,8342095.0,14093811.0,-5751717.0,7520895.0
Kenya,30,58598332.0,3319472.0,3335496.0,117011.0,15615.0,2015,650650.0,3054.0,40.0,5483.0,71.0,9560.0,47.0,66.0,299.0,3319472.0,219227081.0,383.0,8342095.0,14093811.0,-5751717.0,8345208.0
Kenya,30,58598332.0,3319472.0,3335496.0,117011.0,19049.0,2016,650650.0,2052.0,37.0,6495.0,60.0,12106.0,111.0,165.0,17.0,3319472.0,219227081.0,383.0,8342095.0,14093811.0,-5751717.0,10379024.0
Kenya,30,58598332.0,3319472.0,3335496.0,117011.0,22163.0,2017,650650.0,3133.0,60.0,6246.0,168.0,15110.0,187.0,156.0,169.0,3319472.0,219227081.0,383.0,8342095.0,14093811.0,-5751717.0,12495105.0
Kenya,30,58598332.0,3319472.0,3335496.0,117011.0,15908.0,2018,650650.0,2649.0,96.0,3861.0,146.0,11295.0,196.0,194.0,42.0,3319472.0,219227081.0,383.0,8342095.0,14093811.0,-5751717.0,8235163.0
Kenya,30,58598332.0,3319472.0,3335496.0,117011.0,15952.0,2019,650650.0,2798.0,55.0,3500.0,353.0,11341.0,204.0,115.0,310.0,3319472.0,219227081.0,383.0,8342095.0,14093811.0,-5751717.0,7273653.0
Kenya,30,58598332.0,3319472.0,3335496.0,117011.0,19045.0,2020,650650.0,3545.0,28.0,5132.0,454.0,12766.0,306.0,146.0,62.0,3319472.0,219227081.0,383.0,8342095.0,14093811.0,-5751717.0,9396597.0
Kenya,30,58598332.0,3319472.0,3335496.0,117011.0,7565.0,2021,650650.0,445.0,39.0,1085.0,65.0,6111.0,107.0,120.0,7.0,3319472.0,219227081.0,383.0,8342095.0,14093811.0,-5751717.0,3758592.0
Kenya,30,58598332.0,3319472.0,3335496.0,117011.0,6639.0,2022,650650.0,867.0,74.0,1420.0,78.0,4842.0,69.0,49.0,81.0,3319472.0,219227081.0,383.0,8342095.0,14093811.0,-5751717.0,3673626.0
Kenya,30,58598332.0,3319472.0,3335496.0,117011.0,11257.0,2023,650650.0,1809.0,81.0,2535.0,186.0,8098.0,129.0,96.0,103.0,3319472.0,219227081.0,383.0,8342095.0,14093811.0,-5751717.0,6328566.0
Kenya,30,58598332.0,3319472.0,3335496.0,117011.0,14103.0,2024,650650.0,1592.0,40.0,3988.0,41.0,9633.0,168.0,96.0,87.0,3319472.0,219227081.0,383.0,8342095.0,14093811.0,-5751717.0,8876096.0
Kosovo,30,1083660.0,369938.0,322538.0,9292.0,1122.0,2001,0.0,0.0,3.0,816.0,32.0,56.0,13.0,0.0,160.0,369938.0,28343307.0,296.0,365835.0,3250750.0,-2884915.0,450482.0
Kosovo,30,1083660.0,369938.0,322538.0,9292.0,214.0,2002,0.0,0.0,2.0,184.0,1.0,0.0,5.0,0.0,6.0,369938.0,28343307.0,296.0,365835.0,3250750.0,-2884915.0,86347.0
Kosovo,30,1083660.0,369938.0,322538.0,9292.0,261.0,2003,0.0,0.0,4.0,230.0,0.0,2.0,2.0,0.0,10.0,369938.0,28343307.0,296.0,365835.0,3250750.0,-2884915.0,106204.0
Kosovo,30,1083660.0,369938.0,322538.0,9292.0,573.0,2004,0.0,0.0,4.0,456.0,2.0,22.0,10.0,0.0,57.0,369938.0,28343307.0,296.0,365835.0,3250750.0,-2884915.0,252909.0
Kosovo,30,1083660.0,369938.0,322538.0,9292.0,314.0,2005,0.0,0.0,2.0,243.0,5.0,17.0,7.0,0.0,25.0,369938.0,28343307.0,296.0,365835.0,3250750.0,-2884915.0,136440.0
Kosovo,30,1083660.0,369938.0,322538.0,9292.0,520.0,2006,0.0,0.0,4.0,422.0,6.0,12.0,8.0,0.0,53.0,369938.0,28343307.0,296.0,365835.0,3250750.0,-2884915.0,232914.0
Kosovo,30,1083660.0,369938.0,322538.0,9292.0,811.0,2007,0.0,0.0,2.0,368.0,2.0,16.0,7.0,0.0,396.0,369938.0,28343307.0,296.0,365835.0,3250750.0,-2884915.0,277412.0
Kosovo,30,1083660.0,369938.0,322538.0,9292.0,1143.0,2008,0.0,0.0,13.0,784.0,16.0,78.0,6.0,0.0,223.0,369938.0,28343307.0,296.0,365835.0,3250750.0,-2884915.0,504814.0
Kosovo,30,1083660.0,369938.0,322538.0,9292.0,776.0,2009,0.0,0.0,18.0,560.0,4.0,10.0,14.0,0.0,155.0,369938.0,28343307.0,296.0,365835.0,3250750.0,-2884915.0,391757.0
Kosovo,30,1083660.0,369938.0,322538.0,9292.0,468.0,2010,0.0,0.0,25.0,402.0,0.0,2.0,21.0,0.0,4.0,369938.0,28343307.0,296.0,365835.0,3250750.0,-2884915.0,226970.0
Kosovo,30,1083660.0,369938.0,322538.0,9292.0,801.0,2011,0.0,0.0,13.0,561.0,1.0,17.0,27.0,0.0,163.0,369938.0,28343307.0,296.0,365835.0,3250750.0,-2884915.0,353737.0
Kosovo,30,1083660.0,369938.0,322538.0,9292.0,1737.0,2012,0.0,0.0,9.0,1051.0,23.0,55.0,33.0,0.0,535.0,369938.0,28343307.0,296.0,365835.0,3250750.0,-2884915.0,711351.0
Kosovo,30,1083660.0,369938.0,322538.0,9292.0,767.0,2013,0.0,0.0,3.0,383.0,9.0,38.0,7.0,0.0,302.0,369938.0,28343307.0,296.0,365835.0,3250750.0,-2884915.0,312649.0
Kosovo,30,1083660.0,369938.0,322538.0,9292.0,761.0,2014,0.0,0.0,6.0,614.0,9.0,27.0,10.0,0.0,70.0,369938.0,28343307.0,296.0,365835.0,3250750.0,-2884915.0,393864.0
Kosovo,30,1083660.0,369938.0,322538.0,9292.0,472.0,2015,0.0,0.0,6.0,417.0,0.0,6.0,9.0,0.0,16.0,369938.0,28343307.0,296.0,365835.0,3250750.0,-2884915.0,245454.0
Kosovo,30,1083660.0,369938.0,322538.0,9292.0,912.0,2016,0.0,0.0,14.0,745.0,5.0,25.0,15.0,0.0,90.0,369938.0,28343307.0,296.0,365835.0,3250750.0,-2884915.0,493018.0
Kosovo,30,1083660.0,369938.0,322538.0,9292.0,625.0,2017,0.0,0.0,8.0,550.0,0.0,15.0,21.0,0.0,16.0,369938.0,28343307.0,296.0,365835.0,3250750.0,-2884915.0,339282.0
Kosovo,30,1083660.0,369938.0,322538.0,9292.0,594.0,2018,0.0,0.0,5.0,528.0,0.0,7.0,18.0,0.0,24.0,369938.0,28343307.0,296.0,365835.0,3250750.0,-2884915.0,336127.0
Kosovo,30,1083660.0,369938.0,322538.0,9292.0,698.0,2019,0.0,0.0,7.0,609.0,2.0,2.0,51.0,0.0,12.0,369938.0,28343307.0,296.0,365835.0,3250750.0,-2884915.0,392194.0
Kosovo,30,1083660.0,369938.0,322538.0,9292.0,972.0,2020,0.0,0.0,5.0,840.0,5.0,5.0,28.0,0.0,70.0,369938.0,28343307.0,296.0,365835.0,3250750.0,-2884915.0,535347.0
Kosovo,30,1083660.0,369938.0,322538.0,9292.0,520.0,2021,0.0,0.0,6.0,456.0,2.0,1.0,8.0,0.0,38.0,369938.0,28343307.0,296.0,365835.0,3250750.0,-2884915.0,297304.0
Kosovo,30,1083660.0,369938.0,322538.0,9292.0,784.0,2022,0.0,0.0,8.0,624.0,2.0,1.0,11.0,0.0,128.0,369938.0,28343307.0,296.0,365835.0,3250750.0,-2884915.0,442126.0
Kosovo,30,1083660.0,369938.0,322538.0,9292.0,1465.0,2023,0.0,0.0,19.0,1320.0,6.0,9.0,50.0,0.0,32.0,369938.0,28343307.0,296.0,365835.0,3250750.0,-2884915.0,853258.0
Kosovo,30,1083660.0,369938.0,322538.0,9292.0,772.0,2024,0.0,0.0,8.0,623.0,2.0,9.0,14.0,0.0,103.0,369938.0,28343307.0,296.0,365835.0,3250750.0,-2884915.0,408093.0
Kyrgyzstan,30,19744828.0,674934.0,577900.0,67691.0,589.0,2001,0.0,0.0,0.0,178.0,137.0,117.0,0.0,0.0,8.0,674934.0,33445251.0,202.0,25124.0,3580899.0,-3555774.0,142541.0
Kyrgyzstan,30,19744828.0,674934.0,577900.0,67691.0,306.0,2002,0.0,0.0,0.0,69.0,40.0,46.0,5.0,0.0,12.0,674934.0,33445251.0,202.0,25124.0,3580899.0,-3555774.0,69522.0
Kyrgyzstan,30,19744828.0,674934.0,577900.0,67691.0,110.0,2003,0.0,0.0,0.0,33.0,10.0,2.0,0.0,0.0,5.0,674934.0,33445251.0,202.0,25124.0,3580899.0,-3555774.0,20600.0
Kyrgyzstan,30,19744828.0,674934.0,577900.0,67691.0,192.0,2004,0.0,0.0,0.0,48.0,30.0,42.0,0.0,0.0,10.0,674934.0,33445251.0,202.0,25124.0,3580899.0,-3555774.0,45307.0
Kyrgyzstan,30,19744828.0,674934.0,577900.0,67691.0,82.0,2005,0.0,0.0,0.0,25.0,7.0,12.0,2.0,0.0,0.0,674934.0,33445251.0,202.0,25124.0,3580899.0,-3555774.0,19681.0
Kyrgyzstan,30,19744828.0,674934.0,577900.0,67691.0,110.0,2006,0.0,0.0,0.0,21.0,19.0,11.0,0.0,0.0,8.0,674934.0,33445251.0,202.0,25124.0,3580899.0,-3555774.0,22128.0
Kyrgyzstan,30,19744828.0,674934.0,577900.0,67691.0,107.0,2007,0.0,0.0,1.0,12.0,25.0,26.0,0.0,0.0,8.0,674934.0,33445251.0,202.0,25124.0,3580899.0,-3555774.0,24668.0
Kyrgyzstan,30,19744828.0,674934.0,577900.0,67691.0,107.0,2008,0.0,0.0,7.0,18.0,13.0,11.0,0.0,0.0,18.0,674934.0,33445251.0,202.0,25124.0,3580899.0,-3555774.0,22705.0
Kyrgyzstan,30,19744828.0,674934.0,577900.0,67691.0,201.0,2009,0.0,0.0,4.0,74.0,31.0,9.0,1.0,0.0,8.0,674934.0,33445251.0,202.0,25124.0,3580899.0,-3555774.0,46537.0
Kyrgyzstan,30,19744828.0,674934.0,577900.0,67691.0,261.0,2010,0.0,0.0,0.0,44.0,60.0,95.0,1.0,0.0,8.0,674934.0,33445251.0,202.0,25124.0,3580899.0,-3555774.0,76476.0
Kyrgyzstan,30,19744828.0,674934.0,577900.0,67691.0,112.0,2011,0.0,0.0,0.0,18.0,26.0,30.0,0.0,0.0,1.0,674934.0,33445251.0,202.0,25124.0,3580899.0,-3555774.0,29892.0
Kyrgyzstan,30,19744828.0,674934.0,577900.0,67691.0,85.0,2012,0.0,0.0,0.0,15.0,10.0,7.0,0.0,0.0,4.0,674934.0,33445251.0,202.0,25124.0,3580899.0,-3555774.0,18701.0
Kyrgyzstan,30,19744828.0,674934.0,577900.0,67691.0,26.0,2013,0.0,0.0,0.0,1.0,3.0,0.0,0.0,0.0,13.0,674934.0,33445251.0,202.0,25124.0,3580899.0,-3555774.0,4122.0
Kyrgyzstan,30,19744828.0,674934.0,577900.0,67691.0,13.0,2014,0.0,0.0,0.0,1.0,0.0,0.0,0.0,0.0,8.0,674934.0,33445251.0,202.0,25124.0,3580899.0,-3555774.0,1723.0
Kyrgyzstan,30,19744828.0,674934.0,577900.0,67691.0,0.0,2015,0.0,0.0,0.0,0.0,0.0,0.0,0.0,0.0,0.0,674934.0,33445251.0,202.0,25124.0,3580899.0,-3555774.0,0.0
Kyrgyzstan,30,19744828.0,674934.0,577900.0,67691.0,12.0,2016,0.0,0.0,0.0,0.0,7.0,0.0,0.0,0.0,0.0,674934.0,33445251.0,202.0,25124.0,3580899.0,-3555774.0,2802.0
Kyrgyzstan,30,19744828.0,674934.0,577900.0,67691.0,56.0,2017,0.0,0.0,3.0,0.0,16.0,0.0,6.0,0.0,4.0,674934.0,33445251.0,202.0,25124.0,3580899.0,-3555774.0,14403.0
Kyrgyzstan,30,19744828.0,674934.0,577900.0,67691.0,17.0,2018,0.0,0.0,0.0,0.0,4.0,0.0,0.0,0.0,11.0,674934.0,33445251.0,202.0,25124.0,3580899.0,-3555774.0,1157.0
Kyrgyzstan,30,19744828.0,674934.0,577900.0,67691.0,16.0,2019,0.0,0.0,0.0,0.0,9.0,0.0,0.0,0.0,4.0,674934.0,33445251.0,202.0,25124.0,3580899.0,-3555774.0,2174.0
Kyrgyzstan,30,19744828.0,674934.0,577900.0,67691.0,12.0,2020,0.0,0.0,0.0,0.0,5.0,0.0,0.0,0.0,4.0,674934.0,33445251.0,202.0,25124.0,3580899.0,-3555774.0,1829.0
Kyrgyzstan,30,19744828.0,674934.0,577900.0,67691.0,17.0,2021,0.0,0.0,0.0,0.0,4.0,0.0,0.0,0.0,12.0,674934.0,33445251.0,202.0,25124.0,3580899.0,-3555774.0,2651.0
Kyrgyzstan,30,19744828.0,674934.0,577900.0,67691.0,32.0,2022,0.0,0.0,0.0,0.0,10.0,0.0,0.0,0.0,18.0,674934.0,33445251.0,202.0,25124.0,3580899.0,-3555774.0,5050.0
Kyrgyzstan,30,19744828.0,674934.0,577900.0,67691.0,95.0,2023,0.0,0.0,0.0,5.0,5.0,2.0,0.0,0.0,79.0,674934.0,33445251.0,202.0,25124.0,3580899.0,-3555774.0,14412.0
Kyrgyzstan,30,19744828.0,674934.0,577900.0,67691.0,54.0,2024,0.0,0.0,0.0,7.0,9.0,2.0,1.0,0.0,32.0,674934.0,33445251.0,202.0,25124.0,3580899.0,-3555774.0,13882.0
Laos,30,22987172.0,19118849.0,17931566.0,101741.0,36460.0,2001,0.0,0.0,683.0,737.0,30.0,16574.0,132.0,18151.0,3.0,19118849.0,2065872311.0,529.0,115271749.0,42211492.0,73060258.0,20305056.0
Laos,30,22987172.0,19118849.0,17931566.0,101741.0,55886.0,2002,8360414.0,13698.0,1323.0,758.0,27.0,24785.0,184.0,28630.0,15.0,19118849.0,2065872311.0,529.0,115271749.0,42211492.0,73060258.0,30513395.0
Laos,30,22987172.0,19118849.0,17931566.0,101741.0,87073.0,2003,8360414.0,20468.0,1355.0,626.0,43.0,30209.0,379.0,54307.0,21.0,19118849.0,2065872311.0,529.0,115271749.0,42211492.0,73060258.0,47425154.0
Laos,30,22987172.0,19118849.0,17931566.0,101741.0,64240.0,2004,8360414.0,17941.0,1628.0,823.0,133.0,29668.0,296.0,31534.0,25.0,19118849.0,2065872311.0,529.0,115271749.0,42211492.0,73060258.0,35261273.0
Laos,30,22987172.0,19118849.0,17931566.0,101741.0,68319.0,2005,8360414.0,21598.0,1274.0,755.0,101.0,26067.0,193.0,39729.0,40.0,19118849.0,2065872311.0,529.0,115271749.0,42211492.0,73060258.0,38653219.0
Laos,30,22987172.0,19118849.0,17931566.0,101741.0,122639.0,2006,8360414.0,33971.0,2306.0,1986.0,64.0,54411.0,658.0,63006.0,41.0,19118849.0,2065872311.0,529.0,115271749.0,42211492.0,73060258.0,67617849.0
Laos,30,22987172.0,19118849.0,17931566.0,101741.0,132975.0,2007,8360414.0,44918.0,4657.0,2184.0,90.0,64308.0,635.0,60883.0,40.0,19118849.0,2065872311.0,529.0,115271749.0,42211492.0,73060258.0,73870288.0
Laos,30,22987172.0,19118849.0,17931566.0,101741.0,80583.0,2008,8360414.0,24924.0,1539.0,1224.0,74.0,41257.0,415.0,35930.0,17.0,19118849.0,2065872311.0,529.0,115271749.0,42211492.0,73060258.0,44418670.0
Laos,30,22987172.0,19118849.0,17931566.0,101741.0,145558.0,2009,8360414.0,48412.0,2204.0,2186.0,230.0,73858.0,856.0,65958.0,39.0,19118849.0,2065872311.0,529.0,115271749.0,42211492.0,73060258.0,80214176.0
Laos,30,22987172.0,19118849.0,17931566.0,101741.0,167099.0,2010,8360414.0,49977.0,2421.0,1698.0,191.0,69768.0,897.0,91881.0,19.0,19118849.0,2065872311.0,529.0,115271749.0,42211492.0,73060258.0,93521345.0
Laos,30,22987172.0,19118849.0,17931566.0,101741.0,130902.0,2011,8360414.0,43363.0,3377.0,1200.0,142.0,69877.0,740.0,55310.0,19.0,19118849.0,2065872311.0,529.0,115271749.0,42211492.0,73060258.0,72408880.0
Laos,30,22987172.0,19118849.0,17931566.0,101741.0,147532.0,2012,8360414.0,42483.0,3266.0,1872.0,205.0,66696.0,831.0,74153.0,33.0,19118849.0,2065872311.0,529.0,115271749.0,42211492.0,73060258.0,80126090.0
Laos,30,22987172.0,19118849.0,17931566.0,101741.0,205603.0,2013,8360414.0,41314.0,3359.0,1693.0,184.0,60325.0,698.0,139191.0,5.0,19118849.0,2065872311.0,529.0,115271749.0,42211492.0,73060258.0,109515508.0
Laos,30,22987172.0,19118849.0,17931566.0,101741.0,243826.0,2014,8360414.0,46967.0,4970.0,1948.0,339.0,75187.0,759.0,160375.0,6.0,19118849.0,2065872311.0,529.0,115271749.0,42211492.0,73060258.0,126268709.0
Laos,30,22987172.0,19118849.0,17931566.0,101741.0,284935.0,2015,8360414.0,58980.0,7562.0,2895.0,331.0,80287.0,510.0,193147.0,20.0,19118849.0,2065872311.0,529.0,115271749.0,42211492.0,73060258.0,152394589.0
Laos,30,22987172.0,19118849.0,17931566.0,101741.0,387635.0,2016,8360414.0,76124.0,9464.0,4051.0,919.0,110037.0,974.0,261873.0,160.0,19118849.0,2065872311.0,529.0,115271749.0,42211492.0,73060258.0,211360088.0
Laos,30,22987172.0,19118849.0,17931566.0,101741.0,349044.0,2017,8360414.0,60679.0,7248.0,2416.0,535.0,97268.0,852.0,240536.0,76.0,19118849.0,2065872311.0,529.0,115271749.0,42211492.0,73060258.0,182074754.0
Laos,30,22987172.0,19118849.0,17931566.0,101741.0,294658.0,2018,8360414.0,54579.0,7331.0,3098.0,311.0,90895.0,779.0,192126.0,10.0,19118849.0,2065872311.0,529.0,115271749.0,42211492.0,73060258.0,152541906.0
Laos,30,22987172.0,19118849.0,17931566.0,101741.0,364696.0,2019,8360414.0,72038.0,5310.0,3394.0,341.0,121807.0,940.0,232758.0,52.0,19118849.0,2065872311.0,529.0,115271749.0,42211492.0,73060258.0,188105479.0
Laos,30,22987172.0,19118849.0,17931566.0,101741.0,357520.0,2020,8360414.0,82234.0,5970.0,3180.0,374.0,118174.0,567.0,229060.0,58.0,19118849.0,2065872311.0,529.0,115271749.0,42211492.0,73060258.0,188131421.0
Laos,30,22987172.0,19118849.0,17931566.0,101741.0,317562.0,2021,8360414.0,80938.0,6144.0,2427.0,247.0,114304.0,426.0,193708.0,220.0,19118849.0,2065872311.0,529.0,115271749.0,42211492.0,73060258.0,167574984.0
Laos,30,22987172.0,19118849.0,17931566.0,101741.0,321688.0,2022,8360414.0,93087.0,7606.0,1745.0,252.0,134228.0,420.0,177346.0,16.0,19118849.0,2065872311.0,529.0,115271749.0,42211492.0,73060258.0,171505628.0
Laos,30,22987172.0,19118849.0,17931566.0,101741.0,445461.0,2023,8360414.0,136532.0,7925.0,2122.0,453.0,178522.0,525.0,255784.0,32.0,19118849.0,2065872311.0,529.0,115271749.0,42211492.0,73060258.0,241625053.0
Laos,30,22987172.0,19118849.0,17931566.0,101741.0,351226.0,2024,8360414.0,116514.0,6542.0,1918.0,966.0,137704.0,485.0,203301.0,150.0,19118849.0,2065872311.0,529.0,115271749.0,42211492.0,73060258.0,191088467.0
Latvia,30,6471000.0,3553508.0,3690743.0,290490.0,24907.0,2001,0.0,0.0,9.0,24648.0,12.0,134.0,60.0,0.0,8.0,3553508.0,157785635.0,201.0,13420646.0,22846233.0,-9425586.0,6240980.0
Latvia,30,6471000.0,3553508.0,3690743.0,290490.0,29176.0,2002,0.0,0.0,25.0,28975.0,9.0,72.0,43.0,0.0,14.0,3553508.0,157785635.0,201.0,13420646.0,22846233.0,-9425586.0,7466876.0
Latvia,30,6471000.0,3553508.0,3690743.0,290490.0,21321.0,2003,0.0,0.0,5.0,21186.0,0.0,34.0,46.0,0.0,34.0,3553508.0,157785635.0,201.0,13420646.0,22846233.0,-9425586.0,5732124.0
Latvia,30,6471000.0,3553508.0,3690743.0,290490.0,30640.0,2004,0.0,0.0,22.0,30371.0,4.0,90.0,114.0,0.0,8.0,3553508.0,157785635.0,201.0,13420646.0,22846233.0,-9425586.0,8147511.0
Latvia,30,6471000.0,3553508.0,3690743.0,290490.0,40712.0,2005,0.0,0.0,47.0,40332.0,4.0,187.0,83.0,0.0,8.0,3553508.0,157785635.0,201.0,13420646.0,22846233.0,-9425586.0,11195571.0
Latvia,30,6471000.0,3553508.0,3690743.0,290490.0,38895.0,2006,0.0,0.0,74.0,38307.0,33.0,145.0,234.0,0.0,58.0,3553508.0,157785635.0,201.0,13420646.0,22846233.0,-9425586.0,11011255.0
Latvia,30,6471000.0,3553508.0,3690743.0,290490.0,36129.0,2007,0.0,0.0,55.0,35692.0,12.0,98.0,179.0,0.0,58.0,3553508.0,157785635.0,201.0,13420646.0,22846233.0,-9425586.0,10494619.0
Latvia,30,6471000.0,3553508.0,3690743.0,290490.0,29309.0,2008,0.0,0.0,36.0,29111.0,2.0,67.0,69.0,0.0,0.0,3553508.0,157785635.0,201.0,13420646.0,22846233.0,-9425586.0,8674000.0
Latvia,30,6471000.0,3553508.0,3690743.0,290490.0,34917.0,2009,0.0,0.0,30.0,34558.0,3.0,206.0,73.0,0.0,12.0,3553508.0,157785635.0,201.0,13420646.0,22846233.0,-9425586.0,10782736.0
Latvia,30,6471000.0,3553508.0,3690743.0,290490.0,48507.0,2010,0.0,0.0,47.0,47957.0,15.0,328.0,86.0,0.0,30.0,3553508.0,157785635.0,201.0,13420646.0,22846233.0,-9425586.0,15293789.0
Latvia,30,6471000.0,3553508.0,3690743.0,290490.0,44737.0,2011,0.0,0.0,45.0,44311.0,7.0,259.0,65.0,0.0,7.0,3553508.0,157785635.0,201.0,13420646.0,22846233.0,-9425586.0,14541583.0
Latvia,30,6471000.0,3553508.0,3690743.0,290490.0,34285.0,2012,0.0,0.0,42.0,33987.0,6.0,146.0,62.0,0.0,3.0,3553508.0,157785635.0,201.0,13420646.0,22846233.0,-9425586.0,11167960.0
Latvia,30,6471000.0,3553508.0,3690743.0,290490.0,27766.0,2013,0.0,0.0,21.0,27613.0,1.0,76.0,27.0,0.0,5.0,3553508.0,157785635.0,201.0,13420646.0,22846233.0,-9425586.0,9097616.0
Latvia,30,6471000.0,3553508.0,3690743.0,290490.0,32204.0,2014,0.0,0.0,26.0,31850.0,3.0,233.0,54.0,0.0,7.0,3553508.0,157785635.0,201.0,13420646.0,22846233.0,-9425586.0,10610873.0
Latvia,30,6471000.0,3553508.0,3690743.0,290490.0,30829.0,2015,0.0,0.0,22.0,30498.0,1.0,211.0,55.0,0.0,19.0,3553508.0,157785635.0,201.0,13420646.0,22846233.0,-9425586.0,10322049.0
Latvia,30,6471000.0,3553508.0,3690743.0,290490.0,44946.0,2016,0.0,0.0,29.0,44522.0,4.0,259.0,83.0,0.0,9.0,3553508.0,157785635.0,201.0,13420646.0,22846233.0,-9425586.0,15165476.0
Latvia,30,6471000.0,3553508.0,3690743.0,290490.0,47085.0,2017,0.0,0.0,42.0,46675.0,3.0,178.0,125.0,0.0,10.0,3553508.0,157785635.0,201.0,13420646.0,22846233.0,-9425586.0,16206423.0
Latvia,30,6471000.0,3553508.0,3690743.0,290490.0,46923.0,2018,0.0,0.0,58.0,46064.0,0.0,208.0,114.0,0.0,457.0,3553508.0,157785635.0,201.0,13420646.0,22846233.0,-9425586.0,16674912.0
Latvia,30,6471000.0,3553508.0,3690743.0,290490.0,57403.0,2019,0.0,0.0,70.0,56497.0,4.0,135.0,147.0,0.0,522.0,3553508.0,157785635.0,201.0,13420646.0,22846233.0,-9425586.0,20568948.0
Latvia,30,6471000.0,3553508.0,3690743.0,290490.0,50463.0,2020,0.0,0.0,33.0,50077.0,2.0,113.0,178.0,0.0,30.0,3553508.0,157785635.0,201.0,13420646.0,22846233.0,-9425586.0,18508131.0
Latvia,30,6471000.0,3553508.0,3690743.0,290490.0,48423.0,2021,0.0,0.0,30.0,48160.0,3.0,83.0,103.0,0.0,21.0,3553508.0,157785635.0,201.0,13420646.0,22846233.0,-9425586.0,18356210.0
Latvia,30,6471000.0,3553508.0,3690743.0,290490.0,57142.0,2022,0.0,0.0,37.0,56760.0,0.0,101.0,132.0,0.0,82.0,3553508.0,157785635.0,201.0,13420646.0,22846233.0,-9425586.0,21973609.0
Latvia,30,6471000.0,3553508.0,3690743.0,290490.0,54501.0,2023,0.0,0.0,45.0,54196.0,0.0,132.0,96.0,0.0,15.0,3553508.0,157785635.0,201.0,13420646.0,22846233.0,-9425586.0,21202347.0
Latvia,30,6471000.0,3553508.0,3690743.0,290490.0,56620.0,2024,0.0,0.0,34.0,56394.0,1.0,69.0,98.0,0.0,5.0,3553508.0,157785635.0,201.0,13420646.0,22846233.0,-9425586.0,22659911.0
Lebanon,30,1023805.0,65235.0,57764.0,6370.0,299.0,2001,0.0,0.0,1.0,94.0,0.0,19.0,80.0,0.0,89.0,65235.0,3055462.0,183.0,82716.0,265701.0,-182985.0,79312.0
Lebanon,30,1023805.0,65235.0,57764.0,6370.0,82.0,2002,0.0,0.0,2.0,11.0,0.0,16.0,39.0,0.0,8.0,65235.0,3055462.0,183.0,82716.0,265701.0,-182985.0,22144.0
Lebanon,30,1023805.0,65235.0,57764.0,6370.0,84.0,2003,0.0,0.0,0.0,12.0,0.0,7.0,24.0,0.0,36.0,65235.0,3055462.0,183.0,82716.0,265701.0,-182985.0,19436.0
Lebanon,30,1023805.0,65235.0,57764.0,6370.0,109.0,2004,0.0,0.0,1.0,25.0,0.0,4.0,29.0,0.0,46.0,65235.0,3055462.0,183.0,82716.0,265701.0,-182985.0,27058.0
Lebanon,30,1023805.0,65235.0,57764.0,6370.0,301.0,2005,0.0,0.0,5.0,101.0,0.0,16.0,80.0,0.0,87.0,65235.0,3055462.0,183.0,82716.0,265701.0,-182985.0,79183.0
Lebanon,30,1023805.0,65235.0,57764.0,6370.0,149.0,2006,0.0,0.0,2.0,47.0,0.0,18.0,39.0,0.0,38.0,65235.0,3055462.0,183.0,82716.0,265701.0,-182985.0,39374.0
Lebanon,30,1023805.0,65235.0,57764.0,6370.0,273.0,2007,0.0,0.0,2.0,50.0,0.0,11.0,55.0,0.0,147.0,65235.0,3055462.0,183.0,82716.0,265701.0,-182985.0,62758.0
Lebanon,30,1023805.0,65235.0,57764.0,6370.0,394.0,2008,0.0,0.0,5.0,96.0,0.0,20.0,112.0,0.0,152.0,65235.0,3055462.0,183.0,82716.0,265701.0,-182985.0,104847.0
Lebanon,30,1023805.0,65235.0,57764.0,6370.0,340.0,2009,0.0,0.0,2.0,118.0,0.0,19.0,131.0,0.0,65.0,65235.0,3055462.0,183.0,82716.0,265701.0,-182985.0,103000.0
Lebanon,30,1023805.0,65235.0,57764.0,6370.0,115.0,2010,0.0,0.0,0.0,25.0,0.0,9.0,48.0,0.0,29.0,65235.0,3055462.0,183.0,82716.0,265701.0,-182985.0,34534.0
Lebanon,30,1023805.0,65235.0,57764.0,6370.0,140.0,2011,0.0,0.0,4.0,32.0,0.0,12.0,60.0,0.0,24.0,65235.0,3055462.0,183.0,82716.0,265701.0,-182985.0,44598.0
Lebanon,30,1023805.0,65235.0,57764.0,6370.0,169.0,2012,0.0,0.0,5.0,47.0,0.0,20.0,55.0,0.0,33.0,65235.0,3055462.0,183.0,82716.0,265701.0,-182985.0,52638.0
Lebanon,30,1023805.0,65235.0,57764.0,6370.0,160.0,2013,0.0,0.0,13.0,45.0,0.0,10.0,39.0,0.0,49.0,65235.0,3055462.0,183.0,82716.0,265701.0,-182985.0,46194.0
Lebanon,30,1023805.0,65235.0,57764.0,6370.0,160.0,2014,0.0,0.0,12.0,51.0,0.0,11.0,37.0,0.0,44.0,65235.0,3055462.0,183.0,82716.0,265701.0,-182985.0,47416.0
Lebanon,30,1023805.0,65235.0,57764.0,6370.0,173.0,2015,0.0,0.0,13.0,66.0,0.0,6.0,50.0,0.0,34.0,65235.0,3055462.0,183.0,82716.0,265701.0,-182985.0,56788.0
Lebanon,30,1023805.0,65235.0,57764.0,6370.0,266.0,2016,0.0,0.0,17.0,94.0,0.0,17.0,55.0,0.0,78.0,65235.0,3055462.0,183.0,82716.0,265701.0,-182985.0,84805.0
Lebanon,30,1023805.0,65235.0,57764.0,6370.0,287.0,2017,0.0,0.0,12.0,90.0,0.0,36.0,74.0,0.0,69.0,65235.0,3055462.0,183.0,82716.0,265701.0,-182985.0,91017.0
Lebanon,30,1023805.0,65235.0,57764.0,6370.0,255.0,2018,0.0,0.0,3.0,101.0,0.0,11.0,67.0,0.0,69.0,65235.0,3055462.0,183.0,82716.0,265701.0,-182985.0,82020.0
Lebanon,30,1023805.0,65235.0,57764.0,6370.0,389.0,2019,0.0,0.0,5.0,145.0,0.0,24.0,85.0,0.0,123.0,65235.0,3055462.0,183.0,82716.0,265701.0,-182985.0,122909.0
Lebanon,30,1023805.0,65235.0,57764.0,6370.0,472.0,2020,0.0,0.0,13.0,98.0,0.0,20.0,60.0,0.0,278.0,65235.0,3055462.0,183.0,82716.0,265701.0,-182985.0,149400.0
Lebanon,30,1023805.0,65235.0,57764.0,6370.0,673.0,2021,0.0,0.0,5.0,111.0,0.0,14.0,43.0,0.0,495.0,65235.0,3055462.0,183.0,82716.0,265701.0,-182985.0,154280.0
Lebanon,30,1023805.0,65235.0,57764.0,6370.0,585.0,2022,0.0,0.0,3.0,146.0,0.0,17.0,54.0,0.0,361.0,65235.0,3055462.0,183.0,82716.0,265701.0,-182985.0,158614.0
Lebanon,30,1023805.0,65235.0,57764.0,6370.0,523.0,2023,0.0,0.0,10.0,157.0,0.0,44.0,38.0,0.0,269.0,65235.0,3055462.0,183.0,82716.0,265701.0,-182985.0,152668.0
Lebanon,30,1023805.0,65235.0,57764.0,6370.0,508.0,2024,0.0,0.0,4.0,152.0,0.0,50.0,49.0,0.0,249.0,65235.0,3055462.0,183.0,82716.0,265701.0,-182985.0,170194.0
Liberia,30,9591806.0,9384718.0,9283500.0,57762.0,29185.0,2001,0.0,0.0,59.0,706.0,10.0,10871.0,478.0,16949.0,0.0,9384718.0,784333860.0,442.0,61801668.0,53091354.0,8710312.0,14076279.0
Liberia,30,9591806.0,9384718.0,9283500.0,57762.0,56985.0,2002,4430080.0,7330.0,100.0,1697.0,29.0,16005.0,643.0,38324.0,0.0,9384718.0,784333860.0,442.0,61801668.0,53091354.0,8710312.0,28488382.0
Liberia,30,9591806.0,9384718.0,9283500.0,57762.0,21604.0,2003,4430080.0,4820.0,50.0,733.0,20.0,6811.0,297.0,13620.0,0.0,9384718.0,784333860.0,442.0,61801668.0,53091354.0,8710312.0,10892111.0
Liberia,30,9591806.0,9384718.0,9283500.0,57762.0,6234.0,2004,4430080.0,1782.0,9.0,187.0,5.0,1641.0,24.0,4315.0,0.0,9384718.0,784333860.0,442.0,61801668.0,53091354.0,8710312.0,3171021.0
Liberia,30,9591806.0,9384718.0,9283500.0,57762.0,11323.0,2005,4430080.0,2168.0,13.0,411.0,5.0,3204.0,77.0,7418.0,0.0,9384718.0,784333860.0,442.0,61801668.0,53091354.0,8710312.0,5630673.0
Liberia,30,9591806.0,9384718.0,9283500.0,57762.0,36221.0,2006,4430080.0,6005.0,83.0,499.0,34.0,10699.0,472.0,24363.0,0.0,9384718.0,784333860.0,442.0,61801668.0,53091354.0,8710312.0,18349210.0
Liberia,30,9591806.0,9384718.0,9283500.0,57762.0,44282.0,2007,4430080.0,7639.0,67.0,591.0,12.0,12349.0,533.0,30645.0,0.0,9384718.0,784333860.0,442.0,61801668.0,53091354.0,8710312.0,23111126.0
Liberia,30,9591806.0,9384718.0,9283500.0,57762.0,36172.0,2008,4430080.0,5891.0,75.0,397.0,10.0,10588.0,544.0,24473.0,0.0,9384718.0,784333860.0,442.0,61801668.0,53091354.0,8710312.0,18926272.0
Liberia,30,9591806.0,9384718.0,9283500.0,57762.0,75136.0,2009,4430080.0,13356.0,166.0,981.0,29.0,19543.0,594.0,53668.0,0.0,9384718.0,784333860.0,442.0,61801668.0,53091354.0,8710312.0,39438238.0
Liberia,30,9591806.0,9384718.0,9283500.0,57762.0,20358.0,2010,4430080.0,4633.0,62.0,441.0,7.0,5690.0,271.0,13770.0,0.0,9384718.0,784333860.0,442.0,61801668.0,53091354.0,8710312.0,11042049.0
Liberia,30,9591806.0,9384718.0,9283500.0,57762.0,34444.0,2011,4430080.0,5797.0,143.0,478.0,12.0,11874.0,307.0,21544.0,0.0,9384718.0,784333860.0,442.0,61801668.0,53091354.0,8710312.0,18468224.0
Liberia,30,9591806.0,9384718.0,9283500.0,57762.0,72114.0,2012,4430080.0,11267.0,281.0,610.0,6.0,22967.0,492.0,47684.0,0.0,9384718.0,784333860.0,442.0,61801668.0,53091354.0,8710312.0,39280553.0
Liberia,30,9591806.0,9384718.0,9283500.0,57762.0,155536.0,2013,4430080.0,16258.0,460.0,1560.0,17.0,48589.0,804.0,103792.0,0.0,9384718.0,784333860.0,442.0,61801668.0,53091354.0,8710312.0,86071028.0
Liberia,30,9591806.0,9384718.0,9283500.0,57762.0,164049.0,2014,4430080.0,18962.0,545.0,1505.0,33.0,52353.0,1119.0,108291.0,0.0,9384718.0,784333860.0,442.0,61801668.0,53091354.0,8710312.0,91766577.0
Liberia,30,9591806.0,9384718.0,9283500.0,57762.0,186009.0,2015,4430080.0,25850.0,499.0,1063.0,29.0,43897.0,515.0,139919.0,0.0,9384718.0,784333860.0,442.0,61801668.0,53091354.0,8710312.0,106393058.0
Liberia,30,9591806.0,9384718.0,9283500.0,57762.0,168585.0,2016,4430080.0,19753.0,509.0,973.0,25.0,44096.0,665.0,122252.0,1.0,9384718.0,784333860.0,442.0,61801668.0,53091354.0,8710312.0,98666282.0
Liberia,30,9591806.0,9384718.0,9283500.0,57762.0,203293.0,2017,4430080.0,24957.0,581.0,1681.0,66.0,48219.0,793.0,151786.0,3.0,9384718.0,784333860.0,442.0,61801668.0,53091354.0,8710312.0,120732462.0
Liberia,30,9591806.0,9384718.0,9283500.0,57762.0,204932.0,2018,4430080.0,27853.0,673.0,2898.0,47.0,53458.0,917.0,146806.0,1.0,9384718.0,784333860.0,442.0,61801668.0,53091354.0,8710312.0,122247109.0
Liberia,30,9591806.0,9384718.0,9283500.0,57762.0,171767.0,2019,4430080.0,23408.0,456.0,1448.0,37.0,40809.0,617.0,128327.0,0.0,9384718.0,784333860.0,442.0,61801668.0,53091354.0,8710312.0,105663840.0
Liberia,30,9591806.0,9384718.0,9283500.0,57762.0,220122.0,2020,4430080.0,31821.0,709.0,2504.0,48.0,56273.0,570.0,159850.0,1.0,9384718.0,784333860.0,442.0,61801668.0,53091354.0,8710312.0,137617574.0
Liberia,30,9591806.0,9384718.0,9283500.0,57762.0,129838.0,2021,4430080.0,24820.0,840.0,2041.0,45.0,31615.0,357.0,94793.0,4.0,9384718.0,784333860.0,442.0,61801668.0,53091354.0,8710312.0,80606322.0
Liberia,30,9591806.0,9384718.0,9283500.0,57762.0,152104.0,2022,4430080.0,30365.0,877.0,1555.0,34.0,45697.0,532.0,103319.0,23.0,9384718.0,784333860.0,442.0,61801668.0,53091354.0,8710312.0,97119371.0
Liberia,30,9591806.0,9384718.0,9283500.0,57762.0,155263.0,2023,4430080.0,32716.0,1462.0,1213.0,54.0,45461.0,349.0,106621.0,92.0,9384718.0,784333860.0,442.0,61801668.0,53091354.0,8710312.0,98400460.0
Liberia,30,9591806.0,9384718.0,9283500.0,57762.0,166500.0,2024,4430080.0,38549.0,1139.0,2907.0,44.0,50315.0,359.0,111353.0,365.0,9384718.0,784333860.0,442.0,61801668.0,53091354.0,8710312.0,107081802.0
Lithuania,30,6501663.0,2336225.0,2409460.0,241547.0,7961.0,2001,0.0,0.0,1.0,7865.0,2.0,42.0,22.0,0.0,0.0,2336225.0,111337236.0,177.0,6379051.0,15448578.0,-9069526.0,2081091.0
Lithuania,30,6501663.0,2336225.0,2409460.0,241547.0,10345.0,2002,0.0,0.0,3.0,10241.0,4.0,46.0,13.0,0.0,2.0,2336225.0,111337236.0,177.0,6379051.0,15448578.0,-9069526.0,2729952.0
Lithuania,30,6501663.0,2336225.0,2409460.0,241547.0,8916.0,2003,0.0,0.0,4.0,8865.0,3.0,3.0,21.0,0.0,0.0,2336225.0,111337236.0,177.0,6379051.0,15448578.0,-9069526.0,2419035.0
Lithuania,30,6501663.0,2336225.0,2409460.0,241547.0,13101.0,2004,0.0,0.0,5.0,12940.0,11.0,72.0,24.0,0.0,1.0,2336225.0,111337236.0,177.0,6379051.0,15448578.0,-9069526.0,3646272.0
Lithuania,30,6501663.0,2336225.0,2409460.0,241547.0,20384.0,2005,0.0,0.0,29.0,20149.0,19.0,58.0,61.0,0.0,1.0,2336225.0,111337236.0,177.0,6379051.0,15448578.0,-9069526.0,5741339.0
Lithuania,30,6501663.0,2336225.0,2409460.0,241547.0,17451.0,2006,0.0,0.0,18.0,17153.0,7.0,25.0,85.0,0.0,114.0,2336225.0,111337236.0,177.0,6379051.0,15448578.0,-9069526.0,5099311.0
Lithuania,30,6501663.0,2336225.0,2409460.0,241547.0,16037.0,2007,0.0,0.0,30.0,15806.0,4.0,64.0,57.0,0.0,33.0,2336225.0,111337236.0,177.0,6379051.0,15448578.0,-9069526.0,4868026.0
Lithuania,30,6501663.0,2336225.0,2409460.0,241547.0,15204.0,2008,0.0,0.0,51.0,14986.0,8.0,27.0,76.0,0.0,22.0,2336225.0,111337236.0,177.0,6379051.0,15448578.0,-9069526.0,4693189.0
Lithuania,30,6501663.0,2336225.0,2409460.0,241547.0,14407.0,2009,0.0,0.0,31.0,14273.0,4.0,19.0,39.0,0.0,0.0,2336225.0,111337236.0,177.0,6379051.0,15448578.0,-9069526.0,4517292.0
Lithuania,30,6501663.0,2336225.0,2409460.0,241547.0,21667.0,2010,0.0,0.0,36.0,21426.0,6.0,53.0,61.0,0.0,4.0,2336225.0,111337236.0,177.0,6379051.0,15448578.0,-9069526.0,6960272.0
Lithuania,30,6501663.0,2336225.0,2409460.0,241547.0,21736.0,2011,0.0,0.0,25.0,21529.0,13.0,47.0,52.0,0.0,19.0,2336225.0,111337236.0,177.0,6379051.0,15448578.0,-9069526.0,7427673.0
Lithuania,30,6501663.0,2336225.0,2409460.0,241547.0,17602.0,2012,0.0,0.0,21.0,17416.0,5.0,22.0,62.0,0.0,0.0,2336225.0,111337236.0,177.0,6379051.0,15448578.0,-9069526.0,5913356.0
Lithuania,30,6501663.0,2336225.0,2409460.0,241547.0,13922.0,2013,0.0,0.0,9.0,13794.0,33.0,37.0,17.0,0.0,2.0,2336225.0,111337236.0,177.0,6379051.0,15448578.0,-9069526.0,4716199.0
Lithuania,30,6501663.0,2336225.0,2409460.0,241547.0,15971.0,2014,0.0,0.0,28.0,15680.0,9.0,126.0,71.0,0.0,4.0,2336225.0,111337236.0,177.0,6379051.0,15448578.0,-9069526.0,5466680.0
Lithuania,30,6501663.0,2336225.0,2409460.0,241547.0,15794.0,2015,0.0,0.0,27.0,15627.0,3.0,51.0,48.0,0.0,1.0,2336225.0,111337236.0,177.0,6379051.0,15448578.0,-9069526.0,5533779.0
Lithuania,30,6501663.0,2336225.0,2409460.0,241547.0,25532.0,2016,0.0,0.0,24.0,25243.0,10.0,75.0,90.0,0.0,4.0,2336225.0,111337236.0,177.0,6379051.0,15448578.0,-9069526.0,8932877.0
Lithuania,30,6501663.0,2336225.0,2409460.0,241547.0,25804.0,2017,0.0,0.0,65.0,25478.0,15.0,61.0,70.0,0.0,14.0,2336225.0,111337236.0,177.0,6379051.0,15448578.0,-9069526.0,9257947.0
Lithuania,30,6501663.0,2336225.0,2409460.0,241547.0,19749.0,2018,0.0,0.0,55.0,19558.0,3.0,39.0,56.0,0.0,8.0,2336225.0,111337236.0,177.0,6379051.0,15448578.0,-9069526.0,7284186.0
Lithuania,30,6501663.0,2336225.0,2409460.0,241547.0,24565.0,2019,0.0,0.0,41.0,24302.0,55.0,48.0,68.0,0.0,12.0,2336225.0,111337236.0,177.0,6379051.0,15448578.0,-9069526.0,9080627.0
Lithuania,30,6501663.0,2336225.0,2409460.0,241547.0,22970.0,2020,0.0,0.0,50.0,22747.0,12.0,41.0,72.0,0.0,4.0,2336225.0,111337236.0,177.0,6379051.0,15448578.0,-9069526.0,8719238.0
Lithuania,30,6501663.0,2336225.0,2409460.0,241547.0,22634.0,2021,0.0,0.0,55.0,22440.0,0.0,40.0,63.0,0.0,0.0,2336225.0,111337236.0,177.0,6379051.0,15448578.0,-9069526.0,8935933.0
Lithuania,30,6501663.0,2336225.0,2409460.0,241547.0,23738.0,2022,0.0,0.0,20.0,23559.0,2.0,51.0,53.0,0.0,5.0,2336225.0,111337236.0,177.0,6379051.0,15448578.0,-9069526.0,9626627.0
Lithuania,30,6501663.0,2336225.0,2409460.0,241547.0,24749.0,2023,0.0,0.0,105.0,23876.0,306.0,255.0,47.0,0.0,133.0,2336225.0,111337236.0,177.0,6379051.0,15448578.0,-9069526.0,10148533.0
Lithuania,30,6501663.0,2336225.0,2409460.0,241547.0,22313.0,2024,0.0,0.0,30.0,22105.0,0.0,60.0,82.0,0.0,7.0,2336225.0,111337236.0,177.0,6379051.0,15448578.0,-9069526.0,9297810.0
Luxembourg,30,258158.0,101328.0,103464.0,2851.0,69.0,2001,0.0,0.0,0.0,59.0,0.0,0.0,4.0,0.0,0.0,101328.0,9809042.0,97.0,271074.0,771389.0,-500315.0,30912.0
Luxembourg,30,258158.0,101328.0,103464.0,2851.0,91.0,2002,0.0,0.0,0.0,73.0,0.0,0.0,14.0,0.0,0.0,101328.0,9809042.0,97.0,271074.0,771389.0,-500315.0,44686.0
Luxembourg,30,258158.0,101328.0,103464.0,2851.0,103.0,2003,0.0,0.0,0.0,95.0,0.0,0.0,5.0,0.0,0.0,101328.0,9809042.0,97.0,271074.0,771389.0,-500315.0,49693.0
Luxembourg,30,258158.0,101328.0,103464.0,2851.0,311.0,2004,0.0,0.0,0.0,303.0,0.0,0.0,4.0,0.0,0.0,101328.0,9809042.0,97.0,271074.0,771389.0,-500315.0,152789.0
Luxembourg,30,258158.0,101328.0,103464.0,2851.0,68.0,2005,0.0,0.0,0.0,62.0,0.0,0.0,2.0,0.0,0.0,101328.0,9809042.0,97.0,271074.0,771389.0,-500315.0,33891.0
Luxembourg,30,258158.0,101328.0,103464.0,2851.0,366.0,2006,0.0,0.0,0.0,351.0,0.0,2.0,6.0,0.0,0.0,101328.0,9809042.0,97.0,271074.0,771389.0,-500315.0,186467.0
Luxembourg,30,258158.0,101328.0,103464.0,2851.0,502.0,2007,0.0,0.0,1.0,495.0,0.0,0.0,3.0,0.0,0.0,101328.0,9809042.0,97.0,271074.0,771389.0,-500315.0,264447.0
Luxembourg,30,258158.0,101328.0,103464.0,2851.0,984.0,2008,0.0,0.0,0.0,953.0,0.0,0.0,20.0,0.0,0.0,101328.0,9809042.0,97.0,271074.0,771389.0,-500315.0,525042.0
Luxembourg,30,258158.0,101328.0,103464.0,2851.0,216.0,2009,0.0,0.0,2.0,206.0,0.0,1.0,4.0,0.0,0.0,101328.0,9809042.0,97.0,271074.0,771389.0,-500315.0,118009.0
Luxembourg,30,258158.0,101328.0,103464.0,2851.0,881.0,2010,0.0,0.0,0.0,865.0,0.0,0.0,7.0,0.0,0.0,101328.0,9809042.0,97.0,271074.0,771389.0,-500315.0,493504.0
Luxembourg,30,258158.0,101328.0,103464.0,2851.0,448.0,2011,0.0,0.0,0.0,437.0,0.0,3.0,3.0,0.0,0.0,101328.0,9809042.0,97.0,271074.0,771389.0,-500315.0,256212.0
Luxembourg,30,258158.0,101328.0,103464.0,2851.0,444.0,2012,0.0,0.0,0.0,436.0,0.0,1.0,3.0,0.0,0.0,101328.0,9809042.0,97.0,271074.0,771389.0,-500315.0,255850.0
Luxembourg,30,258158.0,101328.0,103464.0,2851.0,348.0,2013,0.0,0.0,0.0,337.0,0.0,5.0,3.0,0.0,0.0,101328.0,9809042.0,97.0,271074.0,771389.0,-500315.0,198658.0
Luxembourg,30,258158.0,101328.0,103464.0,2851.0,430.0,2014,0.0,0.0,0.0,421.0,0.0,0.0,5.0,0.0,0.0,101328.0,9809042.0,97.0,271074.0,771389.0,-500315.0,256442.0
Luxembourg,30,258158.0,101328.0,103464.0,2851.0,327.0,2015,0.0,0.0,4.0,309.0,0.0,0.0,11.0,0.0,0.0,101328.0,9809042.0,97.0,271074.0,771389.0,-500315.0,196253.0
Luxembourg,30,258158.0,101328.0,103464.0,2851.0,521.0,2016,0.0,0.0,0.0,512.0,0.0,0.0,4.0,0.0,0.0,101328.0,9809042.0,97.0,271074.0,771389.0,-500315.0,310577.0
Luxembourg,30,258158.0,101328.0,103464.0,2851.0,413.0,2017,0.0,0.0,0.0,398.0,0.0,0.0,8.0,0.0,0.0,101328.0,9809042.0,97.0,271074.0,771389.0,-500315.0,244179.0
Luxembourg,30,258158.0,101328.0,103464.0,2851.0,458.0,2018,0.0,0.0,0.0,452.0,0.0,0.0,4.0,0.0,0.0,101328.0,9809042.0,97.0,271074.0,771389.0,-500315.0,278008.0
Luxembourg,30,258158.0,101328.0,103464.0,2851.0,509.0,2019,0.0,0.0,1.0,489.0,0.0,0.0,15.0,0.0,0.0,101328.0,9809042.0,97.0,271074.0,771389.0,-500315.0,312916.0
Luxembourg,30,258158.0,101328.0,103464.0,2851.0,655.0,2020,0.0,0.0,1.0,645.0,0.0,0.0,2.0,0.0,0.0,101328.0,9809042.0,97.0,271074.0,771389.0,-500315.0,415268.0
Luxembourg,30,258158.0,101328.0,103464.0,2851.0,1055.0,2021,0.0,0.0,1.0,1035.0,0.0,0.0,10.0,0.0,0.0,101328.0,9809042.0,97.0,271074.0,771389.0,-500315.0,686833.0
Luxembourg,30,258158.0,101328.0,103464.0,2851.0,321.0,2022,0.0,0.0,0.0,314.0,0.0,0.0,4.0,0.0,0.0,101328.0,9809042.0,97.0,271074.0,771389.0,-500315.0,206176.0
Luxembourg,30,258158.0,101328.0,103464.0,2851.0,913.0,2023,0.0,0.0,0.0,903.0,0.0,0.0,4.0,0.0,0.0,101328.0,9809042.0,97.0,271074.0,771389.0,-500315.0,596457.0
Luxembourg,30,258158.0,101328.0,103464.0,2851.0,588.0,2024,0.0,0.0,0.0,577.0,0.0,0.0,6.0,0.0,0.0,101328.0,9809042.0,97.0,271074.0,771389.0,-500315.0,392499.0
Madagascar,30,59144703.0,17141084.0,16436354.0,173322.0,86957.0,2001,0.0,0.0,33.0,1711.0,533.0,16410.0,48.0,65645.0,2129.0,17141084.0,1398884576.0,428.0,110073821.0,70744085.0,39329735.0,46537171.0
Madagascar,30,59144703.0,17141084.0,16436354.0,173322.0,89317.0,2002,4873080.0,27044.0,43.0,1400.0,442.0,23589.0,39.0,60784.0,2691.0,17141084.0,1398884576.0,428.0,110073821.0,70744085.0,39329735.0,46864156.0
Madagascar,30,59144703.0,17141084.0,16436354.0,173322.0,84249.0,2003,4873080.0,15332.0,59.0,1276.0,447.0,24438.0,48.0,56189.0,1337.0,17141084.0,1398884576.0,428.0,110073821.0,70744085.0,39329735.0,41714418.0
Madagascar,30,59144703.0,17141084.0,16436354.0,173322.0,81846.0,2004,4873080.0,20283.0,212.0,1500.0,1041.0,18250.0,111.0,59111.0,1125.0,17141084.0,1398884576.0,428.0,110073821.0,70744085.0,39329735.0,43262161.0
Madagascar,30,59144703.0,17141084.0,16436354.0,173322.0,93627.0,2005,4873080.0,22517.0,97.0,2028.0,534.0,29308.0,70.0,57930.0,3210.0,17141084.0,1398884576.0,428.0,110073821.0,70744085.0,39329735.0,46142005.0
Madagascar,30,59144703.0,17141084.0,16436354.0,173322.0,71035.0,2006,4873080.0,12821.0,77.0,1007.0,330.0,35019.0,53.0,29924.0,4306.0,17141084.0,1398884576.0,428.0,110073821.0,70744085.0,39329735.0,29957622.0
Madagascar,30,59144703.0,17141084.0,16436354.0,173322.0,188579.0,2007,4873080.0,45969.0,347.0,4204.0,1178.0,57604.0,205.0,117342.0,6936.0,17141084.0,1398884576.0,428.0,110073821.0,70744085.0,39329735.0,94330841.0
Madagascar,30,59144703.0,17141084.0,16436354.0,173322.0,123503.0,2008,4873080.0,23616.0,212.0,2487.0,611.0,44182.0,162.0,70655.0,4722.0,17141084.0,1398884576.0,428.0,110073821.0,70744085.0,39329735.0,58941755.0
Madagascar,30,59144703.0,17141084.0,16436354.0,173322.0,136537.0,2009,4873080.0,34019.0,254.0,2570.0,830.0,43463.0,118.0,83759.0,5023.0,17141084.0,1398884576.0,428.0,110073821.0,70744085.0,39329735.0,68459706.0
Madagascar,30,59144703.0,17141084.0,16436354.0,173322.0,107220.0,2010,4873080.0,23825.0,170.0,2648.0,568.0,40063.0,75.0,56915.0,6351.0,17141084.0,1398884576.0,428.0,110073821.0,70744085.0,39329735.0,51081691.0
Madagascar,30,59144703.0,17141084.0,16436354.0,173322.0,162323.0,2011,4873080.0,54167.0,236.0,4511.0,1214.0,43505.0,92.0,105318.0,6928.0,17141084.0,1398884576.0,428.0,110073821.0,70744085.0,39329735.0,84882411.0
Madagascar,30,59144703.0,17141084.0,16436354.0,173322.0,128468.0,2012,4873080.0,32422.0,128.0,3156.0,684.0,34997.0,66.0,78598.0,10321.0,17141084.0,1398884576.0,428.0,110073821.0,70744085.0,39329735.0,63268487.0
Madagascar,30,59144703.0,17141084.0,16436354.0,173322.0,299350.0,2013,4873080.0,65211.0,245.0,2728.0,1142.0,45587.0,202.0,237668.0,11418.0,17141084.0,1398884576.0,428.0,110073821.0,70744085.0,39329735.0,158721233.0
Madagascar,30,59144703.0,17141084.0,16436354.0,173322.0,416682.0,2014,4873080.0,78698.0,380.0,4402.0,1613.0,76829.0,171.0,288685.0,44023.0,17141084.0,1398884576.0,428.0,110073821.0,70744085.0,39329735.0,202775894.0
Madagascar,30,59144703.0,17141084.0,16436354.0,173322.0,301789.0,2015,4873080.0,57831.0,208.0,4002.0,878.0,53068.0,80.0,228360.0,14837.0,17141084.0,1398884576.0,428.0,110073821.0,70744085.0,39329735.0,156797436.0
Madagascar,30,59144703.0,17141084.0,16436354.0,173322.0,383656.0,2016,4873080.0,74991.0,226.0,5825.0,1028.0,53812.0,134.0,307171.0,15242.0,17141084.0,1398884576.0,428.0,110073821.0,70744085.0,39329735.0,205730401.0
Madagascar,30,59144703.0,17141084.0,16436354.0,173322.0,510356.0,2017,4873080.0,109612.0,438.0,6568.0,1891.0,98049.0,233.0,365121.0,37665.0,17141084.0,1398884576.0,428.0,110073821.0,70744085.0,39329735.0,263131961.0
Madagascar,30,59144703.0,17141084.0,16436354.0,173322.0,366621.0,2018,4873080.0,94785.0,287.0,4915.0,1225.0,66080.0,153.0,271445.0,22293.0,17141084.0,1398884576.0,428.0,110073821.0,70744085.0,39329735.0,190826035.0
Madagascar,30,59144703.0,17141084.0,16436354.0,173322.0,254242.0,2019,4873080.0,54256.0,236.0,4871.0,809.0,52466.0,102.0,167465.0,28120.0,17141084.0,1398884576.0,428.0,110073821.0,70744085.0,39329735.0,126073031.0
Madagascar,30,59144703.0,17141084.0,16436354.0,173322.0,241113.0,2020,4873080.0,57747.0,196.0,4081.0,1111.0,38893.0,100.0,182681.0,13819.0,17141084.0,1398884576.0,428.0,110073821.0,70744085.0,39329735.0,128027746.0
Madagascar,30,59144703.0,17141084.0,16436354.0,173322.0,234879.0,2021,4873080.0,43744.0,270.0,3980.0,1198.0,47550.0,102.0,161262.0,20261.0,17141084.0,1398884576.0,428.0,110073821.0,70744085.0,39329735.0,121091730.0
Madagascar,30,59144703.0,17141084.0,16436354.0,173322.0,256378.0,2022,4873080.0,46545.0,310.0,3727.0,935.0,43732.0,106.0,183519.0,23810.0,17141084.0,1398884576.0,428.0,110073821.0,70744085.0,39329735.0,134198020.0
Madagascar,30,59144703.0,17141084.0,16436354.0,173322.0,303191.0,2023,4873080.0,79808.0,310.0,3618.0,1241.0,54042.0,89.0,216260.0,27467.0,17141084.0,1398884576.0,428.0,110073821.0,70744085.0,39329735.0,159169608.0
Madagascar,30,59144703.0,17141084.0,16436354.0,173322.0,231218.0,2024,4873080.0,55929.0,183.0,1975.0,1539.0,38994.0,182.0,162107.0,25990.0,17141084.0,1398884576.0,428.0,110073821.0,70744085.0,39329735.0,119786171.0
Malawi,30,11792701.0,1521029.0,1471557.0,41701.0,2491.0,2001,0.0,0.0,1.0,132.0,13.0,1975.0,13.0,252.0,13.0,1521029.0,93842120.0,386.0,4731227.0,5207672.0,-476444.0,987278.0
Malawi,30,11792701.0,1521029.0,1471557.0,41701.0,4196.0,2002,5368.0,2.0,0.0,504.0,4.0,3159.0,13.0,460.0,9.0,1521029.0,93842120.0,386.0,4731227.0,5207672.0,-476444.0,1732578.0
Malawi,30,11792701.0,1521029.0,1471557.0,41701.0,7094.0,2003,5368.0,9.0,1.0,524.0,6.0,5556.0,23.0,849.0,66.0,1521029.0,93842120.0,386.0,4731227.0,5207672.0,-476444.0,2876275.0
Malawi,30,11792701.0,1521029.0,1471557.0,41701.0,5724.0,2004,5368.0,6.0,2.0,805.0,24.0,3964.0,22.0,809.0,41.0,1521029.0,93842120.0,386.0,4731227.0,5207672.0,-476444.0,2228883.0
Malawi,30,11792701.0,1521029.0,1471557.0,41701.0,9458.0,2005,5368.0,5.0,2.0,706.0,29.0,7583.0,36.0,871.0,103.0,1521029.0,93842120.0,386.0,4731227.0,5207672.0,-476444.0,3407706.0
Malawi,30,11792701.0,1521029.0,1471557.0,41701.0,5550.0,2006,5368.0,16.0,3.0,800.0,10.0,4232.0,19.0,423.0,19.0,1521029.0,93842120.0,386.0,4731227.0,5207672.0,-476444.0,2401126.0
Malawi,30,11792701.0,1521029.0,1471557.0,41701.0,7494.0,2007,5368.0,9.0,5.0,1239.0,3.0,5402.0,32.0,751.0,12.0,1521029.0,93842120.0,386.0,4731227.0,5207672.0,-476444.0,3119258.0
Malawi,30,11792701.0,1521029.0,1471557.0,41701.0,9729.0,2008,5368.0,4.0,26.0,1416.0,5.0,7384.0,56.0,768.0,14.0,1521029.0,93842120.0,386.0,4731227.0,5207672.0,-476444.0,4006806.0
Malawi,30,11792701.0,1521029.0,1471557.0,41701.0,4035.0,2009,5368.0,12.0,17.0,391.0,5.0,3016.0,28.0,527.0,10.0,1521029.0,93842120.0,386.0,4731227.0,5207672.0,-476444.0,1572100.0
Malawi,30,11792701.0,1521029.0,1471557.0,41701.0,3991.0,2010,5368.0,5.0,4.0,407.0,3.0,3174.0,20.0,321.0,19.0,1521029.0,93842120.0,386.0,4731227.0,5207672.0,-476444.0,1574266.0
Malawi,30,11792701.0,1521029.0,1471557.0,41701.0,8269.0,2011,5368.0,2.0,6.0,1671.0,3.0,5984.0,24.0,501.0,19.0,1521029.0,93842120.0,386.0,4731227.0,5207672.0,-476444.0,3750413.0
Malawi,30,11792701.0,1521029.0,1471557.0,41701.0,12174.0,2012,5368.0,16.0,3.0,2333.0,18.0,8495.0,27.0,1193.0,45.0,1521029.0,93842120.0,386.0,4731227.0,5207672.0,-476444.0,5891544.0
Malawi,30,11792701.0,1521029.0,1471557.0,41701.0,10562.0,2013,5368.0,18.0,19.0,1486.0,24.0,5841.0,18.0,2899.0,156.0,1521029.0,93842120.0,386.0,4731227.0,5207672.0,-476444.0,4546900.0
Malawi,30,11792701.0,1521029.0,1471557.0,41701.0,18594.0,2014,5368.0,17.0,34.0,2850.0,27.0,10939.0,16.0,4583.0,64.0,1521029.0,93842120.0,386.0,4731227.0,5207672.0,-476444.0,8545840.0
Malawi,30,11792701.0,1521029.0,1471557.0,41701.0,10793.0,2015,5368.0,21.0,13.0,1924.0,30.0,5711.0,18.0,3038.0,18.0,1521029.0,93842120.0,386.0,4731227.0,5207672.0,-476444.0,4845198.0
Malawi,30,11792701.0,1521029.0,1471557.0,41701.0,13530.0,2016,5368.0,22.0,13.0,2054.0,17.0,7636.0,23.0,3640.0,122.0,1521029.0,93842120.0,386.0,4731227.0,5207672.0,-476444.0,5823048.0
Malawi,30,11792701.0,1521029.0,1471557.0,41701.0,15352.0,2017,5368.0,28.0,51.0,1933.0,9.0,9254.0,18.0,3920.0,134.0,1521029.0,93842120.0,386.0,4731227.0,5207672.0,-476444.0,6499458.0
Malawi,30,11792701.0,1521029.0,1471557.0,41701.0,15519.0,2018,5368.0,28.0,10.0,1833.0,9.0,7952.0,17.0,5515.0,160.0,1521029.0,93842120.0,386.0,4731227.0,5207672.0,-476444.0,6459129.0
Malawi,30,11792701.0,1521029.0,1471557.0,41701.0,12148.0,2019,5368.0,43.0,21.0,1419.0,9.0,6879.0,25.0,3663.0,122.0,1521029.0,93842120.0,386.0,4731227.0,5207672.0,-476444.0,5247945.0
Malawi,30,11792701.0,1521029.0,1471557.0,41701.0,16069.0,2020,5368.0,146.0,38.0,1449.0,2.0,9770.0,14.0,4581.0,199.0,1521029.0,93842120.0,386.0,4731227.0,5207672.0,-476444.0,6867151.0
Malawi,30,11792701.0,1521029.0,1471557.0,41701.0,16582.0,2021,5368.0,52.0,47.0,1246.0,14.0,10117.0,32.0,4829.0,282.0,1521029.0,93842120.0,386.0,4731227.0,5207672.0,-476444.0,7023755.0
Malawi,30,11792701.0,1521029.0,1471557.0,41701.0,14884.0,2022,5368.0,93.0,36.0,1101.0,17.0,9697.0,12.0,3830.0,176.0,1521029.0,93842120.0,386.0,4731227.0,5207672.0,-476444.0,6557537.0
Malawi,30,11792701.0,1521029.0,1471557.0,41701.0,22979.0,2023,5368.0,509.0,446.0,1119.0,416.0,15562.0,62.0,5126.0,236.0,1521029.0,93842120.0,386.0,4731227.0,5207672.0,-476444.0,10405554.0
Malawi,30,11792701.0,1521029.0,1471557.0,41701.0,17093.0,2024,5368.0,60.0,21.0,712.0,14.0,11260.0,8.0,4718.0,342.0,1521029.0,93842120.0,386.0,4731227.0,5207672.0,-476444.0,7179722.0
Malaysia,30,32957849.0,29444768.0,28646288.0,1007198.0,332806.0,2001,0.0,0.0,2242.0,49884.0,368.0,267004.0,5756.0,6225.0,964.0,29444768.0,3677978014.0,640.0,229516808.0,104137106.0,125379701.0,134301303.0
Malaysia,30,32957849.0,29444768.0,28646288.0,1007198.0,312841.0,2002,15950084.0,61830.0,2128.0,36866.0,510.0,259852.0,6348.0,6073.0,803.0,29444768.0,3677978014.0,640.0,229516808.0,104137106.0,125379701.0,146138914.0
Malaysia,30,32957849.0,29444768.0,28646288.0,1007198.0,184057.0,2003,15950084.0,60417.0,1513.0,34998.0,235.0,138031.0,3893.0,4443.0,790.0,29444768.0,3677978014.0,640.0,229516808.0,104137106.0,125379701.0,109331191.0
Malaysia,30,32957849.0,29444768.0,28646288.0,1007198.0,352004.0,2004,15950084.0,113430.0,2741.0,66820.0,304.0,264879.0,8908.0,6446.0,1667.0,29444768.0,3677978014.0,640.0,229516808.0,104137106.0,125379701.0,201909648.0
Malaysia,30,32957849.0,29444768.0,28646288.0,1007198.0,375758.0,2005,15950084.0,114500.0,2581.0,54901.0,631.0,301840.0,6840.0,6447.0,2274.0,29444768.0,3677978014.0,640.0,229516808.0,104137106.0,125379701.0,229055659.0
Malaysia,30,32957849.0,29444768.0,28646288.0,1007198.0,334527.0,2006,15950084.0,113091.0,3588.0,57025.0,459.0,259573.0,6725.0,5823.0,1112.0,29444768.0,3677978014.0,640.0,229516808.0,104137106.0,125379701.0,210168279.0
Malaysia,30,32957849.0,29444768.0,28646288.0,1007198.0,405691.0,2007,15950084.0,142090.0,3939.0,80691.0,544.0,304834.0,7350.0,6557.0,1541.0,29444768.0,3677978014.0,640.0,229516808.0,104137106.0,125379701.0,272669094.0
Malaysia,30,32957849.0,29444768.0,28646288.0,1007198.0,368259.0,2008,15950084.0,139261.0,3265.0,73625.0,451.0,278113.0,5286.0,6660.0,640.0,29444768.0,3677978014.0,640.0,229516808.0,104137106.0,125379701.0,249523251.0
Malaysia,30,32957849.0,29444768.0,28646288.0,1007198.0,623092.0,2009,15950084.0,235849.0,5414.0,97086.0,1156.0,498021.0,9702.0,8558.0,2869.0,29444768.0,3677978014.0,640.0,229516808.0,104137106.0,125379701.0,454938197.0
Malaysia,30,32957849.0,29444768.0,28646288.0,1007198.0,430949.0,2010,15950084.0,139654.0,4731.0,59684.0,697.0,350465.0,7934.0,5672.0,1467.0,29444768.0,3677978014.0,640.0,229516808.0,104137106.0,125379701.0,269788109.0
Malaysia,30,32957849.0,29444768.0,28646288.0,1007198.0,463150.0,2011,15950084.0,161194.0,27055.0,56309.0,940.0,366157.0,5971.0,5171.0,1276.0,29444768.0,3677978014.0,640.0,229516808.0,104137106.0,125379701.0,309732224.0
Malaysia,30,32957849.0,29444768.0,28646288.0,1007198.0,628383.0,2012,15950084.0,244316.0,20837.0,110768.0,1861.0,475185.0,8440.0,7441.0,3130.0,29444768.0,3677978014.0,640.0,229516808.0,104137106.0,125379701.0,420433503.0
Malaysia,30,32957849.0,29444768.0,28646288.0,1007198.0,333362.0,2013,15950084.0,106043.0,6049.0,50006.0,793.0,265939.0,3507.0,5069.0,1851.0,29444768.0,3677978014.0,640.0,229516808.0,104137106.0,125379701.0,196802651.0
Malaysia,30,32957849.0,29444768.0,28646288.0,1007198.0,646027.0,2014,15950084.0,230442.0,25573.0,132113.0,2919.0,451046.0,10997.0,12899.0,10129.0,29444768.0,3677978014.0,640.0,229516808.0,104137106.0,125379701.0,381476839.0
Malaysia,30,32957849.0,29444768.0,28646288.0,1007198.0,454490.0,2015,15950084.0,154364.0,6745.0,108700.0,3766.0,312206.0,6689.0,10478.0,5444.0,29444768.0,3677978014.0,640.0,229516808.0,104137106.0,125379701.0,259971042.0
Malaysia,30,32957849.0,29444768.0,28646288.0,1007198.0,565553.0,2016,15950084.0,185232.0,9193.0,136933.0,3094.0,377952.0,9865.0,13071.0,15204.0,29444768.0,3677978014.0,640.0,229516808.0,104137106.0,125379701.0,318033536.0
Malaysia,30,32957849.0,29444768.0,28646288.0,1007198.0,483499.0,2017,15950084.0,162423.0,6170.0,125472.0,2177.0,324419.0,8503.0,10201.0,6172.0,29444768.0,3677978014.0,640.0,229516808.0,104137106.0,125379701.0,255983919.0
Malaysia,30,32957849.0,29444768.0,28646288.0,1007198.0,438009.0,2018,15950084.0,144571.0,6261.0,121135.0,1238.0,291041.0,6413.0,8437.0,3378.0,29444768.0,3677978014.0,640.0,229516808.0,104137106.0,125379701.0,223530772.0
Malaysia,30,32957849.0,29444768.0,28646288.0,1007198.0,395404.0,2019,15950084.0,120185.0,4328.0,104022.0,926.0,268534.0,6584.0,7367.0,3569.0,29444768.0,3677978014.0,640.0,229516808.0,104137106.0,125379701.0,197318258.0
Malaysia,30,32957849.0,29444768.0,28646288.0,1007198.0,268776.0,2020,15950084.0,72977.0,3673.0,58533.0,914.0,193194.0,4220.0,6173.0,1977.0,29444768.0,3677978014.0,640.0,229516808.0,104137106.0,125379701.0,130144265.0
Malaysia,30,32957849.0,29444768.0,28646288.0,1007198.0,277598.0,2021,15950084.0,72235.0,4960.0,55349.0,1024.0,201875.0,4953.0,8198.0,1132.0,29444768.0,3677978014.0,640.0,229516808.0,104137106.0,125379701.0,134722963.0
Malaysia,30,32957849.0,29444768.0,28646288.0,1007198.0,248127.0,2022,15950084.0,71927.0,4254.0,59956.0,1252.0,170915.0,3436.0,7133.0,1029.0,29444768.0,3677978014.0,640.0,229516808.0,104137106.0,125379701.0,120851390.0
Malaysia,30,32957849.0,29444768.0,28646288.0,1007198.0,308655.0,2023,15950084.0,79279.0,6943.0,67826.0,1300.0,218108.0,4868.0,7717.0,1819.0,29444768.0,3677978014.0,640.0,229516808.0,104137106.0,125379701.0,146319689.0
Malaysia,30,32957849.0,29444768.0,28646288.0,1007198.0,282533.0,2024,15950084.0,68850.0,6198.0,60804.0,1821.0,196314.0,4930.0,8111.0,4250.0,29444768.0,3677978014.0,640.0,229516808.0,104137106.0,125379701.0,135258682.0
Mali,30,125119431.0,25098.0,49161.0,203581.0,348.0,2001,0.0,0.0,0.0,0.0,0.0,333.0,0.0,0.0,0.0,25098.0,1417822.0,163.0,105515.0,902062.0,-796547.0,171865.0
Mali,30,125119431.0,25098.0,49161.0,203581.0,175.0,2002,0.0,0.0,0.0,0.0,0.0,160.0,0.0,0.0,0.0,25098.0,1417822.0,163.0,105515.0,902062.0,-796547.0,70820.0
Mali,30,125119431.0,25098.0,49161.0,203581.0,34.0,2003,0.0,0.0,0.0,0.0,0.0,31.0,0.0,0.0,0.0,25098.0,1417822.0,163.0,105515.0,902062.0,-796547.0,12814.0
Mali,30,125119431.0,25098.0,49161.0,203581.0,154.0,2004,0.0,0.0,0.0,0.0,0.0,146.0,0.0,0.0,0.0,25098.0,1417822.0,163.0,105515.0,902062.0,-796547.0,60041.0
Mali,30,125119431.0,25098.0,49161.0,203581.0,83.0,2005,0.0,0.0,0.0,0.0,0.0,81.0,0.0,0.0,0.0,25098.0,1417822.0,163.0,105515.0,902062.0,-796547.0,30040.0
Mali,30,125119431.0,25098.0,49161.0,203581.0,103.0,2006,0.0,0.0,0.0,0.0,0.0,101.0,0.0,0.0,0.0,25098.0,1417822.0,163.0,105515.0,902062.0,-796547.0,36461.0
Mali,30,125119431.0,25098.0,49161.0,203581.0,126.0,2007,0.0,0.0,0.0,0.0,0.0,122.0,0.0,0.0,0.0,25098.0,1417822.0,163.0,105515.0,902062.0,-796547.0,43609.0
Mali,30,125119431.0,25098.0,49161.0,203581.0,106.0,2008,0.0,0.0,0.0,0.0,0.0,102.0,0.0,0.0,0.0,25098.0,1417822.0,163.0,105515.0,902062.0,-796547.0,38007.0
Mali,30,125119431.0,25098.0,49161.0,203581.0,158.0,2009,0.0,0.0,0.0,0.0,0.0,155.0,0.0,0.0,0.0,25098.0,1417822.0,163.0,105515.0,902062.0,-796547.0,52593.0
Mali,30,125119431.0,25098.0,49161.0,203581.0,53.0,2010,0.0,0.0,0.0,0.0,0.0,52.0,0.0,0.0,0.0,25098.0,1417822.0,163.0,105515.0,902062.0,-796547.0,19558.0
Mali,30,125119431.0,25098.0,49161.0,203581.0,166.0,2011,0.0,0.0,0.0,0.0,0.0,163.0,0.0,0.0,0.0,25098.0,1417822.0,163.0,105515.0,902062.0,-796547.0,55777.0
Mali,30,125119431.0,25098.0,49161.0,203581.0,79.0,2012,0.0,0.0,0.0,0.0,0.0,78.0,0.0,0.0,0.0,25098.0,1417822.0,163.0,105515.0,902062.0,-796547.0,28560.0
Mali,30,125119431.0,25098.0,49161.0,203581.0,410.0,2013,0.0,0.0,0.0,0.0,0.0,408.0,0.0,0.0,0.0,25098.0,1417822.0,163.0,105515.0,902062.0,-796547.0,141938.0
Mali,30,125119431.0,25098.0,49161.0,203581.0,270.0,2014,0.0,0.0,0.0,0.0,0.0,269.0,0.0,0.0,0.0,25098.0,1417822.0,163.0,105515.0,902062.0,-796547.0,98251.0
Mali,30,125119431.0,25098.0,49161.0,203581.0,204.0,2015,0.0,0.0,0.0,0.0,0.0,204.0,0.0,0.0,0.0,25098.0,1417822.0,163.0,105515.0,902062.0,-796547.0,74073.0
Mali,30,125119431.0,25098.0,49161.0,203581.0,205.0,2016,0.0,0.0,0.0,0.0,0.0,204.0,0.0,0.0,0.0,25098.0,1417822.0,163.0,105515.0,902062.0,-796547.0,73938.0
Mali,30,125119431.0,25098.0,49161.0,203581.0,332.0,2017,0.0,0.0,0.0,0.0,0.0,331.0,0.0,0.0,0.0,25098.0,1417822.0,163.0,105515.0,902062.0,-796547.0,122185.0
Mali,30,125119431.0,25098.0,49161.0,203581.0,299.0,2018,0.0,0.0,0.0,0.0,0.0,297.0,0.0,0.0,0.0,25098.0,1417822.0,163.0,105515.0,902062.0,-796547.0,101061.0
Mali,30,125119431.0,25098.0,49161.0,203581.0,211.0,2019,0.0,0.0,0.0,0.0,0.0,210.0,0.0,0.0,0.0,25098.0,1417822.0,163.0,105515.0,902062.0,-796547.0,69142.0
Mali,30,125119431.0,25098.0,49161.0,203581.0,149.0,2020,0.0,0.0,2.0,0.0,0.0,146.0,0.0,0.0,0.0,25098.0,1417822.0,163.0,105515.0,902062.0,-796547.0,57474.0
Mali,30,125119431.0,25098.0,49161.0,203581.0,130.0,2021,0.0,0.0,6.0,0.0,0.0,124.0,0.0,0.0,0.0,25098.0,1417822.0,163.0,105515.0,902062.0,-796547.0,166941.0
Mali,30,125119431.0,25098.0,49161.0,203581.0,159.0,2022,0.0,0.0,7.0,0.0,0.0,152.0,0.0,0.0,0.0,25098.0,1417822.0,163.0,105515.0,902062.0,-796547.0,241144.0
Mali,30,125119431.0,25098.0,49161.0,203581.0,316.0,2023,0.0,0.0,12.0,0.0,0.0,302.0,0.0,0.0,0.0,25098.0,1417822.0,163.0,105515.0,902062.0,-796547.0,392434.0
Mali,30,125119431.0,25098.0,49161.0,203581.0,237.0,2024,0.0,0.0,4.0,0.0,0.0,232.0,0.0,0.0,0.0,25098.0,1417822.0,163.0,105515.0,902062.0,-796547.0,373640.0
Malta,30,32336.0,117.0,116.0,11.0,1.0,2001,0.0,0.0,0.0,0.0,0.0,0.0,0.0,0.0,0.0,117.0,5597.0,48.0,129.0,280.0,-151.0,303.0
Malta,30,32336.0,117.0,116.0,11.0,2.0,2002,0.0,0.0,0.0,0.0,0.0,0.0,0.0,0.0,0.0,117.0,5597.0,48.0,129.0,280.0,-151.0,411.0
Malta,30,32336.0,117.0,116.0,11.0,0.0,2003,0.0,0.0,0.0,0.0,0.0,0.0,0.0,0.0,0.0,117.0,5597.0,48.0,129.0,280.0,-151.0,0.0
Malta,30,32336.0,117.0,116.0,11.0,3.0,2004,0.0,0.0,0.0,0.0,0.0,0.0,0.0,0.0,0.0,117.0,5597.0,48.0,129.0,280.0,-151.0,654.0
Malta,30,32336.0,117.0,116.0,11.0,0.0,2005,0.0,0.0,0.0,0.0,0.0,0.0,0.0,0.0,0.0,117.0,5597.0,48.0,129.0,280.0,-151.0,77.0
Malta,30,32336.0,117.0,116.0,11.0,1.0,2006,0.0,0.0,0.0,0.0,0.0,0.0,0.0,0.0,0.0,117.0,5597.0,48.0,129.0,280.0,-151.0,162.0
Malta,30,32336.0,117.0,116.0,11.0,1.0,2007,0.0,0.0,0.0,0.0,0.0,0.0,0.0,0.0,0.0,117.0,5597.0,48.0,129.0,280.0,-151.0,224.0
Malta,30,32336.0,117.0,116.0,11.0,1.0,2008,0.0,0.0,0.0,0.0,0.0,0.0,0.0,0.0,0.0,117.0,5597.0,48.0,129.0,280.0,-151.0,208.0
Malta,30,32336.0,117.0,116.0,11.0,2.0,2009,0.0,0.0,0.0,0.0,0.0,0.0,0.0,0.0,0.0,117.0,5597.0,48.0,129.0,280.0,-151.0,404.0
Malta,30,32336.0,117.0,116.0,11.0,1.0,2010,0.0,0.0,0.0,0.0,0.0,0.0,0.0,0.0,0.0,117.0,5597.0,48.0,129.0,280.0,-151.0,142.0
Malta,30,32336.0,117.0,116.0,11.0,1.0,2011,0.0,0.0,0.0,0.0,0.0,0.0,0.0,0.0,0.0,117.0,5597.0,48.0,129.0,280.0,-151.0,331.0
Malta,30,32336.0,117.0,116.0,11.0,0.0,2012,0.0,0.0,0.0,0.0,0.0,0.0,0.0,0.0,0.0,117.0,5597.0,48.0,129.0,280.0,-151.0,72.0
Malta,30,32336.0,117.0,116.0,11.0,0.0,2013,0.0,0.0,0.0,0.0,0.0,0.0,0.0,0.0,0.0,117.0,5597.0,48.0,129.0,280.0,-151.0,75.0
Malta,30,32336.0,117.0,116.0,11.0,0.0,2014,0.0,0.0,0.0,0.0,0.0,0.0,0.0,0.0,0.0,117.0,5597.0,48.0,129.0,280.0,-151.0,0.0
Malta,30,32336.0,117.0,116.0,11.0,0.0,2015,0.0,0.0,0.0,0.0,0.0,0.0,0.0,0.0,0.0,117.0,5597.0,48.0,129.0,280.0,-151.0,0.0
Malta,30,32336.0,117.0,116.0,11.0,0.0,2016,0.0,0.0,0.0,0.0,0.0,0.0,0.0,0.0,0.0,117.0,5597.0,48.0,129.0,280.0,-151.0,0.0
Malta,30,32336.0,117.0,116.0,11.0,0.0,2017,0.0,0.0,0.0,0.0,0.0,0.0,0.0,0.0,0.0,117.0,5597.0,48.0,129.0,280.0,-151.0,34.0
Malta,30,32336.0,117.0,116.0,11.0,0.0,2018,0.0,0.0,0.0,0.0,0.0,0.0,0.0,0.0,0.0,117.0,5597.0,48.0,129.0,280.0,-151.0,0.0
Malta,30,32336.0,117.0,116.0,11.0,0.0,2019,0.0,0.0,0.0,0.0,0.0,0.0,0.0,0.0,0.0,117.0,5597.0,48.0,129.0,280.0,-151.0,0.0
Malta,30,32336.0,117.0,116.0,11.0,0.0,2020,0.0,0.0,0.0,0.0,0.0,0.0,0.0,0.0,0.0,117.0,5597.0,48.0,129.0,280.0,-151.0,0.0
Malta,30,32336.0,117.0,116.0,11.0,0.0,2021,0.0,0.0,0.0,0.0,0.0,0.0,0.0,0.0,0.0,117.0,5597.0,48.0,129.0,280.0,-151.0,0.0
Malta,30,32336.0,117.0,116.0,11.0,0.0,2022,0.0,0.0,0.0,0.0,0.0,0.0,0.0,0.0,0.0,117.0,5597.0,48.0,129.0,280.0,-151.0,0.0
Malta,30,32336.0,117.0,116.0,11.0,0.0,2023,0.0,0.0,0.0,0.0,0.0,0.0,0.0,0.0,0.0,117.0,5597.0,48.0,129.0,280.0,-151.0,0.0
Malta,30,32336.0,117.0,116.0,11.0,0.0,2024,0.0,0.0,0.0,0.0,0.0,0.0,0.0,0.0,0.0,117.0,5597.0,48.0,129.0,280.0,-151.0,0.0
Martinique,30,111788.0,74649.0,77223.0,678.0,193.0,2001,0.0,0.0,0.0,0.0,0.0,166.0,22.0,0.0,0.0,74649.0,7011230.0,279.0,63328.0,304944.0,-241616.0,95613.0
Martinique,30,111788.0,74649.0,77223.0,678.0,49.0,2002,17257.0,2.0,0.0,0.0,0.0,35.0,12.0,0.0,0.0,74649.0,7011230.0,279.0,63328.0,304944.0,-241616.0,24792.0
Martinique,30,111788.0,74649.0,77223.0,678.0,288.0,2003,17257.0,6.0,0.0,0.0,2.0,224.0,55.0,1.0,0.0,74649.0,7011230.0,279.0,63328.0,304944.0,-241616.0,150494.0
Martinique,30,111788.0,74649.0,77223.0,678.0,167.0,2004,17257.0,13.0,0.0,0.0,4.0,127.0,28.0,2.0,0.0,74649.0,7011230.0,279.0,63328.0,304944.0,-241616.0,85949.0
Martinique,30,111788.0,74649.0,77223.0,678.0,204.0,2005,17257.0,7.0,0.0,0.0,2.0,159.0,39.0,0.0,0.0,74649.0,7011230.0,279.0,63328.0,304944.0,-241616.0,101707.0
Martinique,30,111788.0,74649.0,77223.0,678.0,91.0,2006,17257.0,3.0,0.0,0.0,1.0,74.0,13.0,0.0,0.0,74649.0,7011230.0,279.0,63328.0,304944.0,-241616.0,44232.0
Martinique,30,111788.0,74649.0,77223.0,678.0,155.0,2007,17257.0,9.0,0.0,0.0,1.0,125.0,25.0,0.0,0.0,74649.0,7011230.0,279.0,63328.0,304944.0,-241616.0,81168.0
Martinique,30,111788.0,74649.0,77223.0,678.0,279.0,2008,17257.0,18.0,0.0,0.0,6.0,227.0,39.0,1.0,0.0,74649.0,7011230.0,279.0,63328.0,304944.0,-241616.0,140687.0
Martinique,30,111788.0,74649.0,77223.0,678.0,199.0,2009,17257.0,16.0,0.0,0.0,6.0,147.0,39.0,0.0,0.0,74649.0,7011230.0,279.0,63328.0,304944.0,-241616.0,104161.0
Martinique,30,111788.0,74649.0,77223.0,678.0,75.0,2010,17257.0,6.0,0.0,0.0,3.0,61.0,8.0,0.0,0.0,74649.0,7011230.0,279.0,63328.0,304944.0,-241616.0,40558.0
Martinique,30,111788.0,74649.0,77223.0,678.0,153.0,2011,17257.0,11.0,0.0,0.0,7.0,121.0,22.0,0.0,0.0,74649.0,7011230.0,279.0,63328.0,304944.0,-241616.0,80990.0
Martinique,30,111788.0,74649.0,77223.0,678.0,308.0,2012,17257.0,21.0,0.0,0.0,7.0,246.0,43.0,0.0,0.0,74649.0,7011230.0,279.0,63328.0,304944.0,-241616.0,160302.0
Martinique,30,111788.0,74649.0,77223.0,678.0,147.0,2013,17257.0,2.0,0.0,0.0,1.0,134.0,8.0,0.0,0.0,74649.0,7011230.0,279.0,63328.0,304944.0,-241616.0,61824.0
Martinique,30,111788.0,74649.0,77223.0,678.0,157.0,2014,17257.0,0.0,0.0,0.0,0.0,134.0,20.0,0.0,0.0,74649.0,7011230.0,279.0,63328.0,304944.0,-241616.0,66129.0
Martinique,30,111788.0,74649.0,77223.0,678.0,32.0,2015,17257.0,0.0,0.0,0.0,0.0,30.0,1.0,0.0,0.0,74649.0,7011230.0,279.0,63328.0,304944.0,-241616.0,14489.0
Martinique,30,111788.0,74649.0,77223.0,678.0,26.0,2016,17257.0,1.0,0.0,0.0,0.0,23.0,2.0,0.0,0.0,74649.0,7011230.0,279.0,63328.0,304944.0,-241616.0,12012.0
Martinique,30,111788.0,74649.0,77223.0,678.0,116.0,2017,17257.0,5.0,0.0,0.0,0.0,114.0,0.0,0.0,0.0,74649.0,7011230.0,279.0,63328.0,304944.0,-241616.0,52696.0
Martinique,30,111788.0,74649.0,77223.0,678.0,51.0,2018,17257.0,2.0,0.0,0.0,1.0,43.0,5.0,0.0,0.0,74649.0,7011230.0,279.0,63328.0,304944.0,-241616.0,24600.0
Martinique,30,111788.0,74649.0,77223.0,678.0,61.0,2019,17257.0,1.0,0.0,0.0,1.0,53.0,4.0,0.0,0.0,74649.0,7011230.0,279.0,63328.0,304944.0,-241616.0,28380.0
Martinique,30,111788.0,74649.0,77223.0,678.0,66.0,2020,17257.0,3.0,0.0,0.0,0.0,56.0,7.0,0.0,0.0,74649.0,7011230.0,279.0,63328.0,304944.0,-241616.0,33447.0
Martinique,30,111788.0,74649.0,77223.0,678.0,43.0,2021,17257.0,2.0,0.0,0.0,0.0,41.0,1.0,0.0,0.0,74649.0,7011230.0,279.0,63328.0,304944.0,-241616.0,21617.0
Martinique,30,111788.0,74649.0,77223.0,678.0,32.0,2022,17257.0,1.0,0.0,0.0,1.0,28.0,2.0,0.0,0.0,74649.0,7011230.0,279.0,63328.0,304944.0,-241616.0,16269.0
Martinique,30,111788.0,74649.0,77223.0,678.0,106.0,2023,17257.0,3.0,0.0,0.0,0.0,104.0,1.0,0.0,0.0,74649.0,7011230.0,279.0,63328.0,304944.0,-241616.0,49934.0
Martinique,30,111788.0,74649.0,77223.0,678.0,57.0,2024,17257.0,0.0,0.0,0.0,0.0,54.0,2.0,0.0,0.0,74649.0,7011230.0,279.0,63328.0,304944.0,-241616.0,27816.0
Mauritania,30,104116934.0,33.0,1.0,711.0,32.0,2001,0.0,0.0,0.0,0.0,0.0,30.0,0.0,0.0,0.0,33.0,1703.0,51.0,783.0,1438.0,-654.0,8688.0
Mauritania,30,104116934.0,33.0,1.0,711.0,0.0,2002,0.0,0.0,0.0,0.0,0.0,0.0,0.0,0.0,0.0,33.0,1703.0,51.0,783.0,1438.0,-654.0,0.0
Mauritania,30,104116934.0,33.0,1.0,711.0,1.0,2003,0.0,0.0,0.0,0.0,1.0,0.0,0.0,0.0,0.0,33.0,1703.0,51.0,783.0,1438.0,-654.0,194.0
Mauritania,30,104116934.0,33.0,1.0,711.0,0.0,2004,0.0,0.0,0.0,0.0,0.0,0.0,0.0,0.0,0.0,33.0,1703.0,51.0,783.0,1438.0,-654.0,13.0
Mauritania,30,104116934.0,33.0,1.0,711.0,0.0,2005,0.0,0.0,0.0,0.0,0.0,0.0,0.0,0.0,0.0,33.0,1703.0,51.0,783.0,1438.0,-654.0,13.0
Mauritania,30,104116934.0,33.0,1.0,711.0,0.0,2006,0.0,0.0,0.0,0.0,0.0,0.0,0.0,0.0,0.0,33.0,1703.0,51.0,783.0,1438.0,-654.0,0.0
Mauritania,30,104116934.0,33.0,1.0,711.0,0.0,2007,0.0,0.0,0.0,0.0,0.0,0.0,0.0,0.0,0.0,33.0,1703.0,51.0,783.0,1438.0,-654.0,0.0
Mauritania,30,104116934.0,33.0,1.0,711.0,0.0,2008,0.0,0.0,0.0,0.0,0.0,0.0,0.0,0.0,0.0,33.0,1703.0,51.0,783.0,1438.0,-654.0,0.0
Mauritania,30,104116934.0,33.0,1.0,711.0,0.0,2009,0.0,0.0,0.0,0.0,0.0,0.0,0.0,0.0,0.0,33.0,1703.0,51.0,783.0,1438.0,-654.0,0.0
Mauritania,30,104116934.0,33.0,1.0,711.0,0.0,2010,0.0,0.0,0.0,0.0,0.0,0.0,0.0,0.0,0.0,33.0,1703.0,51.0,783.0,1438.0,-654.0,0.0
Mauritania,30,104116934.0,33.0,1.0,711.0,0.0,2011,0.0,0.0,0.0,0.0,0.0,0.0,0.0,0.0,0.0,33.0,1703.0,51.0,783.0,1438.0,-654.0,0.0
Mauritania,30,104116934.0,33.0,1.0,711.0,0.0,2012,0.0,0.0,0.0,0.0,0.0,0.0,0.0,0.0,0.0,33.0,1703.0,51.0,783.0,1438.0,-654.0,3.0
Mauritania,30,104116934.0,33.0,1.0,711.0,0.0,2013,0.0,0.0,0.0,0.0,0.0,0.0,0.0,0.0,0.0,33.0,1703.0,51.0,783.0,1438.0,-654.0,93.0
Mauritania,30,104116934.0,33.0,1.0,711.0,0.0,2014,0.0,0.0,0.0,0.0,0.0,0.0,0.0,0.0,0.0,33.0,1703.0,51.0,783.0,1438.0,-654.0,0.0
Mauritania,30,104116934.0,33.0,1.0,711.0,0.0,2015,0.0,0.0,0.0,0.0,0.0,0.0,0.0,0.0,0.0,33.0,1703.0,51.0,783.0,1438.0,-654.0,0.0
Mauritania,30,104116934.0,33.0,1.0,711.0,0.0,2016,0.0,0.0,0.0,0.0,0.0,0.0,0.0,0.0,0.0,33.0,1703.0,51.0,783.0,1438.0,-654.0,0.0
Mauritania,30,104116934.0,33.0,1.0,711.0,0.0,2017,0.0,0.0,0.0,0.0,0.0,0.0,0.0,0.0,0.0,33.0,1703.0,51.0,783.0,1438.0,-654.0,0.0
Mauritania,30,104116934.0,33.0,1.0,711.0,0.0,2018,0.0,0.0,0.0,0.0,0.0,0.0,0.0,0.0,0.0,33.0,1703.0,51.0,783.0,1438.0,-654.0,290.0
Mauritania,30,104116934.0,33.0,1.0,711.0,0.0,2019,0.0,0.0,0.0,0.0,0.0,0.0,0.0,0.0,0.0,33.0,1703.0,51.0,783.0,1438.0,-654.0,96.0
Mauritania,30,104116934.0,33.0,1.0,711.0,0.0,2020,0.0,0.0,0.0,0.0,0.0,0.0,0.0,0.0,0.0,33.0,1703.0,51.0,783.0,1438.0,-654.0,464.0
Mauritania,30,104116934.0,33.0,1.0,711.0,0.0,2021,0.0,0.0,0.0,0.0,0.0,0.0,0.0,0.0,0.0,33.0,1703.0,51.0,783.0,1438.0,-654.0,2006.0
Mauritania,30,104116934.0,33.0,1.0,711.0,0.0,2022,0.0,0.0,0.0,0.0,0.0,0.0,0.0,0.0,0.0,33.0,1703.0,51.0,783.0,1438.0,-654.0,2250.0
Mauritania,30,104116934.0,33.0,1.0,711.0,0.0,2023,0.0,0.0,0.0,0.0,0.0,0.0,0.0,0.0,0.0,33.0,1703.0,51.0,783.0,1438.0,-654.0,2992.0
Mauritania,30,104116934.0,33.0,1.0,711.0,0.0,2024,0.0,0.0,0.0,0.0,0.0,0.0,0.0,0.0,0.0,33.0,1703.0,51.0,783.0,1438.0,-654.0,1694.0
Micronesia,30,10267.0,6171.0,6206.0,0.0,0.0,2001,0.0,0.0,0.0,0.0,0.0,0.0,0.0,0.0,0.0,6171.0,749354.0,243.0,2219.0,54941.0,-52723.0,0.0
Micronesia,30,10267.0,6171.0,6206.0,0.0,0.0,2002,0.0,0.0,0.0,0.0,0.0,0.0,0.0,0.0,0.0,6171.0,749354.0,243.0,2219.0,54941.0,-52723.0,0.0
Micronesia,30,10267.0,6171.0,6206.0,0.0,0.0,2003,0.0,0.0,0.0,0.0,0.0,0.0,0.0,0.0,0.0,6171.0,749354.0,243.0,2219.0,54941.0,-52723.0,0.0
Micronesia,30,10267.0,6171.0,6206.0,0.0,0.0,2004,0.0,0.0,0.0,0.0,0.0,0.0,0.0,0.0,0.0,6171.0,749354.0,243.0,2219.0,54941.0,-52723.0,0.0
Micronesia,30,10267.0,6171.0,6206.0,0.0,0.0,2005,0.0,0.0,0.0,0.0,0.0,0.0,0.0,0.0,0.0,6171.0,749354.0,243.0,2219.0,54941.0,-52723.0,0.0
Micronesia,30,10267.0,6171.0,6206.0,0.0,0.0,2006,0.0,0.0,0.0,0.0,0.0,0.0,0.0,0.0,0.0,6171.0,749354.0,243.0,2219.0,54941.0,-52723.0,0.0
Micronesia,30,10267.0,6171.0,6206.0,0.0,0.0,2007,0.0,0.0,0.0,0.0,0.0,0.0,0.0,0.0,0.0,6171.0,749354.0,243.0,2219.0,54941.0,-52723.0,0.0
Micronesia,30,10267.0,6171.0,6206.0,0.0,0.0,2008,0.0,0.0,0.0,0.0,0.0,0.0,0.0,0.0,0.0,6171.0,749354.0,243.0,2219.0,54941.0,-52723.0,0.0
Micronesia,30,10267.0,6171.0,6206.0,0.0,0.0,2009,0.0,0.0,0.0,0.0,0.0,0.0,0.0,0.0,0.0,6171.0,749354.0,243.0,2219.0,54941.0,-52723.0,0.0
Micronesia,30,10267.0,6171.0,6206.0,0.0,76.0,2010,0.0,0.0,0.0,0.0,68.0,0.0,0.0,0.0,0.0,6171.0,749354.0,243.0,2219.0,54941.0,-52723.0,53246.0
Micronesia,30,10267.0,6171.0,6206.0,0.0,0.0,2011,0.0,0.0,0.0,0.0,0.0,0.0,0.0,0.0,0.0,6171.0,749354.0,243.0,2219.0,54941.0,-52723.0,0.0
Micronesia,30,10267.0,6171.0,6206.0,0.0,0.0,2012,0.0,0.0,0.0,0.0,0.0,0.0,0.0,0.0,0.0,6171.0,749354.0,243.0,2219.0,54941.0,-52723.0,0.0
Micronesia,30,10267.0,6171.0,6206.0,0.0,0.0,2013,0.0,0.0,0.0,0.0,0.0,0.0,0.0,0.0,0.0,6171.0,749354.0,243.0,2219.0,54941.0,-52723.0,0.0
Micronesia,30,10267.0,6171.0,6206.0,0.0,0.0,2014,0.0,0.0,0.0,0.0,0.0,0.0,0.0,0.0,0.0,6171.0,749354.0,243.0,2219.0,54941.0,-52723.0,0.0
Micronesia,30,10267.0,6171.0,6206.0,0.0,0.0,2015,0.0,0.0,0.0,0.0,0.0,0.0,0.0,0.0,0.0,6171.0,749354.0,243.0,2219.0,54941.0,-52723.0,0.0
Micronesia,30,10267.0,6171.0,6206.0,0.0,0.0,2016,0.0,0.0,0.0,0.0,0.0,0.0,0.0,0.0,0.0,6171.0,749354.0,243.0,2219.0,54941.0,-52723.0,0.0
Micronesia,30,10267.0,6171.0,6206.0,0.0,0.0,2017,0.0,0.0,0.0,0.0,0.0,0.0,0.0,0.0,0.0,6171.0,749354.0,243.0,2219.0,54941.0,-52723.0,0.0
Micronesia,30,10267.0,6171.0,6206.0,0.0,0.0,2018,0.0,0.0,0.0,0.0,0.0,0.0,0.0,0.0,0.0,6171.0,749354.0,243.0,2219.0,54941.0,-52723.0,0.0
Micronesia,30,10267.0,6171.0,6206.0,0.0,0.0,2019,0.0,0.0,0.0,0.0,0.0,0.0,0.0,0.0,0.0,6171.0,749354.0,243.0,2219.0,54941.0,-52723.0,0.0
Micronesia,30,10267.0,6171.0,6206.0,0.0,0.0,2020,0.0,0.0,0.0,0.0,0.0,0.0,0.0,0.0,0.0,6171.0,749354.0,243.0,2219.0,54941.0,-52723.0,0.0
Micronesia,30,10267.0,6171.0,6206.0,0.0,0.0,2021,0.0,0.0,0.0,0.0,0.0,0.0,0.0,0.0,0.0,6171.0,749354.0,243.0,2219.0,54941.0,-52723.0,0.0
Micronesia,30,10267.0,6171.0,6206.0,0.0,0.0,2022,0.0,0.0,0.0,0.0,0.0,0.0,0.0,0.0,0.0,6171.0,749354.0,243.0,2219.0,54941.0,-52723.0,0.0
Micronesia,30,10267.0,6171.0,6206.0,0.0,0.0,2023,0.0,0.0,0.0,0.0,0.0,0.0,0.0,0.0,0.0,6171.0,749354.0,243.0,2219.0,54941.0,-52723.0,0.0
Micronesia,30,10267.0,6171.0,6206.0,0.0,0.0,2024,0.0,0.0,0.0,0.0,0.0,0.0,0.0,0.0,0.0,6171.0,749354.0,243.0,2219.0,54941.0,-52723.0,0.0
Mongolia,30,156624911.0,4090459.0,3552628.0,78600.0,21057.0,2001,0.0,0.0,102.0,3375.0,724.0,333.0,0.0,0.0,15838.0,4090459.0,160257771.0,164.0,3618733.0,14228711.0,-10609978.0,4749499.0
Mongolia,30,156624911.0,4090459.0,3552628.0,78600.0,18728.0,2002,0.0,0.0,48.0,758.0,313.0,208.0,0.0,0.0,17076.0,4090459.0,160257771.0,164.0,3618733.0,14228711.0,-10609978.0,4845316.0
Mongolia,30,156624911.0,4090459.0,3552628.0,78600.0,38433.0,2003,0.0,0.0,50.0,789.0,171.0,53.0,3.0,0.0,37105.0,4090459.0,160257771.0,164.0,3618733.0,14228711.0,-10609978.0,13028934.0
Mongolia,30,156624911.0,4090459.0,3552628.0,78600.0,53302.0,2004,0.0,0.0,109.0,828.0,298.0,45.0,4.0,0.0,51692.0,4090459.0,160257771.0,164.0,3618733.0,14228711.0,-10609978.0,16693400.0
Mongolia,30,156624911.0,4090459.0,3552628.0,78600.0,7467.0,2005,0.0,0.0,93.0,690.0,188.0,74.0,0.0,0.0,6155.0,4090459.0,160257771.0,164.0,3618733.0,14228711.0,-10609978.0,1220204.0
Mongolia,30,156624911.0,4090459.0,3552628.0,78600.0,13249.0,2006,0.0,0.0,97.0,819.0,274.0,64.0,0.0,0.0,11587.0,4090459.0,160257771.0,164.0,3618733.0,14228711.0,-10609978.0,4110422.0
Mongolia,30,156624911.0,4090459.0,3552628.0,78600.0,48082.0,2007,0.0,0.0,125.0,503.0,229.0,109.0,3.0,0.0,46741.0,4090459.0,160257771.0,164.0,3618733.0,14228711.0,-10609978.0,6807901.0
Mongolia,30,156624911.0,4090459.0,3552628.0,78600.0,56002.0,2008,0.0,0.0,167.0,853.0,382.0,55.0,5.0,0.0,53991.0,4090459.0,160257771.0,164.0,3618733.0,14228711.0,-10609978.0,8119486.0
Mongolia,30,156624911.0,4090459.0,3552628.0,78600.0,81792.0,2009,0.0,0.0,115.0,375.0,221.0,45.0,0.0,0.0,80793.0,4090459.0,160257771.0,164.0,3618733.0,14228711.0,-10609978.0,10528079.0
Mongolia,30,156624911.0,4090459.0,3552628.0,78600.0,8765.0,2010,0.0,0.0,86.0,285.0,170.0,58.0,3.0,0.0,7940.0,4090459.0,160257771.0,164.0,3618733.0,14228711.0,-10609978.0,1488184.0
Mongolia,30,156624911.0,4090459.0,3552628.0,78600.0,3551.0,2011,0.0,0.0,25.0,282.0,158.0,8.0,0.0,0.0,2844.0,4090459.0,160257771.0,164.0,3618733.0,14228711.0,-10609978.0,1025643.0
Mongolia,30,156624911.0,4090459.0,3552628.0,78600.0,34641.0,2012,0.0,0.0,69.0,640.0,266.0,30.0,1.0,0.0,33121.0,4090459.0,160257771.0,164.0,3618733.0,14228711.0,-10609978.0,5640002.0
Mongolia,30,156624911.0,4090459.0,3552628.0,78600.0,629.0,2013,0.0,0.0,10.0,69.0,28.0,0.0,0.0,0.0,432.0,4090459.0,160257771.0,164.0,3618733.0,14228711.0,-10609978.0,125773.0
Mongolia,30,156624911.0,4090459.0,3552628.0,78600.0,523.0,2014,0.0,0.0,15.0,54.0,21.0,0.0,0.0,0.0,388.0,4090459.0,160257771.0,164.0,3618733.0,14228711.0,-10609978.0,122455.0
Mongolia,30,156624911.0,4090459.0,3552628.0,78600.0,7145.0,2015,0.0,0.0,39.0,17.0,8.0,0.0,0.0,0.0,7069.0,4090459.0,160257771.0,164.0,3618733.0,14228711.0,-10609978.0,950414.0
Mongolia,30,156624911.0,4090459.0,3552628.0,78600.0,4141.0,2016,0.0,0.0,168.0,117.0,33.0,0.0,0.0,0.0,3792.0,4090459.0,160257771.0,164.0,3618733.0,14228711.0,-10609978.0,679621.0
Mongolia,30,156624911.0,4090459.0,3552628.0,78600.0,25239.0,2017,0.0,0.0,62.0,96.0,30.0,0.0,0.0,0.0,25011.0,4090459.0,160257771.0,164.0,3618733.0,14228711.0,-10609978.0,3598131.0
Mongolia,30,156624911.0,4090459.0,3552628.0,78600.0,9225.0,2018,0.0,0.0,10.0,18.0,41.0,0.0,0.0,0.0,9138.0,4090459.0,160257771.0,164.0,3618733.0,14228711.0,-10609978.0,1392699.0
Mongolia,30,156624911.0,4090459.0,3552628.0,78600.0,2815.0,2019,0.0,0.0,72.0,216.0,110.0,0.0,0.0,0.0,2371.0,4090459.0,160257771.0,164.0,3618733.0,14228711.0,-10609978.0,892380.0
Mongolia,30,156624911.0,4090459.0,3552628.0,78600.0,465.0,2020,0.0,0.0,25.0,45.0,43.0,0.0,0.0,0.0,308.0,4090459.0,160257771.0,164.0,3618733.0,14228711.0,-10609978.0,173176.0
Mongolia,30,156624911.0,4090459.0,3552628.0,78600.0,187.0,2021,0.0,0.0,43.0,31.0,14.0,0.0,0.0,0.0,82.0,4090459.0,160257771.0,164.0,3618733.0,14228711.0,-10609978.0,41915.0
Mongolia,30,156624911.0,4090459.0,3552628.0,78600.0,103.0,2022,0.0,0.0,11.0,11.0,12.0,0.0,0.0,0.0,56.0,4090459.0,160257771.0,164.0,3618733.0,14228711.0,-10609978.0,25832.0
Mongolia,30,156624911.0,4090459.0,3552628.0,78600.0,840.0,2023,0.0,0.0,47.0,51.0,26.0,0.0,0.0,0.0,710.0,4090459.0,160257771.0,164.0,3618733.0,14228711.0,-10609978.0,144705.0
Mongolia,30,156624911.0,4090459.0,3552628.0,78600.0,2719.0,2024,0.0,0.0,35.0,111.0,80.0,0.0,0.0,0.0,2478.0,4090459.0,160257771.0,164.0,3618733.0,14228711.0,-10609978.0,445400.0
Morocco,30,41349155.0,648566.0,405762.0,81646.0,1868.0,2001,0.0,0.0,3.0,144.0,2.0,692.0,20.0,0.0,909.0,648566.0,35905272.0,317.0,664914.0,2307456.0,-1642541.0,491698.0
Morocco,30,41349155.0,648566.0,405762.0,81646.0,3922.0,2002,0.0,0.0,30.0,314.0,1.0,1649.0,14.0,0.0,1853.0,648566.0,35905272.0,317.0,664914.0,2307456.0,-1642541.0,1064485.0
Morocco,30,41349155.0,648566.0,405762.0,81646.0,2043.0,2003,0.0,0.0,6.0,120.0,0.0,820.0,11.0,0.0,1012.0,648566.0,35905272.0,317.0,664914.0,2307456.0,-1642541.0,540335.0
Morocco,30,41349155.0,648566.0,405762.0,81646.0,1441.0,2004,0.0,0.0,65.0,180.0,3.0,431.0,28.0,0.0,687.0,648566.0,35905272.0,317.0,664914.0,2307456.0,-1642541.0,326687.0
Morocco,30,41349155.0,648566.0,405762.0,81646.0,1526.0,2005,0.0,0.0,35.0,154.0,3.0,458.0,76.0,0.0,761.0,648566.0,35905272.0,317.0,664914.0,2307456.0,-1642541.0,342778.0
Morocco,30,41349155.0,648566.0,405762.0,81646.0,2222.0,2006,0.0,0.0,10.0,152.0,1.0,609.0,35.0,0.0,1312.0,648566.0,35905272.0,317.0,664914.0,2307456.0,-1642541.0,545240.0
Morocco,30,41349155.0,648566.0,405762.0,81646.0,2513.0,2007,0.0,0.0,75.0,168.0,9.0,1113.0,93.0,0.0,995.0,648566.0,35905272.0,317.0,664914.0,2307456.0,-1642541.0,699459.0
Morocco,30,41349155.0,648566.0,405762.0,81646.0,3409.0,2008,0.0,0.0,74.0,355.0,8.0,1229.0,97.0,0.0,1520.0,648566.0,35905272.0,317.0,664914.0,2307456.0,-1642541.0,944644.0
Morocco,30,41349155.0,648566.0,405762.0,81646.0,1197.0,2009,0.0,0.0,14.0,101.0,0.0,398.0,42.0,0.0,572.0,648566.0,35905272.0,317.0,664914.0,2307456.0,-1642541.0,322807.0
Morocco,30,41349155.0,648566.0,405762.0,81646.0,989.0,2010,0.0,0.0,18.0,188.0,0.0,320.0,28.0,0.0,397.0,648566.0,35905272.0,317.0,664914.0,2307456.0,-1642541.0,279926.0
Morocco,30,41349155.0,648566.0,405762.0,81646.0,3392.0,2011,0.0,0.0,32.0,229.0,16.0,1640.0,31.0,0.0,1344.0,648566.0,35905272.0,317.0,664914.0,2307456.0,-1642541.0,1006474.0
Morocco,30,41349155.0,648566.0,405762.0,81646.0,1690.0,2012,0.0,0.0,8.0,72.0,1.0,536.0,22.0,0.0,1008.0,648566.0,35905272.0,317.0,664914.0,2307456.0,-1642541.0,428219.0
Morocco,30,41349155.0,648566.0,405762.0,81646.0,836.0,2013,0.0,0.0,12.0,138.0,2.0,293.0,25.0,0.0,353.0,648566.0,35905272.0,317.0,664914.0,2307456.0,-1642541.0,260718.0
Morocco,30,41349155.0,648566.0,405762.0,81646.0,1682.0,2014,0.0,0.0,9.0,267.0,29.0,561.0,46.0,0.0,749.0,648566.0,35905272.0,317.0,664914.0,2307456.0,-1642541.0,512867.0
Morocco,30,41349155.0,648566.0,405762.0,81646.0,952.0,2015,0.0,0.0,8.0,89.0,1.0,458.0,25.0,0.0,361.0,648566.0,35905272.0,317.0,664914.0,2307456.0,-1642541.0,329243.0
Morocco,30,41349155.0,648566.0,405762.0,81646.0,2041.0,2016,0.0,0.0,52.0,249.0,2.0,637.0,30.0,0.0,1060.0,648566.0,35905272.0,317.0,664914.0,2307456.0,-1642541.0,615330.0
Morocco,30,41349155.0,648566.0,405762.0,81646.0,2367.0,2017,0.0,0.0,76.0,278.0,0.0,569.0,18.0,0.0,1410.0,648566.0,35905272.0,317.0,664914.0,2307456.0,-1642541.0,683497.0
Morocco,30,41349155.0,648566.0,405762.0,81646.0,2078.0,2018,0.0,0.0,14.0,328.0,0.0,609.0,19.0,0.0,1091.0,648566.0,35905272.0,317.0,664914.0,2307456.0,-1642541.0,721349.0
Morocco,30,41349155.0,648566.0,405762.0,81646.0,1251.0,2019,0.0,0.0,3.0,157.0,1.0,334.0,9.0,0.0,735.0,648566.0,35905272.0,317.0,664914.0,2307456.0,-1642541.0,371843.0
Morocco,30,41349155.0,648566.0,405762.0,81646.0,3620.0,2020,0.0,0.0,18.0,175.0,14.0,389.0,17.0,0.0,3001.0,648566.0,35905272.0,317.0,664914.0,2307456.0,-1642541.0,801900.0
Morocco,30,41349155.0,648566.0,405762.0,81646.0,1539.0,2021,0.0,0.0,19.0,104.0,4.0,374.0,8.0,0.0,1021.0,648566.0,35905272.0,317.0,664914.0,2307456.0,-1642541.0,626316.0
Morocco,30,41349155.0,648566.0,405762.0,81646.0,12017.0,2022,0.0,0.0,25.0,138.0,9.0,378.0,17.0,0.0,11436.0,648566.0,35905272.0,317.0,664914.0,2307456.0,-1642541.0,2344894.0
Morocco,30,41349155.0,648566.0,405762.0,81646.0,4006.0,2023,0.0,0.0,26.0,78.0,1.0,440.0,12.0,0.0,3439.0,648566.0,35905272.0,317.0,664914.0,2307456.0,-1642541.0,1182083.0
Morocco,30,41349155.0,648566.0,405762.0,81646.0,1411.0,2024,0.0,0.0,16.0,121.0,1.0,416.0,30.0,0.0,812.0,648566.0,35905272.0,317.0,664914.0,2307456.0,-1642541.0,515146.0
Mozambique,30,78746117.0,28920531.0,26975511.0,583233.0,60940.0,2001,0.0,0.0,48.0,196.0,1062.0,49788.0,388.0,8395.0,218.0,28920531.0,1722601467.0,292.0,69961023.0,88116561.0,-18155538.0,20783026.0
Mozambique,30,78746117.0,28920531.0,26975511.0,583233.0,106664.0,2002,126645.0,143.0,67.0,426.0,636.0,86461.0,603.0,17568.0,265.0,28920531.0,1722601467.0,292.0,69961023.0,88116561.0,-18155538.0,35123396.0
Mozambique,30,78746117.0,28920531.0,26975511.0,583233.0,79651.0,2003,126645.0,91.0,53.0,199.0,341.0,68075.0,475.0,9777.0,177.0,28920531.0,1722601467.0,292.0,69961023.0,88116561.0,-18155538.0,27089398.0
Mozambique,30,78746117.0,28920531.0,26975511.0,583233.0,107730.0,2004,126645.0,184.0,51.0,421.0,447.0,93471.0,469.0,11971.0,297.0,28920531.0,1722601467.0,292.0,69961023.0,88116561.0,-18155538.0,34915028.0
Mozambique,30,78746117.0,28920531.0,26975511.0,583233.0,150572.0,2005,126645.0,278.0,100.0,703.0,823.0,128460.0,698.0,18605.0,295.0,28920531.0,1722601467.0,292.0,69961023.0,88116561.0,-18155538.0,51656988.0
Mozambique,30,78746117.0,28920531.0,26975511.0,583233.0,172242.0,2006,126645.0,278.0,115.0,1051.0,322.0,146270.0,762.0,22805.0,503.0,28920531.0,1722601467.0,292.0,69961023.0,88116561.0,-18155538.0,60738628.0
Mozambique,30,78746117.0,28920531.0,26975511.0,583233.0,138504.0,2007,126645.0,180.0,93.0,756.0,415.0,119811.0,783.0,15590.0,373.0,28920531.0,1722601467.0,292.0,69961023.0,88116561.0,-18155538.0,46880043.0
Mozambique,30,78746117.0,28920531.0,26975511.0,583233.0,204780.0,2008,126645.0,327.0,139.0,931.0,547.0,162963.0,1379.0,38001.0,200.0,28920531.0,1722601467.0,292.0,69961023.0,88116561.0,-18155538.0,69693581.0
Mozambique,30,78746117.0,28920531.0,26975511.0,583233.0,217510.0,2009,126645.0,443.0,199.0,1126.0,624.0,189497.0,1299.0,23204.0,720.0,28920531.0,1722601467.0,292.0,69961023.0,88116561.0,-18155538.0,74705776.0
Mozambique,30,78746117.0,28920531.0,26975511.0,583233.0,194551.0,2010,126645.0,658.0,131.0,731.0,961.0,169838.0,1008.0,20704.0,395.0,28920531.0,1722601467.0,292.0,69961023.0,88116561.0,-18155538.0,69667139.0
Mozambique,30,78746117.0,28920531.0,26975511.0,583233.0,150253.0,2011,126645.0,126.0,130.0,1033.0,234.0,118385.0,927.0,28340.0,646.0,28920531.0,1722601467.0,292.0,69961023.0,88116561.0,-18155538.0,50854975.0
Mozambique,30,78746117.0,28920531.0,26975511.0,583233.0,139952.0,2012,126645.0,397.0,135.0,1409.0,389.0,117170.0,623.0,18169.0,990.0,28920531.0,1722601467.0,292.0,69961023.0,88116561.0,-18155538.0,51031524.0
Mozambique,30,78746117.0,28920531.0,26975511.0,583233.0,162673.0,2013,126645.0,946.0,76.0,2358.0,474.0,120200.0,631.0,34666.0,2441.0,28920531.0,1722601467.0,292.0,69961023.0,88116561.0,-18155538.0,57685721.0
Mozambique,30,78746117.0,28920531.0,26975511.0,583233.0,200517.0,2014,126645.0,644.0,147.0,2698.0,435.0,154983.0,695.0,38830.0,2018.0,28920531.0,1722601467.0,292.0,69961023.0,88116561.0,-18155538.0,73260430.0
Mozambique,30,78746117.0,28920531.0,26975511.0,583233.0,181405.0,2015,126645.0,559.0,413.0,3076.0,1955.0,142727.0,439.0,29118.0,3411.0,28920531.0,1722601467.0,292.0,69961023.0,88116561.0,-18155538.0,66896489.0
Mozambique,30,78746117.0,28920531.0,26975511.0,583233.0,250566.0,2016,126645.0,923.0,227.0,3801.0,1008.0,197831.0,579.0,42549.0,4313.0,28920531.0,1722601467.0,292.0,69961023.0,88116561.0,-18155538.0,92796023.0
Mozambique,30,78746117.0,28920531.0,26975511.0,583233.0,359023.0,2017,126645.0,3278.0,337.0,2318.0,1030.0,298470.0,818.0,52177.0,3586.0,28920531.0,1722601467.0,292.0,69961023.0,88116561.0,-18155538.0,132615755.0
Mozambique,30,78746117.0,28920531.0,26975511.0,583233.0,172404.0,2018,126645.0,537.0,161.0,1236.0,231.0,144683.0,314.0,24497.0,1152.0,28920531.0,1722601467.0,292.0,69961023.0,88116561.0,-18155538.0,63516074.0
Mozambique,30,78746117.0,28920531.0,26975511.0,583233.0,235665.0,2019,126645.0,800.0,352.0,1960.0,1543.0,176676.0,995.0,49322.0,4676.0,28920531.0,1722601467.0,292.0,69961023.0,88116561.0,-18155538.0,88987861.0
Mozambique,30,78746117.0,28920531.0,26975511.0,583233.0,232524.0,2020,126645.0,307.0,168.0,1478.0,256.0,196043.0,435.0,31446.0,2581.0,28920531.0,1722601467.0,292.0,69961023.0,88116561.0,-18155538.0,87019896.0
Mozambique,30,78746117.0,28920531.0,26975511.0,583233.0,278084.0,2021,126645.0,276.0,194.0,1931.0,251.0,242096.0,363.0,31340.0,1713.0,28920531.0,1722601467.0,292.0,69961023.0,88116561.0,-18155538.0,107718212.0
Mozambique,30,78746117.0,28920531.0,26975511.0,583233.0,237876.0,2022,126645.0,516.0,242.0,1609.0,221.0,201196.0,279.0,32174.0,2008.0,28920531.0,1722601467.0,292.0,69961023.0,88116561.0,-18155538.0,94351957.0
Mozambique,30,78746117.0,28920531.0,26975511.0,583233.0,262210.0,2023,126645.0,404.0,203.0,1174.0,400.0,221074.0,581.0,37671.0,1006.0,28920531.0,1722601467.0,292.0,69961023.0,88116561.0,-18155538.0,104137896.0
Mozambique,30,78746117.0,28920531.0,26975511.0,583233.0,298631.0,2024,126645.0,406.0,196.0,1507.0,312.0,228172.0,452.0,65383.0,2284.0,28920531.0,1722601467.0,292.0,69961023.0,88116561.0,-18155538.0,116938729.0
Myanmar,30,66929633.0,42863360.0,40919342.0,636627.0,44804.0,2001,0.0,0.0,1588.0,477.0,691.0,14981.0,129.0,26219.0,63.0,42863360.0,4904120586.0,637.0,121852699.0,122198512.0,-345814.0,25293842.0
Myanmar,30,66929633.0,42863360.0,40919342.0,636627.0,66120.0,2002,14142246.0,12938.0,1672.0,609.0,1041.0,24715.0,207.0,37063.0,120.0,42863360.0,4904120586.0,637.0,121852699.0,122198512.0,-345814.0,36739983.0
Myanmar,30,66929633.0,42863360.0,40919342.0,636627.0,77223.0,2003,14142246.0,13768.0,2853.0,648.0,874.0,28340.0,257.0,43391.0,74.0,42863360.0,4904120586.0,637.0,121852699.0,122198512.0,-345814.0,43268855.0
Myanmar,30,66929633.0,42863360.0,40919342.0,636627.0,102186.0,2004,14142246.0,23285.0,3176.0,837.0,1621.0,41101.0,352.0,53929.0,173.0,42863360.0,4904120586.0,637.0,121852699.0,122198512.0,-345814.0,57156275.0
Myanmar,30,66929633.0,42863360.0,40919342.0,636627.0,91847.0,2005,14142246.0,23420.0,3215.0,690.0,974.0,43187.0,316.0,42488.0,70.0,42863360.0,4904120586.0,637.0,121852699.0,122198512.0,-345814.0,52392896.0
Myanmar,30,66929633.0,42863360.0,40919342.0,636627.0,127464.0,2006,14142246.0,23065.0,2631.0,1242.0,1518.0,66922.0,592.0,52677.0,960.0,42863360.0,4904120586.0,637.0,121852699.0,122198512.0,-345814.0,69689194.0
Myanmar,30,66929633.0,42863360.0,40919342.0,636627.0,146599.0,2007,14142246.0,31292.0,6836.0,1141.0,1849.0,77600.0,634.0,57473.0,146.0,42863360.0,4904120586.0,637.0,121852699.0,122198512.0,-345814.0,82284241.0
Myanmar,30,66929633.0,42863360.0,40919342.0,636627.0,119217.0,2008,14142246.0,24123.0,4097.0,1050.0,2464.0,60920.0,643.0,48858.0,167.0,42863360.0,4904120586.0,637.0,121852699.0,122198512.0,-345814.0,67000570.0
Myanmar,30,66929633.0,42863360.0,40919342.0,636627.0,216306.0,2009,14142246.0,41647.0,7991.0,2174.0,2735.0,112007.0,768.0,89037.0,334.0,42863360.0,4904120586.0,637.0,121852699.0,122198512.0,-345814.0,122125856.0
Myanmar,30,66929633.0,42863360.0,40919342.0,636627.0,169912.0,2010,14142246.0,40067.0,7855.0,2889.0,3105.0,83175.0,732.0,69986.0,1162.0,42863360.0,4904120586.0,637.0,121852699.0,122198512.0,-345814.0,96950863.0
Myanmar,30,66929633.0,42863360.0,40919342.0,636627.0,135716.0,2011,14142246.0,25247.0,7341.0,1003.0,1281.0,71177.0,567.0,53087.0,143.0,42863360.0,4904120586.0,637.0,121852699.0,122198512.0,-345814.0,77913760.0
Myanmar,30,66929633.0,42863360.0,40919342.0,636627.0,225188.0,2012,14142246.0,34050.0,10514.0,2687.0,2254.0,105256.0,624.0,101231.0,166.0,42863360.0,4904120586.0,637.0,121852699.0,122198512.0,-345814.0,128894643.0
Myanmar,30,66929633.0,42863360.0,40919342.0,636627.0,248186.0,2013,14142246.0,31383.0,6530.0,3175.0,1373.0,80765.0,419.0,154319.0,236.0,42863360.0,4904120586.0,637.0,121852699.0,122198512.0,-345814.0,142907838.0
Myanmar,30,66929633.0,42863360.0,40919342.0,636627.0,331445.0,2014,14142246.0,42156.0,18318.0,3560.0,1262.0,115663.0,687.0,190723.0,153.0,42863360.0,4904120586.0,637.0,121852699.0,122198512.0,-345814.0,185304912.0
Myanmar,30,66929633.0,42863360.0,40919342.0,636627.0,293305.0,2015,14142246.0,41429.0,7577.0,4638.0,1951.0,82337.0,494.0,195402.0,381.0,42863360.0,4904120586.0,637.0,121852699.0,122198512.0,-345814.0,164035699.0
Myanmar,30,66929633.0,42863360.0,40919342.0,636627.0,362552.0,2016,14142246.0,54825.0,11120.0,3858.0,2873.0,97503.0,874.0,245295.0,554.0,42863360.0,4904120586.0,637.0,121852699.0,122198512.0,-345814.0,205624010.0
Myanmar,30,66929633.0,42863360.0,40919342.0,636627.0,341844.0,2017,14142246.0,39688.0,8831.0,2692.0,1782.0,84411.0,559.0,242456.0,735.0,42863360.0,4904120586.0,637.0,121852699.0,122198512.0,-345814.0,193263008.0
Myanmar,30,66929633.0,42863360.0,40919342.0,636627.0,278708.0,2018,14142246.0,35912.0,7517.0,1915.0,811.0,77840.0,560.0,189762.0,111.0,42863360.0,4904120586.0,637.0,121852699.0,122198512.0,-345814.0,155852360.0
Myanmar,30,66929633.0,42863360.0,40919342.0,636627.0,309419.0,2019,14142246.0,38309.0,9209.0,3217.0,857.0,92937.0,623.0,202246.0,109.0,42863360.0,4904120586.0,637.0,121852699.0,122198512.0,-345814.0,172006637.0
Myanmar,30,66929633.0,42863360.0,40919342.0,636627.0,310005.0,2020,14142246.0,44445.0,9558.0,3925.0,1366.0,87804.0,738.0,206001.0,288.0,42863360.0,4904120586.0,637.0,121852699.0,122198512.0,-345814.0,173605904.0
Myanmar,30,66929633.0,42863360.0,40919342.0,636627.0,304152.0,2021,14142246.0,44566.0,10525.0,2369.0,920.0,87608.0,391.0,201906.0,197.0,42863360.0,4904120586.0,637.0,121852699.0,122198512.0,-345814.0,174593721.0
Myanmar,30,66929633.0,42863360.0,40919342.0,636627.0,260938.0,2022,14142246.0,37797.0,9570.0,1882.0,790.0,68537.0,355.0,179407.0,189.0,42863360.0,4904120586.0,637.0,121852699.0,122198512.0,-345814.0,151502217.0
Myanmar,30,66929633.0,42863360.0,40919342.0,636627.0,307184.0,2023,14142246.0,48330.0,12938.0,2098.0,1341.0,94198.0,455.0,195325.0,602.0,42863360.0,4904120586.0,637.0,121852699.0,122198512.0,-345814.0,181229694.0
Myanmar,30,66929633.0,42863360.0,40919342.0,636627.0,276979.0,2024,14142246.0,44555.0,9803.0,1674.0,2339.0,67353.0,357.0,193990.0,1049.0,42863360.0,4904120586.0,637.0,121852699.0,122198512.0,-345814.0,164827785.0
México,30,195108696.0,53168926.0,50334860.0,1422799.0,158267.0,2001,0.0,0.0,542.0,2151.0,1866.0,138260.0,2381.0,8197.0,2642.0,53168926.0,2938580663.0,319.0,89090450.0,215573045.0,-126482596.0,55114705.0
México,30,195108696.0,53168926.0,50334860.0,1422799.0,158812.0,2002,9263680.0,14336.0,569.0,1192.0,1890.0,136231.0,2638.0,10226.0,4600.0,53168926.0,2938580663.0,319.0,89090450.0,215573045.0,-126482596.0,55464463.0
México,30,195108696.0,53168926.0,50334860.0,1422799.0,152535.0,2003,9263680.0,17932.0,467.0,987.0,2374.0,133340.0,2323.0,6488.0,5339.0,53168926.0,2938580663.0,319.0,89090450.0,215573045.0,-126482596.0,52378027.0
México,30,195108696.0,53168926.0,50334860.0,1422799.0,169830.0,2004,9263680.0,18118.0,725.0,1448.0,1988.0,149083.0,3305.0,6505.0,5176.0,53168926.0,2938580663.0,319.0,89090450.0,215573045.0,-126482596.0,59901695.0
México,30,195108696.0,53168926.0,50334860.0,1422799.0,206863.0,2005,9263680.0,23047.0,903.0,1515.0,2711.0,183129.0,3749.0,6409.0,6312.0,53168926.0,2938580663.0,319.0,89090450.0,215573045.0,-126482596.0,74854948.0
México,30,195108696.0,53168926.0,50334860.0,1422799.0,179070.0,2006,9263680.0,19413.0,1304.0,1497.0,2584.0,131608.0,4263.0,4253.0,32231.0,53168926.0,2938580663.0,319.0,89090450.0,215573045.0,-126482596.0,60451232.0
México,30,195108696.0,53168926.0,50334860.0,1422799.0,218643.0,2007,9263680.0,28997.0,1086.0,1906.0,2134.0,195092.0,4750.0,5859.0,6087.0,53168926.0,2938580663.0,319.0,89090450.0,215573045.0,-126482596.0,83814776.0
México,30,195108696.0,53168926.0,50334860.0,1422799.0,184335.0,2008,9263680.0,29557.0,1359.0,1473.0,3386.0,153100.0,4629.0,6740.0,12122.0,53168926.0,2938580663.0,319.0,89090450.0,215573045.0,-126482596.0,69105608.0
México,30,195108696.0,53168926.0,50334860.0,1422799.0,281119.0,2009,9263680.0,46664.0,1672.0,2529.0,7166.0,229004.0,4912.0,9055.0,25224.0,53168926.0,2938580663.0,319.0,89090450.0,215573045.0,-126482596.0,103039945.0
México,30,195108696.0,53168926.0,50334860.0,1422799.0,166830.0,2010,9263680.0,27958.0,1083.0,1904.0,2510.0,144218.0,2643.0,7181.0,5220.0,53168926.0,2938580663.0,319.0,89090450.0,215573045.0,-126482596.0,66209363.0
México,30,195108696.0,53168926.0,50334860.0,1422799.0,186829.0,2011,9263680.0,29598.0,1287.0,1973.0,4350.0,144018.0,2494.0,8266.0,22695.0,53168926.0,2938580663.0,319.0,89090450.0,215573045.0,-126482596.0,72132830.0
México,30,195108696.0,53168926.0,50334860.0,1422799.0,174713.0,2012,9263680.0,28223.0,811.0,1802.0,2399.0,146301.0,2284.0,8845.0,8421.0,53168926.0,2938580663.0,319.0,89090450.0,215573045.0,-126482596.0,70418743.0
México,30,195108696.0,53168926.0,50334860.0,1422799.0,218915.0,2013,9263680.0,36560.0,859.0,2149.0,4135.0,175352.0,1270.0,12524.0,19310.0,53168926.0,2938580663.0,319.0,89090450.0,215573045.0,-126482596.0,88672504.0
México,30,195108696.0,53168926.0,50334860.0,1422799.0,170605.0,2014,9263680.0,23786.0,1187.0,2405.0,1681.0,146763.0,1959.0,11014.0,4102.0,53168926.0,2938580663.0,319.0,89090450.0,215573045.0,-126482596.0,73627784.0
México,30,195108696.0,53168926.0,50334860.0,1422799.0,197534.0,2015,9263680.0,32644.0,1004.0,2193.0,3165.0,157449.0,2080.0,13260.0,17843.0,53168926.0,2938580663.0,319.0,89090450.0,215573045.0,-126482596.0,84015941.0
México,30,195108696.0,53168926.0,50334860.0,1422799.0,273930.0,2016,9263680.0,50079.0,986.0,2813.0,3115.0,226574.0,2353.0,22384.0,14945.0,53168926.0,2938580663.0,319.0,89090450.0,215573045.0,-126482596.0,122182587.0
México,30,195108696.0,53168926.0,50334860.0,1422799.0,298635.0,2017,9263680.0,55663.0,1267.0,3740.0,5036.0,241111.0,2388.0,23150.0,21324.0,53168926.0,2938580663.0,319.0,89090450.0,215573045.0,-126482596.0,133184826.0
México,30,195108696.0,53168926.0,50334860.0,1422799.0,267179.0,2018,9263680.0,45350.0,1285.0,5675.0,3861.0,219384.0,2327.0,17608.0,16162.0,53168926.0,2938580663.0,319.0,89090450.0,215573045.0,-126482596.0,119791170.0
México,30,195108696.0,53168926.0,50334860.0,1422799.0,327305.0,2019,9263680.0,65713.0,1124.0,5342.0,5396.0,254791.0,2208.0,23734.0,34264.0,53168926.0,2938580663.0,319.0,89090450.0,215573045.0,-126482596.0,148745104.0
México,30,195108696.0,53168926.0,50334860.0,1422799.0,299299.0,2020,9263680.0,68284.0,994.0,4320.0,3430.0,220076.0,1812.0,22783.0,45458.0,53168926.0,2938580663.0,319.0,89090450.0,215573045.0,-126482596.0,131413311.0
México,30,195108696.0,53168926.0,50334860.0,1422799.0,189046.0,2021,9263680.0,35115.0,1339.0,5503.0,3265.0,137171.0,1780.0,12165.0,27339.0,53168926.0,2938580663.0,319.0,89090450.0,215573045.0,-126482596.0,85418724.0
México,30,195108696.0,53168926.0,50334860.0,1422799.0,178845.0,2022,9263680.0,38404.0,2930.0,5951.0,4178.0,130000.0,1763.0,13030.0,20502.0,53168926.0,2938580663.0,319.0,89090450.0,215573045.0,-126482596.0,90630775.0
México,30,195108696.0,53168926.0,50334860.0,1422799.0,226363.0,2023,9263680.0,49029.0,4972.0,4745.0,1981.0,174211.0,2286.0,11137.0,26717.0,53168926.0,2938580663.0,319.0,89090450.0,215573045.0,-126482596.0,105086403.0
México,30,195108696.0,53168926.0,50334860.0,1422799.0,330819.0,2024,9263680.0,93089.0,2431.0,7092.0,5865.0,173767.0,2110.0,16261.0,122734.0,53168926.0,2938580663.0,319.0,89090450.0,215573045.0,-126482596.0,132515297.0
Namibia,30,82403983.0,4245.0,808.0,15192.0,416.0,2001,0.0,0.0,0.0,0.0,0.0,373.0,0.0,0.0,0.0,4245.0,155601.0,171.0,12563.0,50807.0,-38244.0,97080.0
Namibia,30,82403983.0,4245.0,808.0,15192.0,109.0,2002,0.0,0.0,0.0,0.0,0.0,95.0,0.0,0.0,0.0,4245.0,155601.0,171.0,12563.0,50807.0,-38244.0,24974.0
Namibia,30,82403983.0,4245.0,808.0,15192.0,211.0,2003,0.0,0.0,0.0,0.0,0.0,189.0,0.0,0.0,0.0,4245.0,155601.0,171.0,12563.0,50807.0,-38244.0,56635.0
Namibia,30,82403983.0,4245.0,808.0,15192.0,63.0,2004,0.0,0.0,0.0,0.0,0.0,53.0,0.0,0.0,0.0,4245.0,155601.0,171.0,12563.0,50807.0,-38244.0,16817.0
Namibia,30,82403983.0,4245.0,808.0,15192.0,64.0,2005,0.0,0.0,0.0,0.0,0.0,55.0,0.0,0.0,0.0,4245.0,155601.0,171.0,12563.0,50807.0,-38244.0,12487.0
Namibia,30,82403983.0,4245.0,808.0,15192.0,18.0,2006,0.0,0.0,0.0,0.0,0.0,11.0,0.0,0.0,1.0,4245.0,155601.0,171.0,12563.0,50807.0,-38244.0,3947.0
Namibia,30,82403983.0,4245.0,808.0,15192.0,81.0,2007,0.0,0.0,0.0,0.0,0.0,74.0,0.0,0.0,0.0,4245.0,155601.0,171.0,12563.0,50807.0,-38244.0,15218.0
Namibia,30,82403983.0,4245.0,808.0,15192.0,34.0,2008,0.0,0.0,0.0,0.0,0.0,24.0,0.0,0.0,0.0,4245.0,155601.0,171.0,12563.0,50807.0,-38244.0,7066.0
Namibia,30,82403983.0,4245.0,808.0,15192.0,86.0,2009,0.0,0.0,0.0,0.0,0.0,77.0,0.0,0.0,0.0,4245.0,155601.0,171.0,12563.0,50807.0,-38244.0,18474.0
Namibia,30,82403983.0,4245.0,808.0,15192.0,28.0,2010,0.0,0.0,0.0,0.0,0.0,22.0,0.0,0.0,0.0,4245.0,155601.0,171.0,12563.0,50807.0,-38244.0,6518.0
Namibia,30,82403983.0,4245.0,808.0,15192.0,70.0,2011,0.0,0.0,0.0,0.0,0.0,69.0,0.0,0.0,0.0,4245.0,155601.0,171.0,12563.0,50807.0,-38244.0,14034.0
Namibia,30,82403983.0,4245.0,808.0,15192.0,25.0,2012,0.0,0.0,0.0,0.0,0.0,23.0,0.0,0.0,0.0,4245.0,155601.0,171.0,12563.0,50807.0,-38244.0,5375.0
Namibia,30,82403983.0,4245.0,808.0,15192.0,3.0,2013,0.0,0.0,0.0,0.0,0.0,1.0,0.0,0.0,0.0,4245.0,155601.0,171.0,12563.0,50807.0,-38244.0,667.0
Namibia,30,82403983.0,4245.0,808.0,15192.0,5.0,2014,0.0,0.0,0.0,0.0,0.0,2.0,0.0,0.0,0.0,4245.0,155601.0,171.0,12563.0,50807.0,-38244.0,1365.0
Namibia,30,82403983.0,4245.0,808.0,15192.0,6.0,2015,0.0,0.0,0.0,0.0,0.0,0.0,5.0,0.0,0.0,4245.0,155601.0,171.0,12563.0,50807.0,-38244.0,1633.0
Namibia,30,82403983.0,4245.0,808.0,15192.0,1.0,2016,0.0,0.0,0.0,0.0,0.0,1.0,0.0,0.0,0.0,4245.0,155601.0,171.0,12563.0,50807.0,-38244.0,356.0
Namibia,30,82403983.0,4245.0,808.0,15192.0,2.0,2017,0.0,0.0,0.0,0.0,0.0,1.0,0.0,0.0,0.0,4245.0,155601.0,171.0,12563.0,50807.0,-38244.0,1022.0
Namibia,30,82403983.0,4245.0,808.0,15192.0,8.0,2018,0.0,0.0,0.0,0.0,0.0,7.0,0.0,0.0,0.0,4245.0,155601.0,171.0,12563.0,50807.0,-38244.0,2281.0
Namibia,30,82403983.0,4245.0,808.0,15192.0,2.0,2019,0.0,0.0,0.0,0.0,0.0,1.0,0.0,0.0,0.0,4245.0,155601.0,171.0,12563.0,50807.0,-38244.0,359.0
Namibia,30,82403983.0,4245.0,808.0,15192.0,1.0,2020,0.0,0.0,0.0,0.0,0.0,1.0,0.0,0.0,0.0,4245.0,155601.0,171.0,12563.0,50807.0,-38244.0,346.0
Namibia,30,82403983.0,4245.0,808.0,15192.0,5.0,2021,0.0,0.0,0.0,0.0,0.0,4.0,0.0,0.0,0.0,4245.0,155601.0,171.0,12563.0,50807.0,-38244.0,3369.0
Namibia,30,82403983.0,4245.0,808.0,15192.0,1.0,2022,0.0,0.0,0.0,0.0,0.0,1.0,0.0,0.0,0.0,4245.0,155601.0,171.0,12563.0,50807.0,-38244.0,4826.0
Namibia,30,82403983.0,4245.0,808.0,15192.0,3.0,2023,0.0,0.0,0.0,0.0,0.0,2.0,0.0,0.0,0.0,4245.0,155601.0,171.0,12563.0,50807.0,-38244.0,3523.0
Namibia,30,82403983.0,4245.0,808.0,15192.0,0.0,2024,0.0,0.0,0.0,0.0,0.0,0.0,0.0,0.0,0.0,4245.0,155601.0,171.0,12563.0,50807.0,-38244.0,3141.0
Nepal,30,14766237.0,5161038.0,4801738.0,174007.0,1522.0,2001,0.0,0.0,4.0,135.0,161.0,771.0,96.0,38.0,119.0,5161038.0,641539531.0,626.0,1386216.0,11729200.0,-10342982.0,919666.0
Nepal,30,14766237.0,5161038.0,4801738.0,174007.0,2129.0,2002,745414.0,169.0,13.0,322.0,171.0,1038.0,104.0,27.0,171.0,5161038.0,641539531.0,626.0,1386216.0,11729200.0,-10342982.0,1256764.0
Nepal,30,14766237.0,5161038.0,4801738.0,174007.0,2292.0,2003,745414.0,284.0,19.0,390.0,186.0,939.0,151.0,36.0,216.0,5161038.0,641539531.0,626.0,1386216.0,11729200.0,-10342982.0,1354552.0
Nepal,30,14766237.0,5161038.0,4801738.0,174007.0,2480.0,2004,745414.0,174.0,16.0,345.0,223.0,1265.0,131.0,13.0,180.0,5161038.0,641539531.0,626.0,1386216.0,11729200.0,-10342982.0,1343375.0
Nepal,30,14766237.0,5161038.0,4801738.0,174007.0,2758.0,2005,745414.0,234.0,6.0,458.0,219.0,1332.0,131.0,60.0,168.0,5161038.0,641539531.0,626.0,1386216.0,11729200.0,-10342982.0,1629269.0
Nepal,30,14766237.0,5161038.0,4801738.0,174007.0,3255.0,2006,745414.0,249.0,3.0,439.0,254.0,1745.0,173.0,55.0,259.0,5161038.0,641539531.0,626.0,1386216.0,11729200.0,-10342982.0,1873857.0
Nepal,30,14766237.0,5161038.0,4801738.0,174007.0,3465.0,2007,745414.0,268.0,12.0,649.0,348.0,1574.0,222.0,28.0,191.0,5161038.0,641539531.0,626.0,1386216.0,11729200.0,-10342982.0,2011282.0
Nepal,30,14766237.0,5161038.0,4801738.0,174007.0,2993.0,2008,745414.0,171.0,16.0,315.0,394.0,1592.0,202.0,38.0,111.0,5161038.0,641539531.0,626.0,1386216.0,11729200.0,-10342982.0,1752619.0
Nepal,30,14766237.0,5161038.0,4801738.0,174007.0,5525.0,2009,745414.0,476.0,30.0,710.0,797.0,2263.0,419.0,30.0,776.0,5161038.0,641539531.0,626.0,1386216.0,11729200.0,-10342982.0,2941703.0
Nepal,30,14766237.0,5161038.0,4801738.0,174007.0,2349.0,2010,745414.0,141.0,35.0,242.0,292.0,1156.0,209.0,33.0,129.0,5161038.0,641539531.0,626.0,1386216.0,11729200.0,-10342982.0,1336415.0
Nepal,30,14766237.0,5161038.0,4801738.0,174007.0,2816.0,2011,745414.0,104.0,31.0,523.0,293.0,1352.0,191.0,19.0,59.0,5161038.0,641539531.0,626.0,1386216.0,11729200.0,-10342982.0,1658730.0
Nepal,30,14766237.0,5161038.0,4801738.0,174007.0,5045.0,2012,745414.0,208.0,76.0,373.0,511.0,2123.0,508.0,42.0,217.0,5161038.0,641539531.0,626.0,1386216.0,11729200.0,-10342982.0,3004684.0
Nepal,30,14766237.0,5161038.0,4801738.0,174007.0,835.0,2013,745414.0,50.0,14.0,97.0,77.0,303.0,99.0,67.0,15.0,5161038.0,641539531.0,626.0,1386216.0,11729200.0,-10342982.0,451580.0
Nepal,30,14766237.0,5161038.0,4801738.0,174007.0,1162.0,2014,745414.0,59.0,9.0,118.0,166.0,413.0,116.0,25.0,40.0,5161038.0,641539531.0,626.0,1386216.0,11729200.0,-10342982.0,647229.0
Nepal,30,14766237.0,5161038.0,4801738.0,174007.0,578.0,2015,745414.0,97.0,6.0,25.0,192.0,147.0,139.0,10.0,24.0,5161038.0,641539531.0,626.0,1386216.0,11729200.0,-10342982.0,306032.0
Nepal,30,14766237.0,5161038.0,4801738.0,174007.0,999.0,2016,745414.0,183.0,27.0,96.0,205.0,216.0,286.0,12.0,126.0,5161038.0,641539531.0,626.0,1386216.0,11729200.0,-10342982.0,513329.0
Nepal,30,14766237.0,5161038.0,4801738.0,174007.0,2394.0,2017,745414.0,410.0,31.0,419.0,566.0,253.0,261.0,3.0,785.0,5161038.0,641539531.0,626.0,1386216.0,11729200.0,-10342982.0,1301776.0
Nepal,30,14766237.0,5161038.0,4801738.0,174007.0,1672.0,2018,745414.0,150.0,160.0,148.0,248.0,377.0,537.0,11.0,109.0,5161038.0,641539531.0,626.0,1386216.0,11729200.0,-10342982.0,940722.0
Nepal,30,14766237.0,5161038.0,4801738.0,174007.0,2087.0,2019,745414.0,192.0,83.0,386.0,201.0,605.0,611.0,24.0,61.0,5161038.0,641539531.0,626.0,1386216.0,11729200.0,-10342982.0,1202605.0
Nepal,30,14766237.0,5161038.0,4801738.0,174007.0,2233.0,2020,745414.0,170.0,74.0,233.0,302.0,757.0,685.0,44.0,34.0,5161038.0,641539531.0,626.0,1386216.0,11729200.0,-10342982.0,1244149.0
Nepal,30,14766237.0,5161038.0,4801738.0,174007.0,2753.0,2021,745414.0,249.0,42.0,283.0,432.0,906.0,676.0,62.0,202.0,5161038.0,641539531.0,626.0,1386216.0,11729200.0,-10342982.0,1590214.0
Nepal,30,14766237.0,5161038.0,4801738.0,174007.0,2022.0,2022,745414.0,310.0,41.0,173.0,313.0,643.0,564.0,23.0,131.0,5161038.0,641539531.0,626.0,1386216.0,11729200.0,-10342982.0,1208422.0
Nepal,30,14766237.0,5161038.0,4801738.0,174007.0,2277.0,2023,745414.0,214.0,34.0,349.0,306.0,717.0,521.0,62.0,204.0,5161038.0,641539531.0,626.0,1386216.0,11729200.0,-10342982.0,1311116.0
Nepal,30,14766237.0,5161038.0,4801738.0,174007.0,2679.0,2024,745414.0,286.0,22.0,251.0,272.0,823.0,647.0,57.0,504.0,5161038.0,641539531.0,626.0,1386216.0,11729200.0,-10342982.0,1469121.0
Netherlands,30,3768674.0,593054.0,710849.0,60820.0,737.0,2001,0.0,0.0,4.0,501.0,5.0,38.0,64.0,0.0,1.0,593054.0,37728451.0,301.0,621191.0,4502987.0,-3881798.0,267447.0
Netherlands,30,3768674.0,593054.0,710849.0,60820.0,824.0,2002,0.0,0.0,12.0,673.0,7.0,32.0,40.0,0.0,5.0,593054.0,37728451.0,301.0,621191.0,4502987.0,-3881798.0,291103.0
Netherlands,30,3768674.0,593054.0,710849.0,60820.0,310.0,2003,0.0,0.0,7.0,229.0,2.0,6.0,39.0,0.0,0.0,593054.0,37728451.0,301.0,621191.0,4502987.0,-3881798.0,118146.0
Netherlands,30,3768674.0,593054.0,710849.0,60820.0,1297.0,2004,0.0,0.0,25.0,1120.0,12.0,41.0,51.0,0.0,15.0,593054.0,37728451.0,301.0,621191.0,4502987.0,-3881798.0,457831.0
Netherlands,30,3768674.0,593054.0,710849.0,60820.0,1472.0,2005,0.0,0.0,10.0,1204.0,9.0,52.0,118.0,0.0,2.0,593054.0,37728451.0,301.0,621191.0,4502987.0,-3881798.0,552828.0
Netherlands,30,3768674.0,593054.0,710849.0,60820.0,1482.0,2006,0.0,0.0,12.0,1211.0,8.0,31.0,105.0,0.0,49.0,593054.0,37728451.0,301.0,621191.0,4502987.0,-3881798.0,575430.0
Netherlands,30,3768674.0,593054.0,710849.0,60820.0,1645.0,2007,0.0,0.0,16.0,1405.0,5.0,21.0,144.0,0.0,7.0,593054.0,37728451.0,301.0,621191.0,4502987.0,-3881798.0,672348.0
Netherlands,30,3768674.0,593054.0,710849.0,60820.0,1150.0,2008,0.0,0.0,39.0,934.0,6.0,12.0,85.0,0.0,29.0,593054.0,37728451.0,301.0,621191.0,4502987.0,-3881798.0,478749.0
Netherlands,30,3768674.0,593054.0,710849.0,60820.0,1559.0,2009,0.0,0.0,13.0,1244.0,11.0,60.0,144.0,0.0,18.0,593054.0,37728451.0,301.0,621191.0,4502987.0,-3881798.0,650955.0
Netherlands,30,3768674.0,593054.0,710849.0,60820.0,3403.0,2010,0.0,0.0,13.0,2915.0,12.0,96.0,199.0,0.0,64.0,593054.0,37728451.0,301.0,621191.0,4502987.0,-3881798.0,1410546.0
Netherlands,30,3768674.0,593054.0,710849.0,60820.0,1156.0,2011,0.0,0.0,49.0,898.0,8.0,44.0,77.0,0.0,36.0,593054.0,37728451.0,301.0,621191.0,4502987.0,-3881798.0,496206.0
Netherlands,30,3768674.0,593054.0,710849.0,60820.0,946.0,2012,0.0,0.0,13.0,758.0,5.0,24.0,84.0,0.0,2.0,593054.0,37728451.0,301.0,621191.0,4502987.0,-3881798.0,426148.0
Netherlands,30,3768674.0,593054.0,710849.0,60820.0,514.0,2013,0.0,0.0,16.0,431.0,0.0,12.0,30.0,0.0,7.0,593054.0,37728451.0,301.0,621191.0,4502987.0,-3881798.0,227049.0
Netherlands,30,3768674.0,593054.0,710849.0,60820.0,875.0,2014,0.0,0.0,20.0,725.0,7.0,28.0,60.0,0.0,8.0,593054.0,37728451.0,301.0,621191.0,4502987.0,-3881798.0,388900.0
Netherlands,30,3768674.0,593054.0,710849.0,60820.0,894.0,2015,0.0,0.0,4.0,712.0,0.0,118.0,37.0,0.0,2.0,593054.0,37728451.0,301.0,621191.0,4502987.0,-3881798.0,415294.0
Netherlands,30,3768674.0,593054.0,710849.0,60820.0,1407.0,2016,0.0,0.0,16.0,1074.0,0.0,148.0,130.0,0.0,0.0,593054.0,37728451.0,301.0,621191.0,4502987.0,-3881798.0,657423.0
Netherlands,30,3768674.0,593054.0,710849.0,60820.0,1333.0,2017,0.0,0.0,6.0,1024.0,3.0,50.0,180.0,0.0,13.0,593054.0,37728451.0,301.0,621191.0,4502987.0,-3881798.0,612879.0
Netherlands,30,3768674.0,593054.0,710849.0,60820.0,1270.0,2018,0.0,0.0,8.0,1043.0,0.0,28.0,150.0,0.0,13.0,593054.0,37728451.0,301.0,621191.0,4502987.0,-3881798.0,592598.0
Netherlands,30,3768674.0,593054.0,710849.0,60820.0,2482.0,2019,0.0,0.0,18.0,2185.0,2.0,28.0,189.0,0.0,12.0,593054.0,37728451.0,301.0,621191.0,4502987.0,-3881798.0,1189562.0
Netherlands,30,3768674.0,593054.0,710849.0,60820.0,1923.0,2020,0.0,0.0,11.0,1658.0,12.0,22.0,162.0,0.0,10.0,593054.0,37728451.0,301.0,621191.0,4502987.0,-3881798.0,937147.0
Netherlands,30,3768674.0,593054.0,710849.0,60820.0,2457.0,2021,0.0,0.0,34.0,2127.0,13.0,14.0,186.0,0.0,14.0,593054.0,37728451.0,301.0,621191.0,4502987.0,-3881798.0,1270255.0
Netherlands,30,3768674.0,593054.0,710849.0,60820.0,1187.0,2022,0.0,0.0,1.0,1031.0,14.0,7.0,81.0,0.0,21.0,593054.0,37728451.0,301.0,621191.0,4502987.0,-3881798.0,619768.0
Netherlands,30,3768674.0,593054.0,710849.0,60820.0,1578.0,2023,0.0,0.0,21.0,1362.0,1.0,13.0,99.0,0.0,43.0,593054.0,37728451.0,301.0,621191.0,4502987.0,-3881798.0,825534.0
Netherlands,30,3768674.0,593054.0,710849.0,60820.0,1508.0,2024,0.0,0.0,29.0,1302.0,19.0,15.0,97.0,0.0,15.0,593054.0,37728451.0,301.0,621191.0,4502987.0,-3881798.0,774412.0
New Caledonia,30,1882560.0,1440327.0,1397587.0,1855.0,698.0,2001,0.0,0.0,27.0,33.0,80.0,235.0,46.0,0.0,193.0,1440327.0,118446282.0,365.0,457663.0,9433340.0,-8975676.0,269615.0
New Caledonia,30,1882560.0,1440327.0,1397587.0,1855.0,627.0,2002,0.0,0.0,43.0,28.0,71.0,200.0,72.0,0.0,154.0,1440327.0,118446282.0,365.0,457663.0,9433340.0,-8975676.0,226236.0
New Caledonia,30,1882560.0,1440327.0,1397587.0,1855.0,884.0,2003,0.0,0.0,48.0,43.0,123.0,76.0,37.0,0.0,490.0,1440327.0,118446282.0,365.0,457663.0,9433340.0,-8975676.0,312409.0
New Caledonia,30,1882560.0,1440327.0,1397587.0,1855.0,1509.0,2004,0.0,0.0,132.0,51.0,109.0,130.0,145.0,0.0,870.0,1440327.0,118446282.0,365.0,457663.0,9433340.0,-8975676.0,509896.0
New Caledonia,30,1882560.0,1440327.0,1397587.0,1855.0,1471.0,2005,0.0,0.0,106.0,37.0,135.0,165.0,36.0,0.0,935.0,1440327.0,118446282.0,365.0,457663.0,9433340.0,-8975676.0,501671.0
New Caledonia,30,1882560.0,1440327.0,1397587.0,1855.0,2134.0,2006,0.0,0.0,106.0,25.0,71.0,72.0,74.0,0.0,1741.0,1440327.0,118446282.0,365.0,457663.0,9433340.0,-8975676.0,633792.0
New Caledonia,30,1882560.0,1440327.0,1397587.0,1855.0,976.0,2007,0.0,0.0,125.0,37.0,69.0,172.0,53.0,0.0,465.0,1440327.0,118446282.0,365.0,457663.0,9433340.0,-8975676.0,364697.0
New Caledonia,30,1882560.0,1440327.0,1397587.0,1855.0,522.0,2008,0.0,0.0,105.0,32.0,115.0,40.0,54.0,0.0,91.0,1440327.0,118446282.0,365.0,457663.0,9433340.0,-8975676.0,229113.0
New Caledonia,30,1882560.0,1440327.0,1397587.0,1855.0,976.0,2009,0.0,0.0,88.0,73.0,219.0,208.0,76.0,0.0,212.0,1440327.0,118446282.0,365.0,457663.0,9433340.0,-8975676.0,419901.0
New Caledonia,30,1882560.0,1440327.0,1397587.0,1855.0,550.0,2010,0.0,0.0,39.0,33.0,73.0,124.0,51.0,0.0,174.0,1440327.0,118446282.0,365.0,457663.0,9433340.0,-8975676.0,227464.0
New Caledonia,30,1882560.0,1440327.0,1397587.0,1855.0,709.0,2011,0.0,0.0,117.0,39.0,106.0,91.0,44.0,0.0,197.0,1440327.0,118446282.0,365.0,457663.0,9433340.0,-8975676.0,318869.0
New Caledonia,30,1882560.0,1440327.0,1397587.0,1855.0,839.0,2012,0.0,0.0,121.0,27.0,166.0,98.0,31.0,0.0,233.0,1440327.0,118446282.0,365.0,457663.0,9433340.0,-8975676.0,379958.0
New Caledonia,30,1882560.0,1440327.0,1397587.0,1855.0,2282.0,2013,0.0,0.0,94.0,134.0,333.0,545.0,60.0,1.0,923.0,1440327.0,118446282.0,365.0,457663.0,9433340.0,-8975676.0,888122.0
New Caledonia,30,1882560.0,1440327.0,1397587.0,1855.0,2050.0,2014,0.0,0.0,100.0,102.0,261.0,281.0,85.0,4.0,1113.0,1440327.0,118446282.0,365.0,457663.0,9433340.0,-8975676.0,785839.0
New Caledonia,30,1882560.0,1440327.0,1397587.0,1855.0,486.0,2015,0.0,0.0,45.0,42.0,68.0,173.0,24.0,0.0,121.0,1440327.0,118446282.0,365.0,457663.0,9433340.0,-8975676.0,198370.0
New Caledonia,30,1882560.0,1440327.0,1397587.0,1855.0,1324.0,2016,0.0,0.0,22.0,79.0,90.0,127.0,22.0,0.0,971.0,1440327.0,118446282.0,365.0,457663.0,9433340.0,-8975676.0,445726.0
New Caledonia,30,1882560.0,1440327.0,1397587.0,1855.0,1161.0,2017,0.0,0.0,26.0,100.0,132.0,116.0,53.0,0.0,718.0,1440327.0,118446282.0,365.0,457663.0,9433340.0,-8975676.0,455165.0
New Caledonia,30,1882560.0,1440327.0,1397587.0,1855.0,3070.0,2018,0.0,0.0,123.0,90.0,147.0,81.0,36.0,0.0,2567.0,1440327.0,118446282.0,365.0,457663.0,9433340.0,-8975676.0,987113.0
New Caledonia,30,1882560.0,1440327.0,1397587.0,1855.0,811.0,2019,0.0,0.0,24.0,59.0,74.0,95.0,44.0,0.0,500.0,1440327.0,118446282.0,365.0,457663.0,9433340.0,-8975676.0,284710.0
New Caledonia,30,1882560.0,1440327.0,1397587.0,1855.0,4066.0,2020,0.0,0.0,44.0,55.0,149.0,63.0,22.0,0.0,3702.0,1440327.0,118446282.0,365.0,457663.0,9433340.0,-8975676.0,1340972.0
New Caledonia,30,1882560.0,1440327.0,1397587.0,1855.0,656.0,2021,0.0,0.0,27.0,59.0,104.0,42.0,17.0,4.0,379.0,1440327.0,118446282.0,365.0,457663.0,9433340.0,-8975676.0,258563.0
New Caledonia,30,1882560.0,1440327.0,1397587.0,1855.0,375.0,2022,0.0,0.0,16.0,41.0,27.0,11.0,5.0,0.0,264.0,1440327.0,118446282.0,365.0,457663.0,9433340.0,-8975676.0,145153.0
New Caledonia,30,1882560.0,1440327.0,1397587.0,1855.0,597.0,2023,0.0,0.0,14.0,18.0,50.0,65.0,11.0,0.0,428.0,1440327.0,118446282.0,365.0,457663.0,9433340.0,-8975676.0,209059.0
New Caledonia,30,1882560.0,1440327.0,1397587.0,1855.0,1782.0,2024,0.0,0.0,23.0,28.0,116.0,148.0,44.0,2.0,1396.0,1440327.0,118446282.0,365.0,457663.0,9433340.0,-8975676.0,591522.0
New Zealand,30,26716626.0,11255805.0,11432839.0,434875.0,50528.0,2001,0.0,0.0,79.0,44030.0,353.0,4901.0,158.0,0.0,493.0,11255805.0,935544880.0,493.0,39261223.0,60416835.0,-21155612.0,21180797.0
New Zealand,30,26716626.0,11255805.0,11432839.0,434875.0,63227.0,2002,0.0,0.0,74.0,54769.0,330.0,7048.0,234.0,2.0,390.0,11255805.0,935544880.0,493.0,39261223.0,60416835.0,-21155612.0,28229305.0
New Zealand,30,26716626.0,11255805.0,11432839.0,434875.0,44799.0,2003,0.0,0.0,30.0,37337.0,1346.0,4924.0,274.0,5.0,463.0,11255805.0,935544880.0,493.0,39261223.0,60416835.0,-21155612.0,20380844.0
New Zealand,30,26716626.0,11255805.0,11432839.0,434875.0,60681.0,2004,0.0,0.0,61.0,50439.0,714.0,7904.0,409.0,1.0,737.0,11255805.0,935544880.0,493.0,39261223.0,60416835.0,-21155612.0,29075234.0
New Zealand,30,26716626.0,11255805.0,11432839.0,434875.0,52520.0,2005,0.0,0.0,152.0,41315.0,1016.0,8093.0,459.0,0.0,960.0,11255805.0,935544880.0,493.0,39261223.0,60416835.0,-21155612.0,25585066.0
New Zealand,30,26716626.0,11255805.0,11432839.0,434875.0,61672.0,2006,0.0,0.0,95.0,49243.0,572.0,10168.0,412.0,1.0,791.0,11255805.0,935544880.0,493.0,39261223.0,60416835.0,-21155612.0,31444864.0
New Zealand,30,26716626.0,11255805.0,11432839.0,434875.0,62644.0,2007,0.0,0.0,229.0,45557.0,914.0,14191.0,437.0,1.0,816.0,11255805.0,935544880.0,493.0,39261223.0,60416835.0,-21155612.0,32463959.0
New Zealand,30,26716626.0,11255805.0,11432839.0,434875.0,61373.0,2008,0.0,0.0,60.0,49243.0,890.0,9820.0,261.0,0.0,567.0,11255805.0,935544880.0,493.0,39261223.0,60416835.0,-21155612.0,33418476.0
New Zealand,30,26716626.0,11255805.0,11432839.0,434875.0,59614.0,2009,0.0,0.0,96.0,50539.0,628.0,7075.0,240.0,0.0,579.0,11255805.0,935544880.0,493.0,39261223.0,60416835.0,-21155612.0,33833913.0
New Zealand,30,26716626.0,11255805.0,11432839.0,434875.0,56122.0,2010,0.0,0.0,114.0,48493.0,476.0,5939.0,258.0,0.0,394.0,11255805.0,935544880.0,493.0,39261223.0,60416835.0,-21155612.0,32341806.0
New Zealand,30,26716626.0,11255805.0,11432839.0,434875.0,59944.0,2011,0.0,0.0,118.0,51797.0,541.0,6479.0,167.0,0.0,330.0,11255805.0,935544880.0,493.0,39261223.0,60416835.0,-21155612.0,35628871.0
New Zealand,30,26716626.0,11255805.0,11432839.0,434875.0,69500.0,2012,0.0,0.0,133.0,59330.0,572.0,7213.0,279.0,0.0,1052.0,11255805.0,935544880.0,493.0,39261223.0,60416835.0,-21155612.0,41634018.0
New Zealand,30,26716626.0,11255805.0,11432839.0,434875.0,77540.0,2013,0.0,0.0,108.0,63592.0,1302.0,9454.0,226.0,0.0,2038.0,11255805.0,935544880.0,493.0,39261223.0,60416835.0,-21155612.0,46779188.0
New Zealand,30,26716626.0,11255805.0,11432839.0,434875.0,79411.0,2014,0.0,0.0,171.0,63405.0,4719.0,8303.0,242.0,1.0,1919.0,11255805.0,935544880.0,493.0,39261223.0,60416835.0,-21155612.0,48463330.0
New Zealand,30,26716626.0,11255805.0,11432839.0,434875.0,64003.0,2015,0.0,0.0,84.0,56521.0,630.0,5033.0,177.0,0.0,1315.0,11255805.0,935544880.0,493.0,39261223.0,60416835.0,-21155612.0,41712572.0
New Zealand,30,26716626.0,11255805.0,11432839.0,434875.0,80359.0,2016,0.0,0.0,146.0,67659.0,1503.0,6326.0,312.0,1.0,4120.0,11255805.0,935544880.0,493.0,39261223.0,60416835.0,-21155612.0,51970830.0
New Zealand,30,26716626.0,11255805.0,11432839.0,434875.0,74885.0,2017,0.0,0.0,108.0,66602.0,604.0,5039.0,274.0,15.0,1944.0,11255805.0,935544880.0,493.0,39261223.0,60416835.0,-21155612.0,51531679.0
New Zealand,30,26716626.0,11255805.0,11432839.0,434875.0,79227.0,2018,0.0,0.0,72.0,71747.0,1206.0,3827.0,215.0,1.0,1866.0,11255805.0,935544880.0,493.0,39261223.0,60416835.0,-21155612.0,56251888.0
New Zealand,30,26716626.0,11255805.0,11432839.0,434875.0,71430.0,2019,0.0,0.0,107.0,65772.0,485.0,2914.0,149.0,3.0,1821.0,11255805.0,935544880.0,493.0,39261223.0,60416835.0,-21155612.0,52222953.0
New Zealand,30,26716626.0,11255805.0,11432839.0,434875.0,60924.0,2020,0.0,0.0,45.0,56147.0,621.0,2117.0,140.0,0.0,1670.0,11255805.0,935544880.0,493.0,39261223.0,60416835.0,-21155612.0,45414453.0
New Zealand,30,26716626.0,11255805.0,11432839.0,434875.0,66243.0,2021,0.0,0.0,57.0,61638.0,455.0,2223.0,163.0,2.0,1527.0,11255805.0,935544880.0,493.0,39261223.0,60416835.0,-21155612.0,53035810.0
New Zealand,30,26716626.0,11255805.0,11432839.0,434875.0,58513.0,2022,0.0,0.0,57.0,52701.0,671.0,2015.0,187.0,8.0,2703.0,11255805.0,935544880.0,493.0,39261223.0,60416835.0,-21155612.0,47260173.0
New Zealand,30,26716626.0,11255805.0,11432839.0,434875.0,50464.0,2023,0.0,0.0,48.0,46400.0,524.0,1344.0,145.0,7.0,1928.0,11255805.0,935544880.0,493.0,39261223.0,60416835.0,-21155612.0,45170265.0
New Zealand,30,26716626.0,11255805.0,11432839.0,434875.0,39497.0,2024,0.0,0.0,28.0,36221.0,199.0,1382.0,99.0,44.0,1472.0,11255805.0,935544880.0,493.0,39261223.0,60416835.0,-21155612.0,37239056.0
Nicaragua,30,12817891.0,7773867.0,7619468.0,142391.0,44089.0,2001,0.0,0.0,20.0,1371.0,457.0,40709.0,55.0,926.0,400.0,7773867.0,667230299.0,428.0,46150522.0,32055385.0,14095137.0,21190743.0
Nicaragua,30,12817891.0,7773867.0,7619468.0,142391.0,54178.0,2002,2024916.0,5753.0,23.0,154.0,262.0,52542.0,46.0,980.0,95.0,7773867.0,667230299.0,428.0,46150522.0,32055385.0,14095137.0,28277306.0
Nicaragua,30,12817891.0,7773867.0,7619468.0,142391.0,46944.0,2003,2024916.0,5123.0,33.0,47.0,306.0,45502.0,32.0,828.0,59.0,7773867.0,667230299.0,428.0,46150522.0,32055385.0,14095137.0,23538951.0
Nicaragua,30,12817891.0,7773867.0,7619468.0,142391.0,21061.0,2004,2024916.0,3182.0,50.0,27.0,224.0,19995.0,32.0,595.0,48.0,7773867.0,667230299.0,428.0,46150522.0,32055385.0,14095137.0,10567154.0
Nicaragua,30,12817891.0,7773867.0,7619468.0,142391.0,95135.0,2005,2024916.0,11309.0,38.0,45.0,356.0,92910.0,77.0,1488.0,118.0,7773867.0,667230299.0,428.0,46150522.0,32055385.0,14095137.0,49709311.0
Nicaragua,30,12817891.0,7773867.0,7619468.0,142391.0,38866.0,2006,2024916.0,8817.0,20.0,42.0,475.0,36513.0,75.0,1488.0,145.0,7773867.0,667230299.0,428.0,46150522.0,32055385.0,14095137.0,20808008.0
Nicaragua,30,12817891.0,7773867.0,7619468.0,142391.0,88478.0,2007,2024916.0,36159.0,35.0,37.0,1011.0,85220.0,104.0,1871.0,60.0,7773867.0,667230299.0,428.0,46150522.0,32055385.0,14095137.0,49309596.0
Nicaragua,30,12817891.0,7773867.0,7619468.0,142391.0,53793.0,2008,2024916.0,8020.0,33.0,27.0,1096.0,51266.0,64.0,1111.0,85.0,7773867.0,667230299.0,428.0,46150522.0,32055385.0,14095137.0,28725032.0
Nicaragua,30,12817891.0,7773867.0,7619468.0,142391.0,83078.0,2009,2024916.0,16023.0,39.0,16.0,506.0,80688.0,39.0,1530.0,169.0,7773867.0,667230299.0,428.0,46150522.0,32055385.0,14095137.0,46031100.0
Nicaragua,30,12817891.0,7773867.0,7619468.0,142391.0,212482.0,2010,2024916.0,30518.0,112.0,52.0,982.0,207793.0,106.0,2865.0,389.0,7773867.0,667230299.0,428.0,46150522.0,32055385.0,14095137.0,116482992.0
Nicaragua,30,12817891.0,7773867.0,7619468.0,142391.0,43280.0,2011,2024916.0,14502.0,36.0,12.0,450.0,40618.0,28.0,2017.0,62.0,7773867.0,667230299.0,428.0,46150522.0,32055385.0,14095137.0,24705848.0
Nicaragua,30,12817891.0,7773867.0,7619468.0,142391.0,33691.0,2012,2024916.0,7260.0,25.0,34.0,450.0,32298.0,61.0,615.0,64.0,7773867.0,667230299.0,428.0,46150522.0,32055385.0,14095137.0,18453625.0
Nicaragua,30,12817891.0,7773867.0,7619468.0,142391.0,44030.0,2013,2024916.0,14014.0,11.0,25.0,307.0,41361.0,20.0,2077.0,140.0,7773867.0,667230299.0,428.0,46150522.0,32055385.0,14095137.0,24738454.0
Nicaragua,30,12817891.0,7773867.0,7619468.0,142391.0,75550.0,2014,2024916.0,23323.0,32.0,44.0,567.0,71618.0,46.0,2860.0,305.0,7773867.0,667230299.0,428.0,46150522.0,32055385.0,14095137.0,42259964.0
Nicaragua,30,12817891.0,7773867.0,7619468.0,142391.0,35521.0,2015,2024916.0,12542.0,9.0,9.0,361.0,33468.0,29.0,1407.0,213.0,7773867.0,667230299.0,428.0,46150522.0,32055385.0,14095137.0,20044663.0
Nicaragua,30,12817891.0,7773867.0,7619468.0,142391.0,142379.0,2016,2024916.0,47402.0,26.0,118.0,2128.0,133396.0,22.0,4801.0,1833.0,7773867.0,667230299.0,428.0,46150522.0,32055385.0,14095137.0,80780401.0
Nicaragua,30,12817891.0,7773867.0,7619468.0,142391.0,211699.0,2017,2024916.0,150613.0,18.0,2091.0,51187.0,128688.0,58.0,15340.0,14265.0,7773867.0,667230299.0,428.0,46150522.0,32055385.0,14095137.0,117528223.0
Nicaragua,30,12817891.0,7773867.0,7619468.0,142391.0,71361.0,2018,2024916.0,32008.0,37.0,43.0,1081.0,66137.0,24.0,3283.0,729.0,7773867.0,667230299.0,428.0,46150522.0,32055385.0,14095137.0,41439522.0
Nicaragua,30,12817891.0,7773867.0,7619468.0,142391.0,77828.0,2019,2024916.0,33909.0,35.0,107.0,951.0,71236.0,27.0,3799.0,1649.0,7773867.0,667230299.0,428.0,46150522.0,32055385.0,14095137.0,45165032.0
Nicaragua,30,12817891.0,7773867.0,7619468.0,142391.0,111296.0,2020,2024916.0,52625.0,13.0,1005.0,7674.0,64901.0,29.0,5772.0,31841.0,7773867.0,667230299.0,428.0,46150522.0,32055385.0,14095137.0,60111311.0
Nicaragua,30,12817891.0,7773867.0,7619468.0,142391.0,91835.0,2021,2024916.0,54030.0,29.0,1108.0,6847.0,61156.0,20.0,4116.0,18490.0,7773867.0,667230299.0,428.0,46150522.0,32055385.0,14095137.0,51700076.0
Nicaragua,30,12817891.0,7773867.0,7619468.0,142391.0,48981.0,2022,2024916.0,22637.0,21.0,102.0,674.0,44863.0,18.0,2365.0,917.0,7773867.0,667230299.0,428.0,46150522.0,32055385.0,14095137.0,29057218.0
Nicaragua,30,12817891.0,7773867.0,7619468.0,142391.0,117537.0,2023,2024916.0,60016.0,48.0,72.0,1343.0,98358.0,16.0,8478.0,9205.0,7773867.0,667230299.0,428.0,46150522.0,32055385.0,14095137.0,68205981.0
Nicaragua,30,12817891.0,7773867.0,7619468.0,142391.0,157981.0,2024,2024916.0,94797.0,36.0,669.0,2729.0,116100.0,24.0,15326.0,23055.0,7773867.0,667230299.0,428.0,46150522.0,32055385.0,14095137.0,88782031.0
Niger,30,118366969.0,2.0,48.0,5781.0,0.0,2001,0.0,0.0,0.0,0.0,0.0,0.0,0.0,0.0,0.0,2.0,85.0,37.0,43.0,10545.0,-10502.0,26.0
Niger,30,118366969.0,2.0,48.0,5781.0,1.0,2002,0.0,0.0,0.0,0.0,0.0,0.0,0.0,0.0,0.0,2.0,85.0,37.0,43.0,10545.0,-10502.0,125.0
Niger,30,118366969.0,2.0,48.0,5781.0,0.0,2003,0.0,0.0,0.0,0.0,0.0,0.0,0.0,0.0,0.0,2.0,85.0,37.0,43.0,10545.0,-10502.0,35.0
Niger,30,118366969.0,2.0,48.0,5781.0,0.0,2004,0.0,0.0,0.0,0.0,0.0,0.0,0.0,0.0,0.0,2.0,85.0,37.0,43.0,10545.0,-10502.0,15.0
Niger,30,118366969.0,2.0,48.0,5781.0,0.0,2005,0.0,0.0,0.0,0.0,0.0,0.0,0.0,0.0,0.0,2.0,85.0,37.0,43.0,10545.0,-10502.0,0.0
Niger,30,118366969.0,2.0,48.0,5781.0,0.0,2006,0.0,0.0,0.0,0.0,0.0,0.0,0.0,0.0,0.0,2.0,85.0,37.0,43.0,10545.0,-10502.0,0.0
Niger,30,118366969.0,2.0,48.0,5781.0,0.0,2007,0.0,0.0,0.0,0.0,0.0,0.0,0.0,0.0,0.0,2.0,85.0,37.0,43.0,10545.0,-10502.0,17.0
Niger,30,118366969.0,2.0,48.0,5781.0,0.0,2008,0.0,0.0,0.0,0.0,0.0,0.0,0.0,0.0,0.0,2.0,85.0,37.0,43.0,10545.0,-10502.0,0.0
Niger,30,118366969.0,2.0,48.0,5781.0,0.0,2009,0.0,0.0,0.0,0.0,0.0,0.0,0.0,0.0,0.0,2.0,85.0,37.0,43.0,10545.0,-10502.0,0.0
Niger,30,118366969.0,2.0,48.0,5781.0,0.0,2010,0.0,0.0,0.0,0.0,0.0,0.0,0.0,0.0,0.0,2.0,85.0,37.0,43.0,10545.0,-10502.0,0.0
Niger,30,118366969.0,2.0,48.0,5781.0,0.0,2011,0.0,0.0,0.0,0.0,0.0,0.0,0.0,0.0,0.0,2.0,85.0,37.0,43.0,10545.0,-10502.0,0.0
Niger,30,118366969.0,2.0,48.0,5781.0,0.0,2012,0.0,0.0,0.0,0.0,0.0,0.0,0.0,0.0,0.0,2.0,85.0,37.0,43.0,10545.0,-10502.0,0.0
Niger,30,118366969.0,2.0,48.0,5781.0,0.0,2013,0.0,0.0,0.0,0.0,0.0,0.0,0.0,0.0,0.0,2.0,85.0,37.0,43.0,10545.0,-10502.0,0.0
Niger,30,118366969.0,2.0,48.0,5781.0,0.0,2014,0.0,0.0,0.0,0.0,0.0,0.0,0.0,0.0,0.0,2.0,85.0,37.0,43.0,10545.0,-10502.0,0.0
Niger,30,118366969.0,2.0,48.0,5781.0,0.0,2015,0.0,0.0,0.0,0.0,0.0,0.0,0.0,0.0,0.0,2.0,85.0,37.0,43.0,10545.0,-10502.0,0.0
Niger,30,118366969.0,2.0,48.0,5781.0,0.0,2016,0.0,0.0,0.0,0.0,0.0,0.0,0.0,0.0,0.0,2.0,85.0,37.0,43.0,10545.0,-10502.0,4.0
Niger,30,118366969.0,2.0,48.0,5781.0,0.0,2017,0.0,0.0,0.0,0.0,0.0,0.0,0.0,0.0,0.0,2.0,85.0,37.0,43.0,10545.0,-10502.0,0.0
Niger,30,118366969.0,2.0,48.0,5781.0,0.0,2018,0.0,0.0,0.0,0.0,0.0,0.0,0.0,0.0,0.0,2.0,85.0,37.0,43.0,10545.0,-10502.0,0.0
Niger,30,118366969.0,2.0,48.0,5781.0,0.0,2019,0.0,0.0,0.0,0.0,0.0,0.0,0.0,0.0,0.0,2.0,85.0,37.0,43.0,10545.0,-10502.0,0.0
Niger,30,118366969.0,2.0,48.0,5781.0,0.0,2020,0.0,0.0,0.0,0.0,0.0,0.0,0.0,0.0,0.0,2.0,85.0,37.0,43.0,10545.0,-10502.0,0.0
Niger,30,118366969.0,2.0,48.0,5781.0,0.0,2021,0.0,0.0,0.0,0.0,0.0,0.0,0.0,0.0,0.0,2.0,85.0,37.0,43.0,10545.0,-10502.0,69.0
Niger,30,118366969.0,2.0,48.0,5781.0,0.0,2022,0.0,0.0,0.0,0.0,0.0,0.0,0.0,0.0,0.0,2.0,85.0,37.0,43.0,10545.0,-10502.0,206.0
Niger,30,118366969.0,2.0,48.0,5781.0,0.0,2023,0.0,0.0,0.0,0.0,0.0,0.0,0.0,0.0,0.0,2.0,85.0,37.0,43.0,10545.0,-10502.0,146.0
Niger,30,118366969.0,2.0,48.0,5781.0,0.0,2024,0.0,0.0,0.0,0.0,0.0,0.0,0.0,0.0,0.0,2.0,85.0,37.0,43.0,10545.0,-10502.0,397.0
Nigeria,30,90840970.0,10048743.0,10934423.0,927799.0,43386.0,2001,0.0,0.0,90.0,222.0,167.0,36379.0,4441.0,1875.0,0.0,10048743.0,641405284.0,385.0,33533522.0,83898009.0,-50364487.0,15242039.0
Nigeria,30,90840970.0,10048743.0,10934423.0,927799.0,32346.0,2002,1917983.0,6131.0,97.0,344.0,185.0,27699.0,2160.0,1714.0,1.0,10048743.0,641405284.0,385.0,33533522.0,83898009.0,-50364487.0,12102877.0
Nigeria,30,90840970.0,10048743.0,10934423.0,927799.0,13380.0,2003,1917983.0,1830.0,27.0,78.0,42.0,11685.0,584.0,829.0,2.0,10048743.0,641405284.0,385.0,33533522.0,83898009.0,-50364487.0,4759870.0
Nigeria,30,90840970.0,10048743.0,10934423.0,927799.0,14645.0,2004,1917983.0,3055.0,33.0,205.0,102.0,12385.0,622.0,1093.0,1.0,10048743.0,641405284.0,385.0,33533522.0,83898009.0,-50364487.0,5539931.0
Nigeria,30,90840970.0,10048743.0,10934423.0,927799.0,13281.0,2005,1917983.0,1922.0,85.0,174.0,104.0,10643.0,1477.0,553.0,2.0,10048743.0,641405284.0,385.0,33533522.0,83898009.0,-50364487.0,5194238.0
Nigeria,30,90840970.0,10048743.0,10934423.0,927799.0,26167.0,2006,1917983.0,3457.0,95.0,254.0,102.0,22404.0,2197.0,945.0,2.0,10048743.0,641405284.0,385.0,33533522.0,83898009.0,-50364487.0,10225853.0
Nigeria,30,90840970.0,10048743.0,10934423.0,927799.0,24573.0,2007,1917983.0,2752.0,83.0,136.0,91.0,19392.0,3912.0,827.0,0.0,10048743.0,641405284.0,385.0,33533522.0,83898009.0,-50364487.0,10101696.0
Nigeria,30,90840970.0,10048743.0,10934423.0,927799.0,27471.0,2008,1917983.0,4089.0,158.0,169.0,99.0,22117.0,3988.0,744.0,1.0,10048743.0,641405284.0,385.0,33533522.0,83898009.0,-50364487.0,11774463.0
Nigeria,30,90840970.0,10048743.0,10934423.0,927799.0,25291.0,2009,1917983.0,3923.0,179.0,235.0,186.0,20362.0,3380.0,776.0,0.0,10048743.0,641405284.0,385.0,33533522.0,83898009.0,-50364487.0,10934806.0
Nigeria,30,90840970.0,10048743.0,10934423.0,927799.0,32782.0,2010,1917983.0,6780.0,165.0,309.0,129.0,27214.0,3721.0,1037.0,0.0,10048743.0,641405284.0,385.0,33533522.0,83898009.0,-50364487.0,15222622.0
Nigeria,30,90840970.0,10048743.0,10934423.0,927799.0,53890.0,2011,1917983.0,7402.0,207.0,237.0,139.0,46583.0,5238.0,1250.0,0.0,10048743.0,641405284.0,385.0,33533522.0,83898009.0,-50364487.0,22934074.0
Nigeria,30,90840970.0,10048743.0,10934423.0,927799.0,34972.0,2012,1917983.0,6061.0,145.0,129.0,72.0,29489.0,4244.0,722.0,0.0,10048743.0,641405284.0,385.0,33533522.0,83898009.0,-50364487.0,16683899.0
Nigeria,30,90840970.0,10048743.0,10934423.0,927799.0,43436.0,2013,1917983.0,6385.0,301.0,658.0,210.0,35758.0,3569.0,2650.0,1.0,10048743.0,641405284.0,385.0,33533522.0,83898009.0,-50364487.0,22565197.0
Nigeria,30,90840970.0,10048743.0,10934423.0,927799.0,68637.0,2014,1917983.0,9928.0,648.0,1457.0,198.0,57565.0,4270.0,4136.0,1.0,10048743.0,641405284.0,385.0,33533522.0,83898009.0,-50364487.0,37271324.0
Nigeria,30,90840970.0,10048743.0,10934423.0,927799.0,40928.0,2015,1917983.0,5318.0,418.0,307.0,82.0,35146.0,2603.0,2317.0,0.0,10048743.0,641405284.0,385.0,33533522.0,83898009.0,-50364487.0,23163655.0
Nigeria,30,90840970.0,10048743.0,10934423.0,927799.0,72189.0,2016,1917983.0,12335.0,542.0,599.0,208.0,63715.0,3153.0,3833.0,2.0,10048743.0,641405284.0,385.0,33533522.0,83898009.0,-50364487.0,40953938.0
Nigeria,30,90840970.0,10048743.0,10934423.0,927799.0,171045.0,2017,1917983.0,17389.0,894.0,1674.0,382.0,149864.0,6845.0,10890.0,252.0,10048743.0,641405284.0,385.0,33533522.0,83898009.0,-50364487.0,99251087.0
Nigeria,30,90840970.0,10048743.0,10934423.0,927799.0,119822.0,2018,1917983.0,15182.0,624.0,1516.0,401.0,105506.0,3339.0,8300.0,45.0,10048743.0,641405284.0,385.0,33533522.0,83898009.0,-50364487.0,69733181.0
Nigeria,30,90840970.0,10048743.0,10934423.0,927799.0,86895.0,2019,1917983.0,12095.0,484.0,749.0,158.0,77790.0,1859.0,5795.0,4.0,10048743.0,641405284.0,385.0,33533522.0,83898009.0,-50364487.0,48616792.0
Nigeria,30,90840970.0,10048743.0,10934423.0,927799.0,99200.0,2020,1917983.0,14586.0,624.0,1866.0,280.0,87875.0,2746.0,5682.0,20.0,10048743.0,641405284.0,385.0,33533522.0,83898009.0,-50364487.0,60291220.0
Nigeria,30,90840970.0,10048743.0,10934423.0,927799.0,97194.0,2021,1917983.0,12138.0,960.0,1393.0,209.0,85718.0,2384.0,6354.0,30.0,10048743.0,641405284.0,385.0,33533522.0,83898009.0,-50364487.0,65091479.0
Nigeria,30,90840970.0,10048743.0,10934423.0,927799.0,106190.0,2022,1917983.0,12858.0,1041.0,1030.0,461.0,94634.0,2502.0,6252.0,176.0,10048743.0,641405284.0,385.0,33533522.0,83898009.0,-50364487.0,70495536.0
Nigeria,30,90840970.0,10048743.0,10934423.0,927799.0,85267.0,2023,1917983.0,12000.0,812.0,773.0,413.0,74197.0,1324.0,7545.0,167.0,10048743.0,641405284.0,385.0,33533522.0,83898009.0,-50364487.0,54693455.0
Nigeria,30,90840970.0,10048743.0,10934423.0,927799.0,105645.0,2024,1917983.0,10638.0,1382.0,970.0,363.0,94298.0,2462.0,5948.0,166.0,10048743.0,641405284.0,385.0,33533522.0,83898009.0,-50364487.0,71961300.0
North Korea,30,12270649.0,5195566.0,4995618.0,288448.0,11944.0,2001,0.0,0.0,94.0,5630.0,21.0,1984.0,53.0,1.0,3888.0,5195566.0,251514131.0,236.0,3517120.0,24518335.0,-21001215.0,2797474.0
North Korea,30,12270649.0,5195566.0,4995618.0,288448.0,5357.0,2002,0.0,0.0,72.0,3006.0,18.0,1177.0,10.0,1.0,954.0,5195566.0,251514131.0,236.0,3517120.0,24518335.0,-21001215.0,1428956.0
North Korea,30,12270649.0,5195566.0,4995618.0,288448.0,7348.0,2003,0.0,0.0,26.0,4776.0,7.0,1238.0,11.0,1.0,1131.0,5195566.0,251514131.0,236.0,3517120.0,24518335.0,-21001215.0,2074776.0
North Korea,30,12270649.0,5195566.0,4995618.0,288448.0,11357.0,2004,0.0,0.0,69.0,5766.0,50.0,2264.0,21.0,0.0,3009.0,5195566.0,251514131.0,236.0,3517120.0,24518335.0,-21001215.0,2990444.0
North Korea,30,12270649.0,5195566.0,4995618.0,288448.0,16524.0,2005,0.0,0.0,122.0,7404.0,42.0,3350.0,31.0,8.0,5372.0,5195566.0,251514131.0,236.0,3517120.0,24518335.0,-21001215.0,4192616.0
North Korea,30,12270649.0,5195566.0,4995618.0,288448.0,12579.0,2006,0.0,0.0,41.0,7889.0,15.0,2817.0,24.0,3.0,1505.0,5195566.0,251514131.0,236.0,3517120.0,24518335.0,-21001215.0,3789025.0
North Korea,30,12270649.0,5195566.0,4995618.0,288448.0,13288.0,2007,0.0,0.0,56.0,6075.0,16.0,4816.0,13.0,0.0,2174.0,5195566.0,251514131.0,236.0,3517120.0,24518335.0,-21001215.0,3958681.0
North Korea,30,12270649.0,5195566.0,4995618.0,288448.0,18782.0,2008,0.0,0.0,82.0,8072.0,26.0,6327.0,30.0,1.0,3965.0,5195566.0,251514131.0,236.0,3517120.0,24518335.0,-21001215.0,5411613.0
North Korea,30,12270649.0,5195566.0,4995618.0,288448.0,13113.0,2009,0.0,0.0,53.0,6015.0,10.0,4141.0,20.0,1.0,2714.0,5195566.0,251514131.0,236.0,3517120.0,24518335.0,-21001215.0,3751912.0
North Korea,30,12270649.0,5195566.0,4995618.0,288448.0,19014.0,2010,0.0,0.0,91.0,9742.0,24.0,6124.0,31.0,2.0,2734.0,5195566.0,251514131.0,236.0,3517120.0,24518335.0,-21001215.0,5974756.0
North Korea,30,12270649.0,5195566.0,4995618.0,288448.0,5422.0,2011,0.0,0.0,47.0,2673.0,13.0,830.0,14.0,0.0,1695.0,5195566.0,251514131.0,236.0,3517120.0,24518335.0,-21001215.0,1421069.0
North Korea,30,12270649.0,5195566.0,4995618.0,288448.0,16681.0,2012,0.0,0.0,121.0,8192.0,25.0,6514.0,32.0,5.0,1497.0,5195566.0,251514131.0,236.0,3517120.0,24518335.0,-21001215.0,5502188.0
North Korea,30,12270649.0,5195566.0,4995618.0,288448.0,5022.0,2013,0.0,0.0,25.0,3654.0,18.0,697.0,7.0,3.0,466.0,5195566.0,251514131.0,236.0,3517120.0,24518335.0,-21001215.0,1518695.0
North Korea,30,12270649.0,5195566.0,4995618.0,288448.0,10941.0,2014,0.0,0.0,61.0,5191.0,20.0,3387.0,41.0,1.0,2061.0,5195566.0,251514131.0,236.0,3517120.0,24518335.0,-21001215.0,3153732.0
North Korea,30,12270649.0,5195566.0,4995618.0,288448.0,10852.0,2015,0.0,0.0,14.0,3474.0,7.0,643.0,7.0,0.0,6647.0,5195566.0,251514131.0,236.0,3517120.0,24518335.0,-21001215.0,2090802.0
North Korea,30,12270649.0,5195566.0,4995618.0,288448.0,11488.0,2016,0.0,0.0,54.0,7331.0,89.0,713.0,14.0,2.0,3113.0,5195566.0,251514131.0,236.0,3517120.0,24518335.0,-21001215.0,3328727.0
North Korea,30,12270649.0,5195566.0,4995618.0,288448.0,8521.0,2017,0.0,0.0,76.0,6215.0,16.0,885.0,18.0,11.0,1223.0,5195566.0,251514131.0,236.0,3517120.0,24518335.0,-21001215.0,2634251.0
North Korea,30,12270649.0,5195566.0,4995618.0,288448.0,7692.0,2018,0.0,0.0,42.0,5589.0,5.0,699.0,12.0,5.0,1301.0,5195566.0,251514131.0,236.0,3517120.0,24518335.0,-21001215.0,2341777.0
North Korea,30,12270649.0,5195566.0,4995618.0,288448.0,27492.0,2019,0.0,0.0,270.0,9695.0,260.0,1961.0,71.0,9.0,15143.0,5195566.0,251514131.0,236.0,3517120.0,24518335.0,-21001215.0,6453298.0
North Korea,30,12270649.0,5195566.0,4995618.0,288448.0,14775.0,2020,0.0,0.0,160.0,9669.0,139.0,1648.0,48.0,4.0,3009.0,5195566.0,251514131.0,236.0,3517120.0,24518335.0,-21001215.0,4361991.0
North Korea,30,12270649.0,5195566.0,4995618.0,288448.0,13742.0,2021,0.0,0.0,423.0,10501.0,205.0,1689.0,52.0,2.0,698.0,5195566.0,251514131.0,236.0,3517120.0,24518335.0,-21001215.0,4603275.0
North Korea,30,12270649.0,5195566.0,4995618.0,288448.0,9047.0,2022,0.0,0.0,74.0,6900.0,33.0,1228.0,16.0,0.0,733.0,5195566.0,251514131.0,236.0,3517120.0,24518335.0,-21001215.0,3046250.0
North Korea,30,12270649.0,5195566.0,4995618.0,288448.0,10119.0,2023,0.0,0.0,94.0,7986.0,53.0,1528.0,10.0,10.0,409.0,5195566.0,251514131.0,236.0,3517120.0,24518335.0,-21001215.0,3562767.0
North Korea,30,12270649.0,5195566.0,4995618.0,288448.0,12018.0,2024,0.0,0.0,67.0,8068.0,50.0,719.0,29.0,19.0,3025.0,5195566.0,251514131.0,236.0,3517120.0,24518335.0,-21001215.0,4021820.0
Norway,30,32512056.0,11739515.0,13054556.0,476084.0,22446.0,2001,0.0,0.0,60.0,20408.0,41.0,119.0,927.0,0.0,318.0,11739515.0,444469768.0,132.0,11494211.0,54031319.0,-42537109.0,4566933.0
Norway,30,32512056.0,11739515.0,13054556.0,476084.0,26635.0,2002,0.0,0.0,98.0,24103.0,59.0,129.0,1084.0,0.0,308.0,11739515.0,444469768.0,132.0,11494211.0,54031319.0,-42537109.0,5665781.0
Norway,30,32512056.0,11739515.0,13054556.0,476084.0,14818.0,2003,0.0,0.0,46.0,13637.0,22.0,68.0,487.0,0.0,313.0,11739515.0,444469768.0,132.0,11494211.0,54031319.0,-42537109.0,3184632.0
Norway,30,32512056.0,11739515.0,13054556.0,476084.0,33742.0,2004,0.0,0.0,90.0,30309.0,97.0,157.0,1452.0,0.0,1023.0,11739515.0,444469768.0,132.0,11494211.0,54031319.0,-42537109.0,7362961.0
Norway,30,32512056.0,11739515.0,13054556.0,476084.0,24919.0,2005,0.0,0.0,55.0,23092.0,15.0,92.0,993.0,0.0,344.0,11739515.0,444469768.0,132.0,11494211.0,54031319.0,-42537109.0,5553494.0
Norway,30,32512056.0,11739515.0,13054556.0,476084.0,40649.0,2006,0.0,0.0,91.0,35902.0,89.0,228.0,2150.0,0.0,1506.0,11739515.0,444469768.0,132.0,11494211.0,54031319.0,-42537109.0,9307044.0
Norway,30,32512056.0,11739515.0,13054556.0,476084.0,31841.0,2007,0.0,0.0,136.0,28783.0,16.0,138.0,2018.0,0.0,404.0,11739515.0,444469768.0,132.0,11494211.0,54031319.0,-42537109.0,7522835.0
Norway,30,32512056.0,11739515.0,13054556.0,476084.0,33815.0,2008,0.0,0.0,89.0,30430.0,22.0,210.0,1845.0,0.0,800.0,11739515.0,444469768.0,132.0,11494211.0,54031319.0,-42537109.0,8321458.0
Norway,30,32512056.0,11739515.0,13054556.0,476084.0,23317.0,2009,0.0,0.0,81.0,20392.0,64.0,248.0,1499.0,0.0,713.0,11739515.0,444469768.0,132.0,11494211.0,54031319.0,-42537109.0,5886205.0
Norway,30,32512056.0,11739515.0,13054556.0,476084.0,40129.0,2010,0.0,0.0,158.0,36426.0,116.0,255.0,1981.0,0.0,447.0,11739515.0,444469768.0,132.0,11494211.0,54031319.0,-42537109.0,10075818.0
Norway,30,32512056.0,11739515.0,13054556.0,476084.0,32769.0,2011,0.0,0.0,125.0,30133.0,56.0,219.0,1424.0,0.0,241.0,11739515.0,444469768.0,132.0,11494211.0,54031319.0,-42537109.0,8297263.0
Norway,30,32512056.0,11739515.0,13054556.0,476084.0,29947.0,2012,0.0,0.0,91.0,26835.0,73.0,207.0,1916.0,0.0,319.0,11739515.0,444469768.0,132.0,11494211.0,54031319.0,-42537109.0,7747251.0
Norway,30,32512056.0,11739515.0,13054556.0,476084.0,33069.0,2013,0.0,0.0,168.0,30200.0,78.0,223.0,1504.0,0.0,248.0,11739515.0,444469768.0,132.0,11494211.0,54031319.0,-42537109.0,8396522.0
Norway,30,32512056.0,11739515.0,13054556.0,476084.0,39149.0,2014,0.0,0.0,133.0,36865.0,40.0,275.0,1266.0,0.0,232.0,11739515.0,444469768.0,132.0,11494211.0,54031319.0,-42537109.0,10114063.0
Norway,30,32512056.0,11739515.0,13054556.0,476084.0,36639.0,2015,0.0,0.0,129.0,35027.0,18.0,222.0,1062.0,0.0,68.0,11739515.0,444469768.0,132.0,11494211.0,54031319.0,-42537109.0,9746642.0
Norway,30,32512056.0,11739515.0,13054556.0,476084.0,60082.0,2016,0.0,0.0,351.0,56558.0,38.0,488.0,2375.0,0.0,86.0,11739515.0,444469768.0,132.0,11494211.0,54031319.0,-42537109.0,16284576.0
Norway,30,32512056.0,11739515.0,13054556.0,476084.0,57917.0,2017,0.0,0.0,461.0,54321.0,36.0,338.0,2402.0,0.0,120.0,11739515.0,444469768.0,132.0,11494211.0,54031319.0,-42537109.0,15924513.0
Norway,30,32512056.0,11739515.0,13054556.0,476084.0,59220.0,2018,0.0,0.0,439.0,55539.0,97.0,552.0,2114.0,0.0,229.0,11739515.0,444469768.0,132.0,11494211.0,54031319.0,-42537109.0,16709749.0
Norway,30,32512056.0,11739515.0,13054556.0,476084.0,64784.0,2019,0.0,0.0,433.0,61311.0,58.0,265.0,2057.0,0.0,504.0,11739515.0,444469768.0,132.0,11494211.0,54031319.0,-42537109.0,18562723.0
Norway,30,32512056.0,11739515.0,13054556.0,476084.0,68362.0,2020,0.0,0.0,469.0,64089.0,250.0,383.0,2446.0,0.0,324.0,11739515.0,444469768.0,132.0,11494211.0,54031319.0,-42537109.0,19587953.0
Norway,30,32512056.0,11739515.0,13054556.0,476084.0,63938.0,2021,0.0,0.0,210.0,60826.0,177.0,280.0,1899.0,0.0,285.0,11739515.0,444469768.0,132.0,11494211.0,54031319.0,-42537109.0,18896799.0
Norway,30,32512056.0,11739515.0,13054556.0,476084.0,67305.0,2022,0.0,0.0,266.0,64369.0,263.0,198.0,1706.0,0.0,232.0,11739515.0,444469768.0,132.0,11494211.0,54031319.0,-42537109.0,20189520.0
Norway,30,32512056.0,11739515.0,13054556.0,476084.0,57971.0,2023,0.0,0.0,219.0,55996.0,38.0,142.0,1378.0,0.0,157.0,11739515.0,444469768.0,132.0,11494211.0,54031319.0,-42537109.0,17637784.0
Norway,30,32512056.0,11739515.0,13054556.0,476084.0,66325.0,2024,0.0,0.0,256.0,64379.0,91.0,172.0,1151.0,0.0,215.0,11739515.0,444469768.0,132.0,11494211.0,54031319.0,-42537109.0,20318546.0
Oman,30,30914206.0,0.0,0.0,1548.0,0.0,2001,0.0,0.0,0.0,0.0,0.0,0.0,0.0,0.0,0.0,0.0,25.0,70.0,1.0,2971.0,-2969.0,0.0
Oman,30,30914206.0,0.0,0.0,1548.0,0.0,2002,0.0,0.0,0.0,0.0,0.0,0.0,0.0,0.0,0.0,0.0,25.0,70.0,1.0,2971.0,-2969.0,0.0
Oman,30,30914206.0,0.0,0.0,1548.0,0.0,2003,0.0,0.0,0.0,0.0,0.0,0.0,0.0,0.0,0.0,0.0,25.0,70.0,1.0,2971.0,-2969.0,0.0
Oman,30,30914206.0,0.0,0.0,1548.0,0.0,2004,0.0,0.0,0.0,0.0,0.0,0.0,0.0,0.0,0.0,0.0,25.0,70.0,1.0,2971.0,-2969.0,1.0
Oman,30,30914206.0,0.0,0.0,1548.0,0.0,2005,0.0,0.0,0.0,0.0,0.0,0.0,0.0,0.0,0.0,0.0,25.0,70.0,1.0,2971.0,-2969.0,0.0
Oman,30,30914206.0,0.0,0.0,1548.0,0.0,2006,0.0,0.0,0.0,0.0,0.0,0.0,0.0,0.0,0.0,0.0,25.0,70.0,1.0,2971.0,-2969.0,0.0
Oman,30,30914206.0,0.0,0.0,1548.0,0.0,2007,0.0,0.0,0.0,0.0,0.0,0.0,0.0,0.0,0.0,0.0,25.0,70.0,1.0,2971.0,-2969.0,0.0
Oman,30,30914206.0,0.0,0.0,1548.0,0.0,2008,0.0,0.0,0.0,0.0,0.0,0.0,0.0,0.0,0.0,0.0,25.0,70.0,1.0,2971.0,-2969.0,21.0
Oman,30,30914206.0,0.0,0.0,1548.0,0.0,2009,0.0,0.0,0.0,0.0,0.0,0.0,0.0,0.0,0.0,0.0,25.0,70.0,1.0,2971.0,-2969.0,0.0
Oman,30,30914206.0,0.0,0.0,1548.0,0.0,2010,0.0,0.0,0.0,0.0,0.0,0.0,0.0,0.0,0.0,0.0,25.0,70.0,1.0,2971.0,-2969.0,0.0
Oman,30,30914206.0,0.0,0.0,1548.0,0.0,2011,0.0,0.0,0.0,0.0,0.0,0.0,0.0,0.0,0.0,0.0,25.0,70.0,1.0,2971.0,-2969.0,0.0
Oman,30,30914206.0,0.0,0.0,1548.0,0.0,2012,0.0,0.0,0.0,0.0,0.0,0.0,0.0,0.0,0.0,0.0,25.0,70.0,1.0,2971.0,-2969.0,0.0
Oman,30,30914206.0,0.0,0.0,1548.0,0.0,2013,0.0,0.0,0.0,0.0,0.0,0.0,0.0,0.0,0.0,0.0,25.0,70.0,1.0,2971.0,-2969.0,0.0
Oman,30,30914206.0,0.0,0.0,1548.0,0.0,2014,0.0,0.0,0.0,0.0,0.0,0.0,0.0,0.0,0.0,0.0,25.0,70.0,1.0,2971.0,-2969.0,3.0
Oman,30,30914206.0,0.0,0.0,1548.0,0.0,2015,0.0,0.0,0.0,0.0,0.0,0.0,0.0,0.0,0.0,0.0,25.0,70.0,1.0,2971.0,-2969.0,0.0
Oman,30,30914206.0,0.0,0.0,1548.0,0.0,2016,0.0,0.0,0.0,0.0,0.0,0.0,0.0,0.0,0.0,0.0,25.0,70.0,1.0,2971.0,-2969.0,0.0
Oman,30,30914206.0,0.0,0.0,1548.0,0.0,2017,0.0,0.0,0.0,0.0,0.0,0.0,0.0,0.0,0.0,0.0,25.0,70.0,1.0,2971.0,-2969.0,0.0
Oman,30,30914206.0,0.0,0.0,1548.0,0.0,2018,0.0,0.0,0.0,0.0,0.0,0.0,0.0,0.0,0.0,0.0,25.0,70.0,1.0,2971.0,-2969.0,0.0
Oman,30,30914206.0,0.0,0.0,1548.0,0.0,2019,0.0,0.0,0.0,0.0,0.0,0.0,0.0,0.0,0.0,0.0,25.0,70.0,1.0,2971.0,-2969.0,0.0
Oman,30,30914206.0,0.0,0.0,1548.0,0.0,2020,0.0,0.0,0.0,0.0,0.0,0.0,0.0,0.0,0.0,0.0,25.0,70.0,1.0,2971.0,-2969.0,0.0
Oman,30,30914206.0,0.0,0.0,1548.0,0.0,2021,0.0,0.0,0.0,0.0,0.0,0.0,0.0,0.0,0.0,0.0,25.0,70.0,1.0,2971.0,-2969.0,0.0
Oman,30,30914206.0,0.0,0.0,1548.0,0.0,2022,0.0,0.0,0.0,0.0,0.0,0.0,0.0,0.0,0.0,0.0,25.0,70.0,1.0,2971.0,-2969.0,0.0
Oman,30,30914206.0,0.0,0.0,1548.0,0.0,2023,0.0,0.0,0.0,0.0,0.0,0.0,0.0,0.0,0.0,0.0,25.0,70.0,1.0,2971.0,-2969.0,0.0
Oman,30,30914206.0,0.0,0.0,1548.0,0.0,2024,0.0,0.0,0.0,0.0,0.0,0.0,0.0,0.0,0.0,0.0,25.0,70.0,1.0,2971.0,-2969.0,6.0
Pakistan,30,79238100.0,681137.0,427270.0,116695.0,191.0,2001,0.0,0.0,0.0,81.0,5.0,50.0,1.0,0.0,14.0,681137.0,55015545.0,402.0,114934.0,1871296.0,-1756362.0,63629.0
Pakistan,30,79238100.0,681137.0,427270.0,116695.0,310.0,2002,0.0,0.0,0.0,191.0,4.0,18.0,4.0,0.0,52.0,681137.0,55015545.0,402.0,114934.0,1871296.0,-1756362.0,110695.0
Pakistan,30,79238100.0,681137.0,427270.0,116695.0,592.0,2003,0.0,0.0,0.0,389.0,12.0,35.0,6.0,0.0,96.0,681137.0,55015545.0,402.0,114934.0,1871296.0,-1756362.0,231357.0
Pakistan,30,79238100.0,681137.0,427270.0,116695.0,1088.0,2004,0.0,0.0,0.0,917.0,8.0,49.0,6.0,0.0,27.0,681137.0,55015545.0,402.0,114934.0,1871296.0,-1756362.0,322506.0
Pakistan,30,79238100.0,681137.0,427270.0,116695.0,911.0,2005,0.0,0.0,0.0,747.0,18.0,9.0,9.0,0.0,64.0,681137.0,55015545.0,402.0,114934.0,1871296.0,-1756362.0,224289.0
Pakistan,30,79238100.0,681137.0,427270.0,116695.0,1262.0,2006,0.0,0.0,0.0,975.0,21.0,61.0,33.0,0.0,102.0,681137.0,55015545.0,402.0,114934.0,1871296.0,-1756362.0,326644.0
Pakistan,30,79238100.0,681137.0,427270.0,116695.0,1084.0,2007,0.0,0.0,0.0,904.0,11.0,35.0,13.0,0.0,55.0,681137.0,55015545.0,402.0,114934.0,1871296.0,-1756362.0,266686.0
Pakistan,30,79238100.0,681137.0,427270.0,116695.0,995.0,2008,0.0,0.0,0.0,701.0,31.0,46.0,8.0,0.0,145.0,681137.0,55015545.0,402.0,114934.0,1871296.0,-1756362.0,312934.0
Pakistan,30,79238100.0,681137.0,427270.0,116695.0,879.0,2009,0.0,0.0,0.0,674.0,24.0,24.0,6.0,0.0,92.0,681137.0,55015545.0,402.0,114934.0,1871296.0,-1756362.0,218916.0
Pakistan,30,79238100.0,681137.0,427270.0,116695.0,690.0,2010,0.0,0.0,3.0,532.0,13.0,21.0,12.0,0.0,58.0,681137.0,55015545.0,402.0,114934.0,1871296.0,-1756362.0,174207.0
Pakistan,30,79238100.0,681137.0,427270.0,116695.0,448.0,2011,0.0,0.0,0.0,237.0,7.0,17.0,2.0,0.0,138.0,681137.0,55015545.0,402.0,114934.0,1871296.0,-1756362.0,128354.0
Pakistan,30,79238100.0,681137.0,427270.0,116695.0,223.0,2012,0.0,0.0,0.0,104.0,13.0,56.0,1.0,0.0,22.0,681137.0,55015545.0,402.0,114934.0,1871296.0,-1756362.0,76324.0
Pakistan,30,79238100.0,681137.0,427270.0,116695.0,58.0,2013,0.0,0.0,1.0,30.0,0.0,10.0,2.0,0.0,2.0,681137.0,55015545.0,402.0,114934.0,1871296.0,-1756362.0,23284.0
Pakistan,30,79238100.0,681137.0,427270.0,116695.0,34.0,2014,0.0,0.0,0.0,16.0,0.0,5.0,3.0,0.0,3.0,681137.0,55015545.0,402.0,114934.0,1871296.0,-1756362.0,15039.0
Pakistan,30,79238100.0,681137.0,427270.0,116695.0,2.0,2015,0.0,0.0,0.0,0.0,0.0,1.0,0.0,0.0,0.0,681137.0,55015545.0,402.0,114934.0,1871296.0,-1756362.0,1075.0
Pakistan,30,79238100.0,681137.0,427270.0,116695.0,0.0,2016,0.0,0.0,0.0,0.0,0.0,0.0,0.0,0.0,0.0,681137.0,55015545.0,402.0,114934.0,1871296.0,-1756362.0,0.0
Pakistan,30,79238100.0,681137.0,427270.0,116695.0,186.0,2017,0.0,0.0,0.0,38.0,3.0,0.0,10.0,0.0,133.0,681137.0,55015545.0,402.0,114934.0,1871296.0,-1756362.0,36267.0
Pakistan,30,79238100.0,681137.0,427270.0,116695.0,74.0,2018,0.0,0.0,0.0,42.0,1.0,6.0,2.0,0.0,14.0,681137.0,55015545.0,402.0,114934.0,1871296.0,-1756362.0,23190.0
Pakistan,30,79238100.0,681137.0,427270.0,116695.0,79.0,2019,0.0,0.0,0.0,57.0,0.0,6.0,5.0,0.0,4.0,681137.0,55015545.0,402.0,114934.0,1871296.0,-1756362.0,30427.0
Pakistan,30,79238100.0,681137.0,427270.0,116695.0,67.0,2020,0.0,0.0,0.0,45.0,0.0,6.0,4.0,0.0,2.0,681137.0,55015545.0,402.0,114934.0,1871296.0,-1756362.0,24753.0
Pakistan,30,79238100.0,681137.0,427270.0,116695.0,57.0,2021,0.0,0.0,0.0,31.0,2.0,4.0,3.0,0.0,8.0,681137.0,55015545.0,402.0,114934.0,1871296.0,-1756362.0,20098.0
Pakistan,30,79238100.0,681137.0,427270.0,116695.0,45.0,2022,0.0,0.0,0.0,28.0,0.0,3.0,3.0,0.0,3.0,681137.0,55015545.0,402.0,114934.0,1871296.0,-1756362.0,17598.0
Pakistan,30,79238100.0,681137.0,427270.0,116695.0,142.0,2023,0.0,0.0,17.0,71.0,1.0,7.0,17.0,0.0,17.0,681137.0,55015545.0,402.0,114934.0,1871296.0,-1756362.0,59030.0
Pakistan,30,79238100.0,681137.0,427270.0,116695.0,114.0,2024,0.0,0.0,2.0,54.0,0.0,10.0,17.0,0.0,17.0,681137.0,55015545.0,402.0,114934.0,1871296.0,-1756362.0,51105.0
Palestine,30,622005.0,615.0,853.0,1697.0,2.0,2001,0.0,0.0,0.0,0.0,0.0,0.0,0.0,0.0,0.0,615.0,27026.0,175.0,275.0,5338.0,-5063.0,514.0
Palestine,30,622005.0,615.0,853.0,1697.0,2.0,2002,0.0,0.0,0.0,0.0,0.0,1.0,0.0,0.0,0.0,615.0,27026.0,175.0,275.0,5338.0,-5063.0,419.0
Palestine,30,622005.0,615.0,853.0,1697.0,1.0,2003,0.0,0.0,0.0,0.0,0.0,0.0,0.0,0.0,0.0,615.0,27026.0,175.0,275.0,5338.0,-5063.0,333.0
Palestine,30,622005.0,615.0,853.0,1697.0,1.0,2004,0.0,0.0,0.0,0.0,0.0,0.0,0.0,0.0,0.0,615.0,27026.0,175.0,275.0,5338.0,-5063.0,309.0
Palestine,30,622005.0,615.0,853.0,1697.0,0.0,2005,0.0,0.0,0.0,0.0,0.0,0.0,0.0,0.0,0.0,615.0,27026.0,175.0,275.0,5338.0,-5063.0,97.0
Palestine,30,622005.0,615.0,853.0,1697.0,1.0,2006,0.0,0.0,0.0,0.0,0.0,0.0,0.0,0.0,0.0,615.0,27026.0,175.0,275.0,5338.0,-5063.0,196.0
Palestine,30,622005.0,615.0,853.0,1697.0,1.0,2007,0.0,0.0,0.0,0.0,0.0,0.0,0.0,0.0,0.0,615.0,27026.0,175.0,275.0,5338.0,-5063.0,335.0
Palestine,30,622005.0,615.0,853.0,1697.0,2.0,2008,0.0,0.0,0.0,0.0,0.0,1.0,0.0,0.0,0.0,615.0,27026.0,175.0,275.0,5338.0,-5063.0,964.0
Palestine,30,622005.0,615.0,853.0,1697.0,1.0,2009,0.0,0.0,0.0,0.0,0.0,0.0,0.0,0.0,0.0,615.0,27026.0,175.0,275.0,5338.0,-5063.0,315.0
Palestine,30,622005.0,615.0,853.0,1697.0,1.0,2010,0.0,0.0,0.0,0.0,0.0,0.0,0.0,0.0,0.0,615.0,27026.0,175.0,275.0,5338.0,-5063.0,321.0
Palestine,30,622005.0,615.0,853.0,1697.0,0.0,2011,0.0,0.0,0.0,0.0,0.0,0.0,0.0,0.0,0.0,615.0,27026.0,175.0,275.0,5338.0,-5063.0,67.0
Palestine,30,622005.0,615.0,853.0,1697.0,0.0,2012,0.0,0.0,0.0,0.0,0.0,0.0,0.0,0.0,0.0,615.0,27026.0,175.0,275.0,5338.0,-5063.0,89.0
Palestine,30,622005.0,615.0,853.0,1697.0,0.0,2013,0.0,0.0,0.0,0.0,0.0,0.0,0.0,0.0,0.0,615.0,27026.0,175.0,275.0,5338.0,-5063.0,98.0
Palestine,30,622005.0,615.0,853.0,1697.0,1.0,2014,0.0,0.0,0.0,0.0,0.0,0.0,0.0,0.0,0.0,615.0,27026.0,175.0,275.0,5338.0,-5063.0,336.0
Palestine,30,622005.0,615.0,853.0,1697.0,0.0,2015,0.0,0.0,0.0,0.0,0.0,0.0,0.0,0.0,0.0,615.0,27026.0,175.0,275.0,5338.0,-5063.0,34.0
Palestine,30,622005.0,615.0,853.0,1697.0,0.0,2016,0.0,0.0,0.0,0.0,0.0,0.0,0.0,0.0,0.0,615.0,27026.0,175.0,275.0,5338.0,-5063.0,6.0
Palestine,30,622005.0,615.0,853.0,1697.0,2.0,2017,0.0,0.0,0.0,0.0,0.0,0.0,0.0,0.0,0.0,615.0,27026.0,175.0,275.0,5338.0,-5063.0,476.0
Palestine,30,622005.0,615.0,853.0,1697.0,2.0,2018,0.0,0.0,0.0,1.0,0.0,0.0,0.0,0.0,0.0,615.0,27026.0,175.0,275.0,5338.0,-5063.0,549.0
Palestine,30,622005.0,615.0,853.0,1697.0,0.0,2019,0.0,0.0,0.0,0.0,0.0,0.0,0.0,0.0,0.0,615.0,27026.0,175.0,275.0,5338.0,-5063.0,96.0
Palestine,30,622005.0,615.0,853.0,1697.0,0.0,2020,0.0,0.0,0.0,0.0,0.0,0.0,0.0,0.0,0.0,615.0,27026.0,175.0,275.0,5338.0,-5063.0,84.0
Palestine,30,622005.0,615.0,853.0,1697.0,0.0,2021,0.0,0.0,0.0,0.0,0.0,0.0,0.0,0.0,0.0,615.0,27026.0,175.0,275.0,5338.0,-5063.0,0.0
Palestine,30,622005.0,615.0,853.0,1697.0,0.0,2022,0.0,0.0,0.0,0.0,0.0,0.0,0.0,0.0,0.0,615.0,27026.0,175.0,275.0,5338.0,-5063.0,0.0
Palestine,30,622005.0,615.0,853.0,1697.0,0.0,2023,0.0,0.0,0.0,0.0,0.0,0.0,0.0,0.0,0.0,615.0,27026.0,175.0,275.0,5338.0,-5063.0,213.0
Palestine,30,622005.0,615.0,853.0,1697.0,1.0,2024,0.0,0.0,0.0,0.0,0.0,0.0,0.0,0.0,0.0,615.0,27026.0,175.0,275.0,5338.0,-5063.0,731.0
Panama,30,7545263.0,5734588.0,5579851.0,84310.0,18268.0,2001,0.0,0.0,19.0,13.0,118.0,15743.0,254.0,1970.0,15.0,5734588.0,591529698.0,493.0,12628673.0,23417572.0,-10788899.0,9853246.0
Panama,30,7545263.0,5734588.0,5579851.0,84310.0,19206.0,2002,2945454.0,1890.0,15.0,22.0,90.0,16952.0,140.0,1877.0,8.0,5734588.0,591529698.0,493.0,12628673.0,23417572.0,-10788899.0,9983547.0
Panama,30,7545263.0,5734588.0,5579851.0,84310.0,11285.0,2003,2945454.0,1575.0,7.0,13.0,99.0,9742.0,103.0,1234.0,8.0,5734588.0,591529698.0,493.0,12628673.0,23417572.0,-10788899.0,5987328.0
Panama,30,7545263.0,5734588.0,5579851.0,84310.0,16852.0,2004,2945454.0,2482.0,42.0,29.0,123.0,13791.0,450.0,2293.0,8.0,5734588.0,591529698.0,493.0,12628673.0,23417572.0,-10788899.0,9140172.0
Panama,30,7545263.0,5734588.0,5579851.0,84310.0,12395.0,2005,2945454.0,2338.0,13.0,12.0,100.0,10693.0,157.0,1316.0,10.0,5734588.0,591529698.0,493.0,12628673.0,23417572.0,-10788899.0,6889035.0
Panama,30,7545263.0,5734588.0,5579851.0,84310.0,34343.0,2006,2945454.0,4574.0,31.0,31.0,202.0,31408.0,229.0,2291.0,10.0,5734588.0,591529698.0,493.0,12628673.0,23417572.0,-10788899.0,18379998.0
Panama,30,7545263.0,5734588.0,5579851.0,84310.0,20658.0,2007,2945454.0,3112.0,70.0,28.0,177.0,17993.0,224.0,2029.0,10.0,5734588.0,591529698.0,493.0,12628673.0,23417572.0,-10788899.0,11228079.0
Panama,30,7545263.0,5734588.0,5579851.0,84310.0,39956.0,2008,2945454.0,6855.0,72.0,29.0,214.0,35852.0,732.0,2844.0,9.0,5734588.0,591529698.0,493.0,12628673.0,23417572.0,-10788899.0,22312632.0
Panama,30,7545263.0,5734588.0,5579851.0,84310.0,37044.0,2009,2945454.0,5567.0,42.0,46.0,181.0,33295.0,526.0,2753.0,7.0,5734588.0,591529698.0,493.0,12628673.0,23417572.0,-10788899.0,20703304.0
Panama,30,7545263.0,5734588.0,5579851.0,84310.0,15436.0,2010,2945454.0,2971.0,17.0,28.0,159.0,13136.0,199.0,1766.0,4.0,5734588.0,591529698.0,493.0,12628673.0,23417572.0,-10788899.0,9096380.0
Panama,30,7545263.0,5734588.0,5579851.0,84310.0,23131.0,2011,2945454.0,4766.0,101.0,52.0,361.0,19600.0,168.0,2546.0,9.0,5734588.0,591529698.0,493.0,12628673.0,23417572.0,-10788899.0,13635586.0
Panama,30,7545263.0,5734588.0,5579851.0,84310.0,17095.0,2012,2945454.0,3124.0,159.0,44.0,203.0,13567.0,464.0,2430.0,19.0,5734588.0,591529698.0,493.0,12628673.0,23417572.0,-10788899.0,9947971.0
Panama,30,7545263.0,5734588.0,5579851.0,84310.0,14061.0,2013,2945454.0,3731.0,340.0,83.0,208.0,10495.0,168.0,2555.0,22.0,5734588.0,591529698.0,493.0,12628673.0,23417572.0,-10788899.0,8184596.0
Panama,30,7545263.0,5734588.0,5579851.0,84310.0,14086.0,2014,2945454.0,2707.0,146.0,86.0,191.0,11217.0,208.0,2069.0,30.0,5734588.0,591529698.0,493.0,12628673.0,23417572.0,-10788899.0,8156682.0
Panama,30,7545263.0,5734588.0,5579851.0,84310.0,10592.0,2015,2945454.0,2033.0,84.0,17.0,64.0,8667.0,98.0,1585.0,43.0,5734588.0,591529698.0,493.0,12628673.0,23417572.0,-10788899.0,6157006.0
Panama,30,7545263.0,5734588.0,5579851.0,84310.0,17379.0,2016,2945454.0,5906.0,663.0,141.0,251.0,10944.0,151.0,3097.0,2090.0,5734588.0,591529698.0,493.0,12628673.0,23417572.0,-10788899.0,9523527.0
Panama,30,7545263.0,5734588.0,5579851.0,84310.0,30970.0,2017,2945454.0,5926.0,266.0,97.0,357.0,23464.0,333.0,6315.0,98.0,5734588.0,591529698.0,493.0,12628673.0,23417572.0,-10788899.0,18050717.0
Panama,30,7545263.0,5734588.0,5579851.0,84310.0,28013.0,2018,2945454.0,6129.0,351.0,89.0,354.0,19970.0,227.0,6844.0,131.0,5734588.0,591529698.0,493.0,12628673.0,23417572.0,-10788899.0,16436282.0
Panama,30,7545263.0,5734588.0,5579851.0,84310.0,34034.0,2019,2945454.0,6234.0,287.0,93.0,323.0,25647.0,121.0,7152.0,359.0,5734588.0,591529698.0,493.0,12628673.0,23417572.0,-10788899.0,19888906.0
Panama,30,7545263.0,5734588.0,5579851.0,84310.0,27379.0,2020,2945454.0,6598.0,95.0,157.0,483.0,18939.0,165.0,7290.0,173.0,5734588.0,591529698.0,493.0,12628673.0,23417572.0,-10788899.0,16046862.0
Panama,30,7545263.0,5734588.0,5579851.0,84310.0,24432.0,2021,2945454.0,5310.0,266.0,83.0,337.0,18123.0,169.0,5284.0,115.0,5734588.0,591529698.0,493.0,12628673.0,23417572.0,-10788899.0,14558130.0
Panama,30,7545263.0,5734588.0,5579851.0,84310.0,17364.0,2022,2945454.0,4019.0,127.0,71.0,185.0,12269.0,116.0,4481.0,81.0,5734588.0,591529698.0,493.0,12628673.0,23417572.0,-10788899.0,10531532.0
Panama,30,7545263.0,5734588.0,5579851.0,84310.0,25115.0,2023,2945454.0,4971.0,205.0,70.0,226.0,18734.0,209.0,5516.0,145.0,5734588.0,591529698.0,493.0,12628673.0,23417572.0,-10788899.0,15171529.0
Panama,30,7545263.0,5734588.0,5579851.0,84310.0,21553.0,2024,2945454.0,5177.0,76.0,78.0,265.0,15691.0,133.0,5190.0,100.0,5734588.0,591529698.0,493.0,12628673.0,23417572.0,-10788899.0,13225114.0
Papua New Guinea,30,46361062.0,42920264.0,42919728.0,266145.0,36004.0,2001,0.0,0.0,63.0,7173.0,3859.0,5736.0,89.0,17709.0,609.0,42920264.0,6377171603.0,642.0,60948758.0,103016258.0,-42067501.0,26106381.0
Papua New Guinea,30,46361062.0,42920264.0,42919728.0,266145.0,54576.0,2002,32611659.0,23529.0,107.0,10294.0,6697.0,8619.0,146.0,26392.0,1180.0,42920264.0,6377171603.0,642.0,60948758.0,103016258.0,-42067501.0,39429437.0
Papua New Guinea,30,46361062.0,42920264.0,42919728.0,266145.0,31805.0,2003,32611659.0,15365.0,50.0,7041.0,2008.0,5329.0,69.0,16337.0,453.0,42920264.0,6377171603.0,642.0,60948758.0,103016258.0,-42067501.0,24083349.0
Papua New Guinea,30,46361062.0,42920264.0,42919728.0,266145.0,58330.0,2004,32611659.0,25102.0,238.0,10463.0,6474.0,9758.0,176.0,28808.0,1453.0,42920264.0,6377171603.0,642.0,60948758.0,103016258.0,-42067501.0,42553202.0
Papua New Guinea,30,46361062.0,42920264.0,42919728.0,266145.0,39021.0,2005,32611659.0,16365.0,118.0,7438.0,5284.0,5448.0,100.0,17955.0,1977.0,42920264.0,6377171603.0,642.0,60948758.0,103016258.0,-42067501.0,28287844.0
Papua New Guinea,30,46361062.0,42920264.0,42919728.0,266145.0,56388.0,2006,32611659.0,24784.0,137.0,12219.0,5095.0,9495.0,220.0,27419.0,961.0,42920264.0,6377171603.0,642.0,60948758.0,103016258.0,-42067501.0,41757069.0
Papua New Guinea,30,46361062.0,42920264.0,42919728.0,266145.0,49161.0,2007,32611659.0,25041.0,381.0,12301.0,5112.0,7038.0,320.0,22093.0,1011.0,42920264.0,6377171603.0,642.0,60948758.0,103016258.0,-42067501.0,37029112.0
Papua New Guinea,30,46361062.0,42920264.0,42919728.0,266145.0,71045.0,2008,32611659.0,33901.0,372.0,14977.0,8582.0,9324.0,308.0,35663.0,785.0,42920264.0,6377171603.0,642.0,60948758.0,103016258.0,-42067501.0,53152010.0
Papua New Guinea,30,46361062.0,42920264.0,42919728.0,266145.0,49211.0,2009,32611659.0,23179.0,233.0,10709.0,6209.0,6620.0,324.0,23160.0,925.0,42920264.0,6377171603.0,642.0,60948758.0,103016258.0,-42067501.0,36285219.0
Papua New Guinea,30,46361062.0,42920264.0,42919728.0,266145.0,68761.0,2010,32611659.0,32759.0,238.0,15119.0,5173.0,10460.0,362.0,34064.0,2081.0,42920264.0,6377171603.0,642.0,60948758.0,103016258.0,-42067501.0,51889884.0
Papua New Guinea,30,46361062.0,42920264.0,42919728.0,266145.0,53046.0,2011,32611659.0,26449.0,265.0,12473.0,4831.0,9597.0,345.0,23504.0,723.0,42920264.0,6377171603.0,642.0,60948758.0,103016258.0,-42067501.0,40698285.0
Papua New Guinea,30,46361062.0,42920264.0,42919728.0,266145.0,73334.0,2012,32611659.0,39700.0,284.0,18623.0,6658.0,16081.0,341.0,27813.0,1063.0,42920264.0,6377171603.0,642.0,60948758.0,103016258.0,-42067501.0,57983378.0
Papua New Guinea,30,46361062.0,42920264.0,42919728.0,266145.0,56669.0,2013,32611659.0,30630.0,109.0,12315.0,3673.0,13827.0,128.0,23662.0,1979.0,42920264.0,6377171603.0,642.0,60948758.0,103016258.0,-42067501.0,44452081.0
Papua New Guinea,30,46361062.0,42920264.0,42919728.0,266145.0,105663.0,2014,32611659.0,58476.0,302.0,27699.0,8902.0,20840.0,312.0,44389.0,1531.0,42920264.0,6377171603.0,642.0,60948758.0,103016258.0,-42067501.0,80523355.0
Papua New Guinea,30,46361062.0,42920264.0,42919728.0,266145.0,180806.0,2015,32611659.0,77940.0,176.0,41251.0,15766.0,25439.0,360.0,64102.0,32426.0,42920264.0,6377171603.0,642.0,60948758.0,103016258.0,-42067501.0,131126561.0
Papua New Guinea,30,46361062.0,42920264.0,42919728.0,266145.0,177925.0,2016,32611659.0,80231.0,152.0,30332.0,20812.0,19856.0,319.0,50755.0,54573.0,42920264.0,6377171603.0,642.0,60948758.0,103016258.0,-42067501.0,119485524.0
Papua New Guinea,30,46361062.0,42920264.0,42919728.0,266145.0,117508.0,2017,32611659.0,63580.0,223.0,35524.0,7746.0,13486.0,310.0,56219.0,3008.0,42920264.0,6377171603.0,642.0,60948758.0,103016258.0,-42067501.0,89136120.0
Papua New Guinea,30,46361062.0,42920264.0,42919728.0,266145.0,117937.0,2018,32611659.0,77265.0,273.0,45947.0,14266.0,10524.0,351.0,44425.0,1407.0,42920264.0,6377171603.0,642.0,60948758.0,103016258.0,-42067501.0,90788466.0
Papua New Guinea,30,46361062.0,42920264.0,42919728.0,266145.0,95136.0,2019,32611659.0,57963.0,233.0,36752.0,6805.0,7916.0,248.0,41037.0,1489.0,42920264.0,6377171603.0,642.0,60948758.0,103016258.0,-42067501.0,72748149.0
Papua New Guinea,30,46361062.0,42920264.0,42919728.0,266145.0,78440.0,2020,32611659.0,44864.0,158.0,27501.0,4149.0,5953.0,182.0,38715.0,1291.0,42920264.0,6377171603.0,642.0,60948758.0,103016258.0,-42067501.0,59460035.0
Papua New Guinea,30,46361062.0,42920264.0,42919728.0,266145.0,76611.0,2021,32611659.0,43336.0,210.0,26270.0,4147.0,6431.0,118.0,36947.0,1990.0,42920264.0,6377171603.0,642.0,60948758.0,103016258.0,-42067501.0,58533194.0
Papua New Guinea,30,46361062.0,42920264.0,42919728.0,266145.0,142079.0,2022,32611659.0,74969.0,229.0,49758.0,7691.0,14671.0,345.0,65736.0,3099.0,42920264.0,6377171603.0,642.0,60948758.0,103016258.0,-42067501.0,110208497.0
Papua New Guinea,30,46361062.0,42920264.0,42919728.0,266145.0,83765.0,2023,32611659.0,47743.0,242.0,26838.0,6480.0,6487.0,192.0,41933.0,1397.0,42920264.0,6377171603.0,642.0,60948758.0,103016258.0,-42067501.0,64926900.0
Papua New Guinea,30,46361062.0,42920264.0,42919728.0,266145.0,82210.0,2024,32611659.0,43754.0,76.0,24945.0,5599.0,5419.0,113.0,41140.0,4651.0,42920264.0,6377171603.0,642.0,60948758.0,103016258.0,-42067501.0,62126135.0
Paraguay,30,39928620.0,24273209.0,20431738.0,642419.0,150235.0,2001,0.0,0.0,22.0,1489.0,1504.0,143483.0,383.0,19.0,2840.0,24273209.0,869354090.0,246.0,77700249.0,101039165.0,-23338917.0,37588478.0
Paraguay,30,39928620.0,24273209.0,20431738.0,642419.0,195118.0,2002,3482020.0,50507.0,39.0,1915.0,1482.0,187139.0,304.0,12.0,3809.0,24273209.0,869354090.0,246.0,77700249.0,101039165.0,-23338917.0,51483655.0
Paraguay,30,39928620.0,24273209.0,20431738.0,642419.0,267306.0,2003,3482020.0,74443.0,30.0,3304.0,3036.0,256957.0,411.0,49.0,2930.0,24273209.0,869354090.0,246.0,77700249.0,101039165.0,-23338917.0,72701790.0
Paraguay,30,39928620.0,24273209.0,20431738.0,642419.0,247336.0,2004,3482020.0,65084.0,62.0,2422.0,2310.0,239211.0,497.0,8.0,2405.0,24273209.0,869354090.0,246.0,77700249.0,101039165.0,-23338917.0,72907167.0
Paraguay,30,39928620.0,24273209.0,20431738.0,642419.0,262612.0,2005,3482020.0,57704.0,88.0,2515.0,1983.0,253164.0,680.0,17.0,3721.0,24273209.0,869354090.0,246.0,77700249.0,101039165.0,-23338917.0,65024452.0
Paraguay,30,39928620.0,24273209.0,20431738.0,642419.0,148256.0,2006,3482020.0,27948.0,88.0,1569.0,1335.0,143242.0,415.0,2.0,1295.0,24273209.0,869354090.0,246.0,77700249.0,101039165.0,-23338917.0,36257177.0
Paraguay,30,39928620.0,24273209.0,20431738.0,642419.0,426191.0,2007,3482020.0,85752.0,135.0,2839.0,4331.0,412118.0,844.0,24.0,5259.0,24273209.0,869354090.0,246.0,77700249.0,101039165.0,-23338917.0,102229526.0
Paraguay,30,39928620.0,24273209.0,20431738.0,642419.0,376297.0,2008,3482020.0,53656.0,50.0,2802.0,3035.0,365499.0,990.0,16.0,3229.0,24273209.0,869354090.0,246.0,77700249.0,101039165.0,-23338917.0,85881379.0
Paraguay,30,39928620.0,24273209.0,20431738.0,642419.0,353171.0,2009,3482020.0,49611.0,106.0,2328.0,2763.0,342404.0,603.0,13.0,4578.0,24273209.0,869354090.0,246.0,77700249.0,101039165.0,-23338917.0,79339495.0
Paraguay,30,39928620.0,24273209.0,20431738.0,642419.0,442279.0,2010,3482020.0,72835.0,79.0,3591.0,2966.0,428534.0,601.0,30.0,5987.0,24273209.0,869354090.0,246.0,77700249.0,101039165.0,-23338917.0,103589323.0
Paraguay,30,39928620.0,24273209.0,20431738.0,642419.0,457175.0,2011,3482020.0,64105.0,81.0,3446.0,2297.0,445833.0,769.0,24.0,4165.0,24273209.0,869354090.0,246.0,77700249.0,101039165.0,-23338917.0,109527790.0
Paraguay,30,39928620.0,24273209.0,20431738.0,642419.0,510214.0,2012,3482020.0,83806.0,95.0,7165.0,5353.0,490858.0,579.0,30.0,4320.0,24273209.0,869354090.0,246.0,77700249.0,101039165.0,-23338917.0,126140699.0
Paraguay,30,39928620.0,24273209.0,20431738.0,642419.0,318514.0,2013,3482020.0,53483.0,62.0,3453.0,850.0,299355.0,410.0,2.0,13892.0,24273209.0,869354090.0,246.0,77700249.0,101039165.0,-23338917.0,77850583.0
Paraguay,30,39928620.0,24273209.0,20431738.0,642419.0,345738.0,2014,3482020.0,38156.0,59.0,2512.0,2064.0,334764.0,403.0,11.0,5371.0,24273209.0,869354090.0,246.0,77700249.0,101039165.0,-23338917.0,90203680.0
Paraguay,30,39928620.0,24273209.0,20431738.0,642419.0,279305.0,2015,3482020.0,28270.0,68.0,1937.0,489.0,273769.0,470.0,6.0,2352.0,24273209.0,869354090.0,246.0,77700249.0,101039165.0,-23338917.0,75504564.0
Paraguay,30,39928620.0,24273209.0,20431738.0,642419.0,319793.0,2016,3482020.0,45862.0,206.0,3292.0,817.0,306333.0,939.0,8.0,7965.0,24273209.0,869354090.0,246.0,77700249.0,101039165.0,-23338917.0,89171788.0
Paraguay,30,39928620.0,24273209.0,20431738.0,642419.0,360075.0,2017,3482020.0,70055.0,264.0,4475.0,1543.0,325028.0,924.0,14.0,27267.0,24273209.0,869354090.0,246.0,77700249.0,101039165.0,-23338917.0,100403430.0
Paraguay,30,39928620.0,24273209.0,20431738.0,642419.0,258770.0,2018,3482020.0,25298.0,142.0,2677.0,189.0,252751.0,443.0,4.0,2496.0,24273209.0,869354090.0,246.0,77700249.0,101039165.0,-23338917.0,64399449.0
Paraguay,30,39928620.0,24273209.0,20431738.0,642419.0,312986.0,2019,3482020.0,50690.0,228.0,3191.0,276.0,199438.0,417.0,0.0,109343.0,24273209.0,869354090.0,246.0,77700249.0,101039165.0,-23338917.0,75677521.0
Paraguay,30,39928620.0,24273209.0,20431738.0,642419.0,243326.0,2020,3482020.0,58572.0,320.0,3189.0,1057.0,200380.0,447.0,5.0,37734.0,24273209.0,869354090.0,246.0,77700249.0,101039165.0,-23338917.0,69170792.0
Paraguay,30,39928620.0,24273209.0,20431738.0,642419.0,276717.0,2021,3482020.0,44669.0,384.0,3462.0,963.0,231646.0,530.0,7.0,39558.0,24273209.0,869354090.0,246.0,77700249.0,101039165.0,-23338917.0,80151342.0
Paraguay,30,39928620.0,24273209.0,20431738.0,642419.0,217143.0,2022,3482020.0,32588.0,443.0,3463.0,1057.0,197880.0,518.0,41.0,13474.0,24273209.0,869354090.0,246.0,77700249.0,101039165.0,-23338917.0,67694678.0
Paraguay,30,39928620.0,24273209.0,20431738.0,642419.0,184551.0,2023,3482020.0,25121.0,532.0,2985.0,580.0,172897.0,320.0,44.0,7130.0,24273209.0,869354090.0,246.0,77700249.0,101039165.0,-23338917.0,57738077.0
Paraguay,30,39928620.0,24273209.0,20431738.0,642419.0,265819.0,2024,3482020.0,40392.0,124.0,5235.0,1205.0,165579.0,292.0,48.0,93184.0,24273209.0,869354090.0,246.0,77700249.0,101039165.0,-23338917.0,74169139.0
Peru,30,129246451.0,78063555.0,78757035.0,429704.0,86008.0,2001,0.0,0.0,856.0,937.0,5312.0,55948.0,320.0,20934.0,425.0,78063555.0,10486926134.0,618.0,115380389.0,169715687.0,-54335300.0,54543255.0
Peru,30,129246451.0,78063555.0,78757035.0,429704.0,80457.0,2002,69148716.0,46063.0,822.0,1033.0,4708.0,56792.0,323.0,15260.0,485.0,78063555.0,10486926134.0,618.0,115380389.0,169715687.0,-54335300.0,50637735.0
Peru,30,129246451.0,78063555.0,78757035.0,429704.0,73869.0,2003,69148716.0,43729.0,1207.0,693.0,4850.0,52241.0,340.0,13422.0,322.0,78063555.0,10486926134.0,618.0,115380389.0,169715687.0,-54335300.0,46911083.0
Peru,30,129246451.0,78063555.0,78757035.0,429704.0,101310.0,2004,69148716.0,62017.0,1543.0,1290.0,7412.0,66686.0,345.0,22486.0,452.0,78063555.0,10486926134.0,618.0,115380389.0,169715687.0,-54335300.0,64451339.0
Peru,30,129246451.0,78063555.0,78757035.0,429704.0,162995.0,2005,69148716.0,97369.0,954.0,1587.0,12227.0,117482.0,619.0,25910.0,3072.0,78063555.0,10486926134.0,618.0,115380389.0,169715687.0,-54335300.0,102239102.0
Peru,30,129246451.0,78063555.0,78757035.0,429704.0,88903.0,2006,69148716.0,58804.0,1586.0,1452.0,8226.0,57083.0,285.0,16741.0,2643.0,78063555.0,10486926134.0,618.0,115380389.0,169715687.0,-54335300.0,57184646.0
Peru,30,129246451.0,78063555.0,78757035.0,429704.0,115717.0,2007,69148716.0,77966.0,2791.0,1671.0,9013.0,78428.0,307.0,21529.0,815.0,78063555.0,10486926134.0,618.0,115380389.0,169715687.0,-54335300.0,73795211.0
Peru,30,129246451.0,78063555.0,78757035.0,429704.0,126648.0,2008,69148716.0,88820.0,2856.0,2035.0,10581.0,82578.0,480.0,25090.0,1802.0,78063555.0,10486926134.0,618.0,115380389.0,169715687.0,-54335300.0,84179031.0
Peru,30,129246451.0,78063555.0,78757035.0,429704.0,177910.0,2009,69148716.0,120183.0,1902.0,1971.0,12242.0,124940.0,554.0,34207.0,782.0,78063555.0,10486926134.0,618.0,115380389.0,169715687.0,-54335300.0,114352175.0
Peru,30,129246451.0,78063555.0,78757035.0,429704.0,142294.0,2010,69148716.0,100951.0,4992.0,2153.0,14090.0,93062.0,591.0,24540.0,1346.0,78063555.0,10486926134.0,618.0,115380389.0,169715687.0,-54335300.0,92833722.0
Peru,30,129246451.0,78063555.0,78757035.0,429704.0,125253.0,2011,69148716.0,88877.0,4387.0,2289.0,13509.0,79344.0,437.0,21917.0,1724.0,78063555.0,10486926134.0,618.0,115380389.0,169715687.0,-54335300.0,81381727.0
Peru,30,129246451.0,78063555.0,78757035.0,429704.0,275417.0,2012,69148716.0,177200.0,5571.0,4249.0,26506.0,183703.0,1041.0,47635.0,1943.0,78063555.0,10486926134.0,618.0,115380389.0,169715687.0,-54335300.0,174955317.0
Peru,30,129246451.0,78063555.0,78757035.0,429704.0,209322.0,2013,69148716.0,142872.0,4587.0,9890.0,14114.0,135376.0,422.0,41792.0,1192.0,78063555.0,10486926134.0,618.0,115380389.0,169715687.0,-54335300.0,135890695.0
Peru,30,129246451.0,78063555.0,78757035.0,429704.0,205417.0,2014,69148716.0,133078.0,5257.0,6572.0,18576.0,133062.0,507.0,38677.0,1074.0,78063555.0,10486926134.0,618.0,115380389.0,169715687.0,-54335300.0,130652799.0
Peru,30,129246451.0,78063555.0,78757035.0,429704.0,166450.0,2015,69148716.0,104841.0,3656.0,5166.0,17632.0,105865.0,368.0,31786.0,1031.0,78063555.0,10486926134.0,618.0,115380389.0,169715687.0,-54335300.0,104988206.0
Peru,30,129246451.0,78063555.0,78757035.0,429704.0,230953.0,2016,69148716.0,142709.0,4511.0,8346.0,20301.0,145553.0,634.0,45896.0,4623.0,78063555.0,10486926134.0,618.0,115380389.0,169715687.0,-54335300.0,144518021.0
Peru,30,129246451.0,78063555.0,78757035.0,429704.0,303216.0,2017,69148716.0,181024.0,8335.0,10413.0,32441.0,178959.0,737.0,56604.0,13449.0,78063555.0,10486926134.0,618.0,115380389.0,169715687.0,-54335300.0,182944603.0
Peru,30,129246451.0,78063555.0,78757035.0,429704.0,211644.0,2018,69148716.0,140103.0,7556.0,7619.0,18605.0,133974.0,447.0,41811.0,1022.0,78063555.0,10486926134.0,618.0,115380389.0,169715687.0,-54335300.0,134805946.0
Peru,30,129246451.0,78063555.0,78757035.0,429704.0,231174.0,2019,69148716.0,161514.0,7187.0,6983.0,22301.0,150007.0,352.0,40834.0,2883.0,78063555.0,10486926134.0,618.0,115380389.0,169715687.0,-54335300.0,149312950.0
Peru,30,129246451.0,78063555.0,78757035.0,429704.0,278604.0,2020,69148716.0,190144.0,7089.0,11828.0,23471.0,174849.0,479.0,57164.0,2972.0,78063555.0,10486926134.0,618.0,115380389.0,169715687.0,-54335300.0,178523779.0
Peru,30,129246451.0,78063555.0,78757035.0,429704.0,225106.0,2021,69148716.0,154181.0,8358.0,9830.0,19510.0,143205.0,482.0,37248.0,5663.0,78063555.0,10486926134.0,618.0,115380389.0,169715687.0,-54335300.0,145564258.0
Peru,30,129246451.0,78063555.0,78757035.0,429704.0,236061.0,2022,69148716.0,160921.0,11216.0,12077.0,22654.0,138272.0,490.0,43412.0,7127.0,78063555.0,10486926134.0,618.0,115380389.0,169715687.0,-54335300.0,152967936.0
Peru,30,129246451.0,78063555.0,78757035.0,429704.0,227601.0,2023,69148716.0,150326.0,10775.0,9747.0,19341.0,132738.0,421.0,41432.0,12872.0,78063555.0,10486926134.0,618.0,115380389.0,169715687.0,-54335300.0,146111889.0
Peru,30,129246451.0,78063555.0,78757035.0,429704.0,268477.0,2024,69148716.0,189004.0,10275.0,12885.0,20540.0,143543.0,337.0,38443.0,41994.0,78063555.0,10486926134.0,618.0,115380389.0,169715687.0,-54335300.0,165383892.0
Philippines,30,29585614.0,18599368.0,18391718.0,172159.0,35166.0,2001,0.0,0.0,156.0,937.0,341.0,23067.0,403.0,9321.0,56.0,18599368.0,1946483799.0,513.0,38669948.0,96639945.0,-57969998.0,20779325.0
Philippines,30,29585614.0,18599368.0,18391718.0,172159.0,32309.0,2002,4588535.0,3498.0,325.0,907.0,345.0,20092.0,335.0,9641.0,73.0,18599368.0,1946483799.0,513.0,38669948.0,96639945.0,-57969998.0,19356997.0
Philippines,30,29585614.0,18599368.0,18391718.0,172159.0,35155.0,2003,4588535.0,4274.0,92.0,1132.0,437.0,22007.0,323.0,10700.0,77.0,18599368.0,1946483799.0,513.0,38669948.0,96639945.0,-57969998.0,20974624.0
Philippines,30,29585614.0,18599368.0,18391718.0,172159.0,48579.0,2004,4588535.0,7078.0,241.0,2510.0,619.0,27699.0,490.0,16329.0,142.0,18599368.0,1946483799.0,513.0,38669948.0,96639945.0,-57969998.0,29863417.0
Philippines,30,29585614.0,18599368.0,18391718.0,172159.0,49782.0,2005,4588535.0,6332.0,265.0,1757.0,708.0,29286.0,541.0,16536.0,87.0,18599368.0,1946483799.0,513.0,38669948.0,96639945.0,-57969998.0,30019282.0
Philippines,30,29585614.0,18599368.0,18391718.0,172159.0,57428.0,2006,4588535.0,7143.0,289.0,2252.0,762.0,34609.0,725.0,18053.0,123.0,18599368.0,1946483799.0,513.0,38669948.0,96639945.0,-57969998.0,34607163.0
Philippines,30,29585614.0,18599368.0,18391718.0,172159.0,66497.0,2007,4588535.0,8752.0,342.0,1819.0,577.0,39583.0,775.0,22670.0,126.0,18599368.0,1946483799.0,513.0,38669948.0,96639945.0,-57969998.0,40203189.0
Philippines,30,29585614.0,18599368.0,18391718.0,172159.0,38703.0,2008,4588535.0,5656.0,433.0,1456.0,413.0,23555.0,418.0,11994.0,32.0,18599368.0,1946483799.0,513.0,38669948.0,96639945.0,-57969998.0,23724553.0
Philippines,30,29585614.0,18599368.0,18391718.0,172159.0,60889.0,2009,4588535.0,6946.0,569.0,1530.0,699.0,39360.0,1030.0,16791.0,116.0,18599368.0,1946483799.0,513.0,38669948.0,96639945.0,-57969998.0,36750505.0
Philippines,30,29585614.0,18599368.0,18391718.0,172159.0,102649.0,2010,4588535.0,8880.0,676.0,1455.0,718.0,71725.0,1581.0,25160.0,185.0,18599368.0,1946483799.0,513.0,38669948.0,96639945.0,-57969998.0,61507389.0
Philippines,30,29585614.0,18599368.0,18391718.0,172159.0,33253.0,2011,4588535.0,4919.0,443.0,1424.0,565.0,21542.0,371.0,8340.0,79.0,18599368.0,1946483799.0,513.0,38669948.0,96639945.0,-57969998.0,21040253.0
Philippines,30,29585614.0,18599368.0,18391718.0,172159.0,59587.0,2012,4588535.0,6889.0,725.0,1955.0,670.0,41428.0,775.0,12817.0,111.0,18599368.0,1946483799.0,513.0,38669948.0,96639945.0,-57969998.0,36942261.0
Philippines,30,29585614.0,18599368.0,18391718.0,172159.0,58872.0,2013,4588535.0,10835.0,397.0,2604.0,2436.0,35557.0,549.0,15794.0,906.0,18599368.0,1946483799.0,513.0,38669948.0,96639945.0,-57969998.0,36719428.0
Philippines,30,29585614.0,18599368.0,18391718.0,172159.0,102456.0,2014,4588535.0,11483.0,967.0,2893.0,2045.0,69083.0,872.0,25326.0,732.0,18599368.0,1946483799.0,513.0,38669948.0,96639945.0,-57969998.0,62610380.0
Philippines,30,29585614.0,18599368.0,18391718.0,172159.0,65897.0,2015,4588535.0,6477.0,574.0,1723.0,417.0,38763.0,419.0,23694.0,118.0,18599368.0,1946483799.0,513.0,38669948.0,96639945.0,-57969998.0,39042543.0
Philippines,30,29585614.0,18599368.0,18391718.0,172159.0,129109.0,2016,4588535.0,13386.0,944.0,3809.0,1541.0,74892.0,1031.0,45593.0,993.0,18599368.0,1946483799.0,513.0,38669948.0,96639945.0,-57969998.0,76805890.0
Philippines,30,29585614.0,18599368.0,18391718.0,172159.0,114279.0,2017,4588535.0,13698.0,850.0,4020.0,1720.0,63340.0,953.0,42688.0,307.0,18599368.0,1946483799.0,513.0,38669948.0,96639945.0,-57969998.0,69090880.0
Philippines,30,29585614.0,18599368.0,18391718.0,172159.0,70533.0,2018,4588535.0,9222.0,630.0,2845.0,1229.0,42409.0,783.0,22318.0,133.0,18599368.0,1946483799.0,513.0,38669948.0,96639945.0,-57969998.0,42765495.0
Philippines,30,29585614.0,18599368.0,18391718.0,172159.0,64037.0,2019,4588535.0,7585.0,570.0,1714.0,581.0,36548.0,653.0,23611.0,251.0,18599368.0,1946483799.0,513.0,38669948.0,96639945.0,-57969998.0,39020198.0
Philippines,30,29585614.0,18599368.0,18391718.0,172159.0,63727.0,2020,4588535.0,7750.0,603.0,2498.0,764.0,35540.0,689.0,23117.0,364.0,18599368.0,1946483799.0,513.0,38669948.0,96639945.0,-57969998.0,38981725.0
Philippines,30,29585614.0,18599368.0,18391718.0,172159.0,48883.0,2021,4588535.0,6828.0,523.0,1174.0,644.0,26869.0,446.0,19007.0,77.0,18599368.0,1946483799.0,513.0,38669948.0,96639945.0,-57969998.0,30304520.0
Philippines,30,29585614.0,18599368.0,18391718.0,172159.0,84543.0,2022,4588535.0,27288.0,831.0,12615.0,2010.0,36278.0,694.0,29157.0,2763.0,18599368.0,1946483799.0,513.0,38669948.0,96639945.0,-57969998.0,54071101.0
Philippines,30,29585614.0,18599368.0,18391718.0,172159.0,42736.0,2023,4588535.0,5041.0,1048.0,558.0,691.0,25199.0,541.0,14437.0,176.0,18599368.0,1946483799.0,513.0,38669948.0,96639945.0,-57969998.0,26598960.0
Philippines,30,29585614.0,18599368.0,18391718.0,172159.0,59209.0,2024,4588535.0,6106.0,619.0,718.0,747.0,36513.0,556.0,19164.0,750.0,18599368.0,1946483799.0,513.0,38669948.0,96639945.0,-57969998.0,36298665.0
Poland,30,31239932.0,10439497.0,10635345.0,892070.0,19067.0,2001,0.0,0.0,51.0,18074.0,13.0,140.0,356.0,0.0,4.0,10439497.0,590910266.0,215.0,23687900.0,83717207.0,-60029308.0,5502368.0
Poland,30,31239932.0,10439497.0,10635345.0,892070.0,31070.0,2002,0.0,0.0,172.0,29940.0,3.0,125.0,390.0,0.0,4.0,10439497.0,590910266.0,215.0,23687900.0,83717207.0,-60029308.0,9282885.0
Poland,30,31239932.0,10439497.0,10635345.0,892070.0,33293.0,2003,0.0,0.0,136.0,32375.0,25.0,88.0,375.0,0.0,0.0,10439497.0,590910266.0,215.0,23687900.0,83717207.0,-60029308.0,9846337.0
Poland,30,31239932.0,10439497.0,10635345.0,892070.0,41874.0,2004,0.0,0.0,212.0,40412.0,12.0,151.0,541.0,0.0,9.0,10439497.0,590910266.0,215.0,23687900.0,83717207.0,-60029308.0,12784117.0
Poland,30,31239932.0,10439497.0,10635345.0,892070.0,82378.0,2005,0.0,0.0,458.0,79440.0,77.0,333.0,1142.0,0.0,9.0,10439497.0,590910266.0,215.0,23687900.0,83717207.0,-60029308.0,27111930.0
Poland,30,31239932.0,10439497.0,10635345.0,892070.0,37681.0,2006,0.0,0.0,144.0,36411.0,15.0,125.0,599.0,0.0,21.0,10439497.0,590910266.0,215.0,23687900.0,83717207.0,-60029308.0,12287971.0
Poland,30,31239932.0,10439497.0,10635345.0,892070.0,57310.0,2007,0.0,0.0,275.0,54853.0,27.0,224.0,1305.0,0.0,15.0,10439497.0,590910266.0,215.0,23687900.0,83717207.0,-60029308.0,19744169.0
Poland,30,31239932.0,10439497.0,10635345.0,892070.0,47941.0,2008,0.0,0.0,257.0,46148.0,17.0,183.0,919.0,0.0,6.0,10439497.0,590910266.0,215.0,23687900.0,83717207.0,-60029308.0,16925794.0
Poland,30,31239932.0,10439497.0,10635345.0,892070.0,46925.0,2009,0.0,0.0,257.0,44919.0,27.0,236.0,1053.0,0.0,3.0,10439497.0,590910266.0,215.0,23687900.0,83717207.0,-60029308.0,16651190.0
Poland,30,31239932.0,10439497.0,10635345.0,892070.0,71835.0,2010,0.0,0.0,362.0,68706.0,57.0,295.0,1590.0,0.0,3.0,10439497.0,590910266.0,215.0,23687900.0,83717207.0,-60029308.0,26355064.0
Poland,30,31239932.0,10439497.0,10635345.0,892070.0,56650.0,2011,0.0,0.0,399.0,54434.0,44.0,355.0,1005.0,0.0,10.0,10439497.0,590910266.0,215.0,23687900.0,83717207.0,-60029308.0,21449970.0
Poland,30,31239932.0,10439497.0,10635345.0,892070.0,54896.0,2012,0.0,0.0,471.0,52657.0,23.0,264.0,966.0,0.0,2.0,10439497.0,590910266.0,215.0,23687900.0,83717207.0,-60029308.0,20758949.0
Poland,30,31239932.0,10439497.0,10635345.0,892070.0,35015.0,2013,0.0,0.0,196.0,34168.0,10.0,95.0,413.0,0.0,0.0,10439497.0,590910266.0,215.0,23687900.0,83717207.0,-60029308.0,13130702.0
Poland,30,31239932.0,10439497.0,10635345.0,892070.0,56279.0,2014,0.0,0.0,324.0,54507.0,100.0,283.0,702.0,0.0,49.0,10439497.0,590910266.0,215.0,23687900.0,83717207.0,-60029308.0,21696376.0
Poland,30,31239932.0,10439497.0,10635345.0,892070.0,42743.0,2015,0.0,0.0,261.0,41497.0,21.0,225.0,547.0,0.0,22.0,10439497.0,590910266.0,215.0,23687900.0,83717207.0,-60029308.0,16687587.0
Poland,30,31239932.0,10439497.0,10635345.0,892070.0,86511.0,2016,0.0,0.0,555.0,83336.0,359.0,425.0,1456.0,0.0,41.0,10439497.0,590910266.0,215.0,23687900.0,83717207.0,-60029308.0,34674364.0
Poland,30,31239932.0,10439497.0,10635345.0,892070.0,96251.0,2017,0.0,0.0,440.0,92933.0,232.0,351.0,1812.0,0.0,8.0,10439497.0,590910266.0,215.0,23687900.0,83717207.0,-60029308.0,39194003.0
Poland,30,31239932.0,10439497.0,10635345.0,892070.0,96846.0,2018,0.0,0.0,607.0,94404.0,187.0,357.0,1104.0,0.0,13.0,10439497.0,590910266.0,215.0,23687900.0,83717207.0,-60029308.0,39951389.0
Poland,30,31239932.0,10439497.0,10635345.0,892070.0,76721.0,2019,0.0,0.0,626.0,74944.0,26.0,175.0,763.0,0.0,45.0,10439497.0,590910266.0,215.0,23687900.0,83717207.0,-60029308.0,33064328.0
Poland,30,31239932.0,10439497.0,10635345.0,892070.0,74959.0,2020,0.0,0.0,301.0,72947.0,73.0,146.0,1246.0,0.0,50.0,10439497.0,590910266.0,215.0,23687900.0,83717207.0,-60029308.0,32938218.0
Poland,30,31239932.0,10439497.0,10635345.0,892070.0,77568.0,2021,0.0,0.0,257.0,76289.0,36.0,101.0,705.0,0.0,2.0,10439497.0,590910266.0,215.0,23687900.0,83717207.0,-60029308.0,34978717.0
Poland,30,31239932.0,10439497.0,10635345.0,892070.0,72193.0,2022,0.0,0.0,340.0,70512.0,76.0,99.0,993.0,0.0,4.0,10439497.0,590910266.0,215.0,23687900.0,83717207.0,-60029308.0,33167858.0
Poland,30,31239932.0,10439497.0,10635345.0,892070.0,76138.0,2023,0.0,0.0,261.0,74607.0,47.0,124.0,962.0,0.0,1.0,10439497.0,590910266.0,215.0,23687900.0,83717207.0,-60029308.0,36018920.0
Poland,30,31239932.0,10439497.0,10635345.0,892070.0,71612.0,2024,0.0,0.0,220.0,70509.0,18.0,80.0,652.0,0.0,1.0,10439497.0,590910266.0,215.0,23687900.0,83717207.0,-60029308.0,34306363.0
Portugal,30,8955525.0,2302483.0,2171271.0,168608.0,24404.0,2001,0.0,0.0,173.0,15550.0,141.0,947.0,272.0,0.0,7276.0,2302483.0,124047487.0,263.0,16510255.0,12733631.0,3776624.0,6238825.0
Portugal,30,8955525.0,2302483.0,2171271.0,168608.0,34902.0,2002,0.0,0.0,252.0,21018.0,118.0,1230.0,422.0,0.0,11821.0,2302483.0,124047487.0,263.0,16510255.0,12733631.0,3776624.0,8790764.0
Portugal,30,8955525.0,2302483.0,2171271.0,168608.0,26839.0,2003,0.0,0.0,211.0,17105.0,11.0,721.0,263.0,0.0,8504.0,2302483.0,124047487.0,263.0,16510255.0,12733631.0,3776624.0,6131924.0
Portugal,30,8955525.0,2302483.0,2171271.0,168608.0,55315.0,2004,0.0,0.0,65.0,28740.0,29.0,2094.0,594.0,0.0,23737.0,2302483.0,124047487.0,263.0,16510255.0,12733631.0,3776624.0,14289213.0
Portugal,30,8955525.0,2302483.0,2171271.0,168608.0,38934.0,2005,0.0,0.0,111.0,20925.0,9.0,842.0,555.0,0.0,16450.0,2302483.0,124047487.0,263.0,16510255.0,12733631.0,3776624.0,10048989.0
Portugal,30,8955525.0,2302483.0,2171271.0,168608.0,42567.0,2006,0.0,0.0,144.0,21042.0,1.0,960.0,439.0,0.0,19956.0,2302483.0,124047487.0,263.0,16510255.0,12733631.0,3776624.0,12444494.0
Portugal,30,8955525.0,2302483.0,2171271.0,168608.0,36322.0,2007,0.0,0.0,105.0,23549.0,3.0,1038.0,646.0,0.0,10941.0,2302483.0,124047487.0,263.0,16510255.0,12733631.0,3776624.0,12143042.0
Portugal,30,8955525.0,2302483.0,2171271.0,168608.0,33615.0,2008,0.0,0.0,256.0,22267.0,17.0,967.0,628.0,0.0,9449.0,2302483.0,124047487.0,263.0,16510255.0,12733631.0,3776624.0,11950672.0
Portugal,30,8955525.0,2302483.0,2171271.0,168608.0,39860.0,2009,0.0,0.0,251.0,24514.0,2.0,1172.0,621.0,0.0,13261.0,2302483.0,124047487.0,263.0,16510255.0,12733631.0,3776624.0,13756169.0
Portugal,30,8955525.0,2302483.0,2171271.0,168608.0,48401.0,2010,0.0,0.0,157.0,26879.0,7.0,979.0,964.0,0.0,19379.0,2302483.0,124047487.0,263.0,16510255.0,12733631.0,3776624.0,16000772.0
Portugal,30,8955525.0,2302483.0,2171271.0,168608.0,26674.0,2011,0.0,0.0,86.0,16212.0,6.0,522.0,496.0,0.0,9333.0,2302483.0,124047487.0,263.0,16510255.0,12733631.0,3776624.0,9736562.0
Portugal,30,8955525.0,2302483.0,2171271.0,168608.0,58236.0,2012,0.0,0.0,89.0,25539.0,3.0,806.0,597.0,0.0,31157.0,2302483.0,124047487.0,263.0,16510255.0,12733631.0,3776624.0,17649669.0
Portugal,30,8955525.0,2302483.0,2171271.0,168608.0,51884.0,2013,0.0,0.0,60.0,25159.0,2.0,473.0,392.0,0.0,25778.0,2302483.0,124047487.0,263.0,16510255.0,12733631.0,3776624.0,15803649.0
Portugal,30,8955525.0,2302483.0,2171271.0,168608.0,60259.0,2014,0.0,0.0,48.0,32259.0,0.0,671.0,498.0,0.0,26757.0,2302483.0,124047487.0,263.0,16510255.0,12733631.0,3776624.0,21319225.0
Portugal,30,8955525.0,2302483.0,2171271.0,168608.0,46096.0,2015,0.0,0.0,37.0,24482.0,0.0,645.0,447.0,0.0,20470.0,2302483.0,124047487.0,263.0,16510255.0,12733631.0,3776624.0,16153237.0
Portugal,30,8955525.0,2302483.0,2171271.0,168608.0,94646.0,2016,0.0,0.0,77.0,40547.0,7.0,872.0,793.0,0.0,52328.0,2302483.0,124047487.0,263.0,16510255.0,12733631.0,3776624.0,30580443.0
Portugal,30,8955525.0,2302483.0,2171271.0,168608.0,173894.0,2017,0.0,0.0,73.0,29262.0,0.0,652.0,643.0,0.0,143246.0,2302483.0,124047487.0,263.0,16510255.0,12733631.0,3776624.0,40813489.0
Portugal,30,8955525.0,2302483.0,2171271.0,168608.0,97438.0,2018,0.0,0.0,72.0,31807.0,2.0,835.0,897.0,0.0,63808.0,2302483.0,124047487.0,263.0,16510255.0,12733631.0,3776624.0,31349872.0
Portugal,30,8955525.0,2302483.0,2171271.0,168608.0,36887.0,2019,0.0,0.0,32.0,22455.0,0.0,425.0,565.0,0.0,13395.0,2302483.0,124047487.0,263.0,16510255.0,12733631.0,3776624.0,13441808.0
Portugal,30,8955525.0,2302483.0,2171271.0,168608.0,62043.0,2020,0.0,0.0,150.0,35211.0,7.0,596.0,752.0,0.0,25310.0,2302483.0,124047487.0,263.0,16510255.0,12733631.0,3776624.0,22621372.0
Portugal,30,8955525.0,2302483.0,2171271.0,168608.0,37224.0,2021,0.0,0.0,84.0,25052.0,1.0,412.0,514.0,0.0,11151.0,2302483.0,124047487.0,263.0,16510255.0,12733631.0,3776624.0,15991336.0
Portugal,30,8955525.0,2302483.0,2171271.0,168608.0,46876.0,2022,0.0,0.0,68.0,22124.0,0.0,465.0,438.0,0.0,23769.0,2302483.0,124047487.0,263.0,16510255.0,12733631.0,3776624.0,16468761.0
Portugal,30,8955525.0,2302483.0,2171271.0,168608.0,36388.0,2023,0.0,0.0,50.0,22526.0,12.0,307.0,457.0,0.0,13030.0,2302483.0,124047487.0,263.0,16510255.0,12733631.0,3776624.0,15176846.0
Portugal,30,8955525.0,2302483.0,2171271.0,168608.0,43381.0,2024,0.0,0.0,43.0,22886.0,4.0,397.0,461.0,0.0,19582.0,2302483.0,124047487.0,263.0,16510255.0,12733631.0,3776624.0,17344980.0
Republic Of The Congo,30,34173270.0,26388421.0,26636766.0,113140.0,27031.0,2001,0.0,0.0,82.0,2013.0,1238.0,3110.0,365.0,18426.0,844.0,26388421.0,3069454308.0,363.0,28297431.0,97695341.0,-69397911.0,14727545.0
Republic Of The Congo,30,34173270.0,26388421.0,26636766.0,113140.0,24311.0,2002,21157957.0,9973.0,81.0,1670.0,634.0,4477.0,358.0,16174.0,286.0,26388421.0,3069454308.0,363.0,28297431.0,97695341.0,-69397911.0,13232098.0
Republic Of The Congo,30,34173270.0,26388421.0,26636766.0,113140.0,18514.0,2003,21157957.0,9874.0,77.0,1281.0,617.0,3869.0,269.0,11696.0,233.0,26388421.0,3069454308.0,363.0,28297431.0,97695341.0,-69397911.0,10171923.0
Republic Of The Congo,30,34173270.0,26388421.0,26636766.0,113140.0,13832.0,2004,21157957.0,4995.0,62.0,708.0,408.0,1867.0,234.0,10052.0,254.0,26388421.0,3069454308.0,363.0,28297431.0,97695341.0,-69397911.0,7108826.0
Republic Of The Congo,30,34173270.0,26388421.0,26636766.0,113140.0,18854.0,2005,21157957.0,8608.0,156.0,1436.0,817.0,2465.0,259.0,12874.0,426.0,26388421.0,3069454308.0,363.0,28297431.0,97695341.0,-69397911.0,10268920.0
Republic Of The Congo,30,34173270.0,26388421.0,26636766.0,113140.0,22154.0,2006,21157957.0,11788.0,92.0,2105.0,795.0,2780.0,463.0,14682.0,577.0,26388421.0,3069454308.0,363.0,28297431.0,97695341.0,-69397911.0,12720147.0
Republic Of The Congo,30,34173270.0,26388421.0,26636766.0,113140.0,29764.0,2007,21157957.0,13688.0,76.0,1822.0,1181.0,4827.0,484.0,20046.0,597.0,26388421.0,3069454308.0,363.0,28297431.0,97695341.0,-69397911.0,16401976.0
Republic Of The Congo,30,34173270.0,26388421.0,26636766.0,113140.0,17375.0,2008,21157957.0,5893.0,113.0,829.0,351.0,3980.0,426.0,11186.0,135.0,26388421.0,3069454308.0,363.0,28297431.0,97695341.0,-69397911.0,9156536.0
Republic Of The Congo,30,34173270.0,26388421.0,26636766.0,113140.0,19074.0,2009,21157957.0,7705.0,111.0,1475.0,496.0,2697.0,494.0,12905.0,167.0,26388421.0,3069454308.0,363.0,28297431.0,97695341.0,-69397911.0,10243938.0
Republic Of The Congo,30,34173270.0,26388421.0,26636766.0,113140.0,44665.0,2010,21157957.0,20597.0,236.0,2238.0,3744.0,8048.0,864.0,26581.0,1557.0,26388421.0,3069454308.0,363.0,28297431.0,97695341.0,-69397911.0,25722416.0
Republic Of The Congo,30,34173270.0,26388421.0,26636766.0,113140.0,28375.0,2011,21157957.0,13755.0,302.0,1856.0,1052.0,5764.0,732.0,16972.0,751.0,26388421.0,3069454308.0,363.0,28297431.0,97695341.0,-69397911.0,16477829.0
Republic Of The Congo,30,34173270.0,26388421.0,26636766.0,113140.0,32144.0,2012,21157957.0,14805.0,368.0,1602.0,1408.0,5344.0,477.0,20706.0,1267.0,26388421.0,3069454308.0,363.0,28297431.0,97695341.0,-69397911.0,18974574.0
Republic Of The Congo,30,34173270.0,26388421.0,26636766.0,113140.0,54642.0,2013,21157957.0,24818.0,611.0,6705.0,771.0,5831.0,758.0,36832.0,1938.0,26388421.0,3069454308.0,363.0,28297431.0,97695341.0,-69397911.0,31542740.0
Republic Of The Congo,30,34173270.0,26388421.0,26636766.0,113140.0,72891.0,2014,21157957.0,31142.0,783.0,8392.0,662.0,6866.0,651.0,52004.0,1416.0,26388421.0,3069454308.0,363.0,28297431.0,97695341.0,-69397911.0,42506474.0
Republic Of The Congo,30,34173270.0,26388421.0,26636766.0,113140.0,47823.0,2015,21157957.0,18197.0,346.0,4924.0,337.0,4553.0,341.0,34909.0,1880.0,26388421.0,3069454308.0,363.0,28297431.0,97695341.0,-69397911.0,27471454.0
Republic Of The Congo,30,34173270.0,26388421.0,26636766.0,113140.0,114303.0,2016,21157957.0,43659.0,776.0,6004.0,807.0,7367.0,375.0,64250.0,34074.0,26388421.0,3069454308.0,363.0,28297431.0,97695341.0,-69397911.0,59853900.0
Republic Of The Congo,30,34173270.0,26388421.0,26636766.0,113140.0,63875.0,2017,21157957.0,26702.0,970.0,7299.0,756.0,6466.0,408.0,46339.0,1008.0,26388421.0,3069454308.0,363.0,28297431.0,97695341.0,-69397911.0,39196492.0
Republic Of The Congo,30,34173270.0,26388421.0,26636766.0,113140.0,62698.0,2018,21157957.0,26847.0,1846.0,7075.0,491.0,5007.0,232.0,44475.0,3274.0,26388421.0,3069454308.0,363.0,28297431.0,97695341.0,-69397911.0,38769983.0
Republic Of The Congo,30,34173270.0,26388421.0,26636766.0,113140.0,73757.0,2019,21157957.0,30647.0,857.0,6854.0,812.0,7197.0,232.0,55735.0,1814.0,26388421.0,3069454308.0,363.0,28297431.0,97695341.0,-69397911.0,45800154.0
Republic Of The Congo,30,34173270.0,26388421.0,26636766.0,113140.0,64540.0,2020,21157957.0,26295.0,759.0,5923.0,717.0,6698.0,192.0,46970.0,2934.0,26388421.0,3069454308.0,363.0,28297431.0,97695341.0,-69397911.0,40526608.0
Republic Of The Congo,30,34173270.0,26388421.0,26636766.0,113140.0,58193.0,2021,21157957.0,19570.0,541.0,4879.0,471.0,5053.0,152.0,44022.0,2763.0,26388421.0,3069454308.0,363.0,28297431.0,97695341.0,-69397911.0,36591675.0
Republic Of The Congo,30,34173270.0,26388421.0,26636766.0,113140.0,59425.0,2022,21157957.0,26089.0,570.0,6893.0,857.0,5283.0,196.0,41192.0,4122.0,26388421.0,3069454308.0,363.0,28297431.0,97695341.0,-69397911.0,38056276.0
Republic Of The Congo,30,34173270.0,26388421.0,26636766.0,113140.0,67416.0,2023,21157957.0,24424.0,522.0,5717.0,422.0,4815.0,236.0,52553.0,3007.0,26388421.0,3069454308.0,363.0,28297431.0,97695341.0,-69397911.0,43754621.0
Republic Of The Congo,30,34173270.0,26388421.0,26636766.0,113140.0,114667.0,2024,21157957.0,62044.0,820.0,7047.0,2588.0,6339.0,232.0,56264.0,40994.0,26388421.0,3069454308.0,363.0,28297431.0,97695341.0,-69397911.0,69861224.0
Romania,30,23833778.0,7915160.0,7652859.0,223889.0,17535.0,2001,0.0,0.0,40.0,16852.0,64.0,99.0,42.0,0.0,17.0,7915160.0,545013407.0,282.0,9183214.0,71809984.0,-62626770.0,6779037.0
Romania,30,23833778.0,7915160.0,7652859.0,223889.0,16356.0,2002,0.0,0.0,54.0,15757.0,91.0,100.0,52.0,0.0,8.0,7915160.0,545013407.0,282.0,9183214.0,71809984.0,-62626770.0,6646008.0
Romania,30,23833778.0,7915160.0,7652859.0,223889.0,9427.0,2003,0.0,0.0,48.0,9135.0,57.0,29.0,21.0,0.0,6.0,7915160.0,545013407.0,282.0,9183214.0,71809984.0,-62626770.0,3769051.0
Romania,30,23833778.0,7915160.0,7652859.0,223889.0,18859.0,2004,0.0,0.0,122.0,17884.0,45.0,241.0,80.0,0.0,59.0,7915160.0,545013407.0,282.0,9183214.0,71809984.0,-62626770.0,7775184.0
Romania,30,23833778.0,7915160.0,7652859.0,223889.0,19418.0,2005,0.0,0.0,104.0,18712.0,75.0,158.0,117.0,0.0,5.0,7915160.0,545013407.0,282.0,9183214.0,71809984.0,-62626770.0,8425058.0
Romania,30,23833778.0,7915160.0,7652859.0,223889.0,13066.0,2006,0.0,0.0,155.0,12438.0,51.0,122.0,110.0,0.0,5.0,7915160.0,545013407.0,282.0,9183214.0,71809984.0,-62626770.0,5778514.0
Romania,30,23833778.0,7915160.0,7652859.0,223889.0,38082.0,2007,0.0,0.0,126.0,37193.0,147.0,174.0,125.0,0.0,84.0,7915160.0,545013407.0,282.0,9183214.0,71809984.0,-62626770.0,16573331.0
Romania,30,23833778.0,7915160.0,7652859.0,223889.0,17537.0,2008,0.0,0.0,147.0,16799.0,81.0,122.0,175.0,0.0,11.0,7915160.0,545013407.0,282.0,9183214.0,71809984.0,-62626770.0,8069908.0
Romania,30,23833778.0,7915160.0,7652859.0,223889.0,16177.0,2009,0.0,0.0,73.0,15650.0,76.0,130.0,82.0,0.0,6.0,7915160.0,545013407.0,282.0,9183214.0,71809984.0,-62626770.0,7425720.0
Romania,30,23833778.0,7915160.0,7652859.0,223889.0,17781.0,2010,0.0,0.0,88.0,17189.0,77.0,140.0,69.0,0.0,9.0,7915160.0,545013407.0,282.0,9183214.0,71809984.0,-62626770.0,8341960.0
Romania,30,23833778.0,7915160.0,7652859.0,223889.0,16928.0,2011,0.0,0.0,76.0,16302.0,63.0,185.0,102.0,0.0,16.0,7915160.0,545013407.0,282.0,9183214.0,71809984.0,-62626770.0,8108246.0
Romania,30,23833778.0,7915160.0,7652859.0,223889.0,30649.0,2012,0.0,0.0,176.0,29138.0,185.0,403.0,116.0,0.0,235.0,7915160.0,545013407.0,282.0,9183214.0,71809984.0,-62626770.0,14218449.0
Romania,30,23833778.0,7915160.0,7652859.0,223889.0,12945.0,2013,0.0,0.0,65.0,12144.0,32.0,74.0,39.0,0.0,238.0,7915160.0,545013407.0,282.0,9183214.0,71809984.0,-62626770.0,5917403.0
Romania,30,23833778.0,7915160.0,7652859.0,223889.0,19480.0,2014,0.0,0.0,100.0,18532.0,101.0,150.0,85.0,0.0,116.0,7915160.0,545013407.0,282.0,9183214.0,71809984.0,-62626770.0,9278622.0
Romania,30,23833778.0,7915160.0,7652859.0,223889.0,10906.0,2015,0.0,0.0,50.0,10542.0,32.0,104.0,44.0,0.0,4.0,7915160.0,545013407.0,282.0,9183214.0,71809984.0,-62626770.0,5437696.0
Romania,30,23833778.0,7915160.0,7652859.0,223889.0,23045.0,2016,0.0,0.0,41.0,22092.0,321.0,188.0,83.0,0.0,64.0,7915160.0,545013407.0,282.0,9183214.0,71809984.0,-62626770.0,11920183.0
Romania,30,23833778.0,7915160.0,7652859.0,223889.0,19188.0,2017,0.0,0.0,38.0,18647.0,69.0,174.0,50.0,0.0,5.0,7915160.0,545013407.0,282.0,9183214.0,71809984.0,-62626770.0,9967165.0
Romania,30,23833778.0,7915160.0,7652859.0,223889.0,18974.0,2018,0.0,0.0,24.0,18498.0,78.0,194.0,63.0,0.0,6.0,7915160.0,545013407.0,282.0,9183214.0,71809984.0,-62626770.0,10346541.0
Romania,30,23833778.0,7915160.0,7652859.0,223889.0,12266.0,2019,0.0,0.0,52.0,11932.0,45.0,106.0,40.0,0.0,7.0,7915160.0,545013407.0,282.0,9183214.0,71809984.0,-62626770.0,6624843.0
Romania,30,23833778.0,7915160.0,7652859.0,223889.0,27445.0,2020,0.0,0.0,80.0,26745.0,218.0,116.0,78.0,0.0,42.0,7915160.0,545013407.0,282.0,9183214.0,71809984.0,-62626770.0,15394682.0
Romania,30,23833778.0,7915160.0,7652859.0,223889.0,14699.0,2021,0.0,0.0,71.0,14291.0,102.0,60.0,58.0,0.0,13.0,7915160.0,545013407.0,282.0,9183214.0,71809984.0,-62626770.0,8111700.0
Romania,30,23833778.0,7915160.0,7652859.0,223889.0,16515.0,2022,0.0,0.0,135.0,15889.0,109.0,75.0,94.0,0.0,79.0,7915160.0,545013407.0,282.0,9183214.0,71809984.0,-62626770.0,9157701.0
Romania,30,23833778.0,7915160.0,7652859.0,223889.0,25381.0,2023,0.0,0.0,110.0,24365.0,246.0,116.0,112.0,0.0,240.0,7915160.0,545013407.0,282.0,9183214.0,71809984.0,-62626770.0,14598238.0
Romania,30,23833778.0,7915160.0,7652859.0,223889.0,20154.0,2024,0.0,0.0,60.0,19606.0,110.0,93.0,99.0,0.0,13.0,7915160.0,545013407.0,282.0,9183214.0,71809984.0,-62626770.0,11731901.0
Russia,30,1689455496.0,761226509.0,754772109.0,37220538.0,1826603.0,2001,0.0,0.0,8679.0,493213.0,17353.0,5618.0,2884.0,7.0,1275005.0,761226509.0,29040851400.0,203.0,624226647.0,1998130931.0,-1373904282.0,295423570.0
Russia,30,1689455496.0,761226509.0,754772109.0,37220538.0,2700385.0,2002,0.0,0.0,9125.0,534123.0,12679.0,3465.0,2923.0,4.0,2118938.0,761226509.0,29040851400.0,203.0,624226647.0,1998130931.0,-1373904282.0,364215604.0
Russia,30,1689455496.0,761226509.0,754772109.0,37220538.0,3030069.0,2003,0.0,0.0,7571.0,436479.0,7669.0,1244.0,1989.0,0.0,2564308.0,761226509.0,29040851400.0,203.0,624226647.0,1998130931.0,-1373904282.0,388617247.0
Russia,30,1689455496.0,761226509.0,754772109.0,37220538.0,3521018.0,2004,0.0,0.0,16579.0,738276.0,24901.0,2924.0,3682.0,2.0,2709701.0,761226509.0,29040851400.0,203.0,624226647.0,1998130931.0,-1373904282.0,577999413.0
Russia,30,1689455496.0,761226509.0,754772109.0,37220538.0,1589993.0,2005,0.0,0.0,18058.0,711883.0,16725.0,1867.0,4002.0,2.0,818551.0,761226509.0,29040851400.0,203.0,624226647.0,1998130931.0,-1373904282.0,332079204.0
Russia,30,1689455496.0,761226509.0,754772109.0,37220538.0,2233421.0,2006,0.0,0.0,23319.0,676236.0,20685.0,1972.0,4437.0,1.0,1486973.0,761226509.0,29040851400.0,203.0,624226647.0,1998130931.0,-1373904282.0,386748261.0
Russia,30,1689455496.0,761226509.0,754772109.0,37220538.0,2338922.0,2007,0.0,0.0,30347.0,780051.0,17297.0,2046.0,5817.0,1.0,1485783.0,761226509.0,29040851400.0,203.0,624226647.0,1998130931.0,-1373904282.0,442230296.0
Russia,30,1689455496.0,761226509.0,754772109.0,37220538.0,3047987.0,2008,0.0,0.0,32380.0,744952.0,18333.0,1725.0,5604.0,0.0,2225516.0,761226509.0,29040851400.0,203.0,624226647.0,1998130931.0,-1373904282.0,506956245.0
Russia,30,1689455496.0,761226509.0,754772109.0,37220538.0,2111642.0,2009,0.0,0.0,31123.0,783301.0,23533.0,2437.0,5191.0,1.0,1245171.0,761226509.0,29040851400.0,203.0,624226647.0,1998130931.0,-1373904282.0,416266680.0
Russia,30,1689455496.0,761226509.0,754772109.0,37220538.0,1859546.0,2010,0.0,0.0,35254.0,835053.0,24620.0,3096.0,6338.0,3.0,931467.0,761226509.0,29040851400.0,203.0,624226647.0,1998130931.0,-1373904282.0,419105115.0
Russia,30,1689455496.0,761226509.0,754772109.0,37220538.0,3021488.0,2011,0.0,0.0,29860.0,773255.0,26519.0,2994.0,6755.0,3.0,2160798.0,761226509.0,29040851400.0,203.0,624226647.0,1998130931.0,-1373904282.0,556508306.0
Russia,30,1689455496.0,761226509.0,754772109.0,37220538.0,5391243.0,2012,0.0,0.0,42732.0,945780.0,46873.0,3088.0,7187.0,0.0,4308706.0,761226509.0,29040851400.0,203.0,624226647.0,1998130931.0,-1373904282.0,916106215.0
Russia,30,1689455496.0,761226509.0,754772109.0,37220538.0,4965538.0,2013,0.0,0.0,22425.0,739354.0,35961.0,703.0,4078.0,0.0,4137215.0,761226509.0,29040851400.0,203.0,624226647.0,1998130931.0,-1373904282.0,836566178.0
Russia,30,1689455496.0,761226509.0,754772109.0,37220538.0,4489889.0,2014,0.0,0.0,35143.0,773744.0,31802.0,912.0,5512.0,0.0,3627336.0,761226509.0,29040851400.0,203.0,624226647.0,1998130931.0,-1373904282.0,666007115.0
Russia,30,1689455496.0,761226509.0,754772109.0,37220538.0,2332110.0,2015,0.0,0.0,32614.0,761441.0,29028.0,852.0,3872.0,0.0,1495586.0,761226509.0,29040851400.0,203.0,624226647.0,1998130931.0,-1373904282.0,442670469.0
Russia,30,1689455496.0,761226509.0,754772109.0,37220538.0,5051685.0,2016,0.0,0.0,54055.0,1002604.0,108379.0,2562.0,6143.0,6.0,3870042.0,761226509.0,29040851400.0,203.0,624226647.0,1998130931.0,-1373904282.0,844185715.0
Russia,30,1689455496.0,761226509.0,754772109.0,37220538.0,5288940.0,2017,0.0,0.0,56218.0,1119262.0,545047.0,2862.0,4828.0,1.0,3553218.0,761226509.0,29040851400.0,203.0,624226647.0,1998130931.0,-1373904282.0,993387228.0
Russia,30,1689455496.0,761226509.0,754772109.0,37220538.0,5560431.0,2018,0.0,0.0,48521.0,1106441.0,694789.0,1816.0,3436.0,0.0,3700898.0,761226509.0,29040851400.0,203.0,624226647.0,1998130931.0,-1373904282.0,1109955371.0
Russia,30,1689455496.0,761226509.0,754772109.0,37220538.0,3686557.0,2019,0.0,0.0,43267.0,1002451.0,45659.0,1199.0,3470.0,0.0,2586253.0,761226509.0,29040851400.0,203.0,624226647.0,1998130931.0,-1373904282.0,599855140.0
Russia,30,1689455496.0,761226509.0,754772109.0,37220538.0,5442086.0,2020,0.0,0.0,46684.0,1009268.0,106698.0,1342.0,3521.0,2.0,4267667.0,761226509.0,29040851400.0,203.0,624226647.0,1998130931.0,-1373904282.0,821908870.0
Russia,30,1689455496.0,761226509.0,754772109.0,37220538.0,6518852.0,2021,0.0,0.0,43635.0,1027565.0,29801.0,1100.0,3577.0,0.0,5408222.0,761226509.0,29040851400.0,203.0,624226647.0,1998130931.0,-1373904282.0,884287029.0
Russia,30,1689455496.0,761226509.0,754772109.0,37220538.0,4287817.0,2022,0.0,0.0,47268.0,1025688.0,31043.0,1277.0,3803.0,0.0,3174097.0,761226509.0,29040851400.0,203.0,624226647.0,1998130931.0,-1373904282.0,711745212.0
Russia,30,1689455496.0,761226509.0,754772109.0,37220538.0,3354721.0,2023,0.0,0.0,51995.0,897071.0,35052.0,1785.0,3830.0,0.0,2363272.0,761226509.0,29040851400.0,203.0,624226647.0,1998130931.0,-1373904282.0,654995100.0
Russia,30,1689455496.0,761226509.0,754772109.0,37220538.0,5180133.0,2024,0.0,0.0,42078.0,881561.0,46454.0,2050.0,4217.0,0.0,4201268.0,761226509.0,29040851400.0,203.0,624226647.0,1998130931.0,-1373904282.0,813619967.0
Rwanda,30,2527906.0,497955.0,517922.0,16061.0,1517.0,2001,0.0,0.0,0.0,458.0,30.0,918.0,42.0,11.0,0.0,497955.0,30920496.0,284.0,1490404.0,4912641.0,-3422237.0,606078.0
Rwanda,30,2527906.0,497955.0,517922.0,16061.0,943.0,2002,53781.0,4.0,0.0,175.0,19.0,679.0,21.0,8.0,0.0,497955.0,30920496.0,284.0,1490404.0,4912641.0,-3422237.0,327542.0
Rwanda,30,2527906.0,497955.0,517922.0,16061.0,1062.0,2003,53781.0,28.0,1.0,284.0,28.0,673.0,23.0,7.0,1.0,497955.0,30920496.0,284.0,1490404.0,4912641.0,-3422237.0,436047.0
Rwanda,30,2527906.0,497955.0,517922.0,16061.0,1121.0,2004,53781.0,6.0,1.0,373.0,18.0,673.0,16.0,4.0,0.0,497955.0,30920496.0,284.0,1490404.0,4912641.0,-3422237.0,454975.0
Rwanda,30,2527906.0,497955.0,517922.0,16061.0,820.0,2005,53781.0,14.0,0.0,222.0,15.0,536.0,17.0,1.0,0.0,497955.0,30920496.0,284.0,1490404.0,4912641.0,-3422237.0,362547.0
Rwanda,30,2527906.0,497955.0,517922.0,16061.0,746.0,2006,53781.0,39.0,1.0,186.0,27.0,470.0,19.0,11.0,0.0,497955.0,30920496.0,284.0,1490404.0,4912641.0,-3422237.0,330207.0
Rwanda,30,2527906.0,497955.0,517922.0,16061.0,1430.0,2007,53781.0,8.0,0.0,278.0,20.0,1000.0,63.0,8.0,1.0,497955.0,30920496.0,284.0,1490404.0,4912641.0,-3422237.0,645365.0
Rwanda,30,2527906.0,497955.0,517922.0,16061.0,1100.0,2008,53781.0,26.0,0.0,246.0,27.0,730.0,42.0,10.0,1.0,497955.0,30920496.0,284.0,1490404.0,4912641.0,-3422237.0,560294.0
Rwanda,30,2527906.0,497955.0,517922.0,16061.0,1382.0,2009,53781.0,12.0,0.0,385.0,11.0,842.0,104.0,4.0,1.0,497955.0,30920496.0,284.0,1490404.0,4912641.0,-3422237.0,730636.0
Rwanda,30,2527906.0,497955.0,517922.0,16061.0,2451.0,2010,53781.0,24.0,0.0,379.0,22.0,1893.0,88.0,11.0,1.0,497955.0,30920496.0,284.0,1490404.0,4912641.0,-3422237.0,1235343.0
Rwanda,30,2527906.0,497955.0,517922.0,16061.0,926.0,2011,53781.0,7.0,0.0,215.0,9.0,628.0,36.0,9.0,0.0,497955.0,30920496.0,284.0,1490404.0,4912641.0,-3422237.0,540162.0
Rwanda,30,2527906.0,497955.0,517922.0,16061.0,1091.0,2012,53781.0,6.0,0.0,265.0,37.0,722.0,24.0,3.0,0.0,497955.0,30920496.0,284.0,1490404.0,4912641.0,-3422237.0,611261.0
Rwanda,30,2527906.0,497955.0,517922.0,16061.0,2474.0,2013,53781.0,15.0,0.0,761.0,60.0,1562.0,34.0,13.0,7.0,497955.0,30920496.0,284.0,1490404.0,4912641.0,-3422237.0,1450537.0
Rwanda,30,2527906.0,497955.0,517922.0,16061.0,2890.0,2014,53781.0,34.0,0.0,1055.0,104.0,1629.0,46.0,13.0,7.0,497955.0,30920496.0,284.0,1490404.0,4912641.0,-3422237.0,1909620.0
Rwanda,30,2527906.0,497955.0,517922.0,16061.0,2217.0,2015,53781.0,9.0,0.0,1047.0,42.0,1039.0,37.0,12.0,19.0,497955.0,30920496.0,284.0,1490404.0,4912641.0,-3422237.0,1619678.0
Rwanda,30,2527906.0,497955.0,517922.0,16061.0,2778.0,2016,53781.0,22.0,1.0,1364.0,22.0,1203.0,47.0,122.0,0.0,497955.0,30920496.0,284.0,1490404.0,4912641.0,-3422237.0,2081850.0
Rwanda,30,2527906.0,497955.0,517922.0,16061.0,2731.0,2017,53781.0,14.0,0.0,1210.0,224.0,1214.0,52.0,19.0,0.0,497955.0,30920496.0,284.0,1490404.0,4912641.0,-3422237.0,2030917.0
Rwanda,30,2527906.0,497955.0,517922.0,16061.0,4291.0,2018,53781.0,39.0,0.0,1928.0,81.0,2082.0,59.0,124.0,0.0,497955.0,30920496.0,284.0,1490404.0,4912641.0,-3422237.0,3486762.0
Rwanda,30,2527906.0,497955.0,517922.0,16061.0,2516.0,2019,53781.0,13.0,0.0,1386.0,21.0,1034.0,32.0,34.0,0.0,497955.0,30920496.0,284.0,1490404.0,4912641.0,-3422237.0,2154476.0
Rwanda,30,2527906.0,497955.0,517922.0,16061.0,3188.0,2020,53781.0,113.0,2.0,1554.0,185.0,1209.0,39.0,173.0,3.0,497955.0,30920496.0,284.0,1490404.0,4912641.0,-3422237.0,2607037.0
Rwanda,30,2527906.0,497955.0,517922.0,16061.0,2922.0,2021,53781.0,42.0,0.0,1329.0,63.0,1455.0,37.0,26.0,1.0,497955.0,30920496.0,284.0,1490404.0,4912641.0,-3422237.0,2755179.0
Rwanda,30,2527906.0,497955.0,517922.0,16061.0,2537.0,2022,53781.0,14.0,0.0,1173.0,16.0,1297.0,19.0,25.0,0.0,497955.0,30920496.0,284.0,1490404.0,4912641.0,-3422237.0,2476342.0
Rwanda,30,2527906.0,497955.0,517922.0,16061.0,3037.0,2023,53781.0,28.0,0.0,1394.0,22.0,1542.0,40.0,30.0,3.0,497955.0,30920496.0,284.0,1490404.0,4912641.0,-3422237.0,2920440.0
Rwanda,30,2527906.0,497955.0,517922.0,16061.0,3605.0,2024,53781.0,20.0,0.0,1601.0,16.0,1862.0,42.0,72.0,0.0,497955.0,30920496.0,284.0,1490404.0,4912641.0,-3422237.0,3436393.0
Réunion,30,251271.0,170474.0,170200.0,0.0,29.0,2001,0.0,0.0,0.0,0.0,0.0,19.0,1.0,5.0,1.0,170474.0,15770174.0,347.0,113596.0,11137.0,102459.0,17148.0
Réunion,30,251271.0,170474.0,170200.0,0.0,503.0,2002,0.0,0.0,0.0,19.0,49.0,382.0,7.0,24.0,8.0,170474.0,15770174.0,347.0,113596.0,11137.0,102459.0,252415.0
Réunion,30,251271.0,170474.0,170200.0,0.0,143.0,2003,0.0,0.0,0.0,0.0,4.0,132.0,0.0,1.0,0.0,170474.0,15770174.0,347.0,113596.0,11137.0,102459.0,70633.0
Réunion,30,251271.0,170474.0,170200.0,0.0,0.0,2004,0.0,0.0,0.0,0.0,0.0,0.0,0.0,0.0,0.0,170474.0,15770174.0,347.0,113596.0,11137.0,102459.0,0.0
Réunion,30,251271.0,170474.0,170200.0,0.0,225.0,2005,0.0,0.0,0.0,9.0,39.0,112.0,4.0,12.0,36.0,170474.0,15770174.0,347.0,113596.0,11137.0,102459.0,127820.0
Réunion,30,251271.0,170474.0,170200.0,0.0,630.0,2006,0.0,0.0,0.0,9.0,143.0,316.0,10.0,40.0,88.0,170474.0,15770174.0,347.0,113596.0,11137.0,102459.0,353200.0
Réunion,30,251271.0,170474.0,170200.0,0.0,0.0,2007,0.0,0.0,0.0,0.0,0.0,0.0,0.0,0.0,0.0,170474.0,15770174.0,347.0,113596.0,11137.0,102459.0,0.0
Réunion,30,251271.0,170474.0,170200.0,0.0,15.0,2008,0.0,0.0,0.0,0.0,2.0,9.0,1.0,0.0,0.0,170474.0,15770174.0,347.0,113596.0,11137.0,102459.0,7506.0
Réunion,30,251271.0,170474.0,170200.0,0.0,188.0,2009,0.0,0.0,0.0,5.0,27.0,110.0,6.0,14.0,15.0,170474.0,15770174.0,347.0,113596.0,11137.0,102459.0,103813.0
Réunion,30,251271.0,170474.0,170200.0,0.0,223.0,2010,0.0,0.0,0.0,0.0,27.0,148.0,8.0,21.0,8.0,170474.0,15770174.0,347.0,113596.0,11137.0,102459.0,120326.0
Réunion,30,251271.0,170474.0,170200.0,0.0,562.0,2011,0.0,0.0,0.0,3.0,55.0,415.0,21.0,42.0,12.0,170474.0,15770174.0,347.0,113596.0,11137.0,102459.0,272149.0
Réunion,30,251271.0,170474.0,170200.0,0.0,852.0,2012,0.0,0.0,0.0,9.0,26.0,746.0,15.0,25.0,12.0,170474.0,15770174.0,347.0,113596.0,11137.0,102459.0,396056.0
Réunion,30,251271.0,170474.0,170200.0,0.0,1652.0,2013,0.0,0.0,0.0,26.0,56.0,1447.0,23.0,55.0,23.0,170474.0,15770174.0,347.0,113596.0,11137.0,102459.0,695006.0
Réunion,30,251271.0,170474.0,170200.0,0.0,675.0,2014,0.0,0.0,0.0,4.0,76.0,490.0,16.0,49.0,17.0,170474.0,15770174.0,347.0,113596.0,11137.0,102459.0,303735.0
Réunion,30,251271.0,170474.0,170200.0,0.0,8.0,2015,0.0,0.0,0.0,0.0,0.0,8.0,0.0,0.0,0.0,170474.0,15770174.0,347.0,113596.0,11137.0,102459.0,2935.0
Réunion,30,251271.0,170474.0,170200.0,0.0,7.0,2016,0.0,0.0,0.0,0.0,0.0,6.0,0.0,0.0,0.0,170474.0,15770174.0,347.0,113596.0,11137.0,102459.0,3555.0
Réunion,30,251271.0,170474.0,170200.0,0.0,0.0,2017,0.0,0.0,0.0,0.0,0.0,0.0,0.0,0.0,0.0,170474.0,15770174.0,347.0,113596.0,11137.0,102459.0,0.0
Réunion,30,251271.0,170474.0,170200.0,0.0,0.0,2018,0.0,0.0,0.0,0.0,0.0,0.0,0.0,0.0,0.0,170474.0,15770174.0,347.0,113596.0,11137.0,102459.0,0.0
Réunion,30,251271.0,170474.0,170200.0,0.0,0.0,2019,0.0,0.0,0.0,0.0,0.0,0.0,0.0,0.0,0.0,170474.0,15770174.0,347.0,113596.0,11137.0,102459.0,0.0
Réunion,30,251271.0,170474.0,170200.0,0.0,0.0,2020,0.0,0.0,0.0,0.0,0.0,0.0,0.0,0.0,0.0,170474.0,15770174.0,347.0,113596.0,11137.0,102459.0,0.0
Réunion,30,251271.0,170474.0,170200.0,0.0,0.0,2021,0.0,0.0,0.0,0.0,0.0,0.0,0.0,0.0,0.0,170474.0,15770174.0,347.0,113596.0,11137.0,102459.0,0.0
Réunion,30,251271.0,170474.0,170200.0,0.0,0.0,2022,0.0,0.0,0.0,0.0,0.0,0.0,0.0,0.0,0.0,170474.0,15770174.0,347.0,113596.0,11137.0,102459.0,0.0
Réunion,30,251271.0,170474.0,170200.0,0.0,0.0,2023,0.0,0.0,0.0,0.0,0.0,0.0,0.0,0.0,0.0,170474.0,15770174.0,347.0,113596.0,11137.0,102459.0,0.0
Réunion,30,251271.0,170474.0,170200.0,0.0,0.0,2024,0.0,0.0,0.0,0.0,0.0,0.0,0.0,0.0,0.0,170474.0,15770174.0,347.0,113596.0,11137.0,102459.0,0.0
Saint-Barthélemy,30,2094.0,621.0,558.0,3.0,0.0,2001,0.0,0.0,0.0,0.0,0.0,0.0,0.0,0.0,0.0,621.0,28572.0,46.0,20.0,3890.0,-3870.0,0.0
Saint-Barthélemy,30,2094.0,621.0,558.0,3.0,0.0,2002,0.0,0.0,0.0,0.0,0.0,0.0,0.0,0.0,0.0,621.0,28572.0,46.0,20.0,3890.0,-3870.0,0.0
Saint-Barthélemy,30,2094.0,621.0,558.0,3.0,0.0,2003,0.0,0.0,0.0,0.0,0.0,0.0,0.0,0.0,0.0,621.0,28572.0,46.0,20.0,3890.0,-3870.0,0.0
Saint-Barthélemy,30,2094.0,621.0,558.0,3.0,0.0,2004,0.0,0.0,0.0,0.0,0.0,0.0,0.0,0.0,0.0,621.0,28572.0,46.0,20.0,3890.0,-3870.0,34.0
Saint-Barthélemy,30,2094.0,621.0,558.0,3.0,0.0,2005,0.0,0.0,0.0,0.0,0.0,0.0,0.0,0.0,0.0,621.0,28572.0,46.0,20.0,3890.0,-3870.0,16.0
Saint-Barthélemy,30,2094.0,621.0,558.0,3.0,0.0,2006,0.0,0.0,0.0,0.0,0.0,0.0,0.0,0.0,0.0,621.0,28572.0,46.0,20.0,3890.0,-3870.0,0.0
Saint-Barthélemy,30,2094.0,621.0,558.0,3.0,0.0,2007,0.0,0.0,0.0,0.0,0.0,0.0,0.0,0.0,0.0,621.0,28572.0,46.0,20.0,3890.0,-3870.0,0.0
Saint-Barthélemy,30,2094.0,621.0,558.0,3.0,0.0,2008,0.0,0.0,0.0,0.0,0.0,0.0,0.0,0.0,0.0,621.0,28572.0,46.0,20.0,3890.0,-3870.0,44.0
Saint-Barthélemy,30,2094.0,621.0,558.0,3.0,0.0,2009,0.0,0.0,0.0,0.0,0.0,0.0,0.0,0.0,0.0,621.0,28572.0,46.0,20.0,3890.0,-3870.0,0.0
Saint-Barthélemy,30,2094.0,621.0,558.0,3.0,0.0,2010,0.0,0.0,0.0,0.0,0.0,0.0,0.0,0.0,0.0,621.0,28572.0,46.0,20.0,3890.0,-3870.0,86.0
Saint-Barthélemy,30,2094.0,621.0,558.0,3.0,0.0,2011,0.0,0.0,0.0,0.0,0.0,0.0,0.0,0.0,0.0,621.0,28572.0,46.0,20.0,3890.0,-3870.0,0.0
Saint-Barthélemy,30,2094.0,621.0,558.0,3.0,0.0,2012,0.0,0.0,0.0,0.0,0.0,0.0,0.0,0.0,0.0,621.0,28572.0,46.0,20.0,3890.0,-3870.0,46.0
Saint-Barthélemy,30,2094.0,621.0,558.0,3.0,0.0,2013,0.0,0.0,0.0,0.0,0.0,0.0,0.0,0.0,0.0,621.0,28572.0,46.0,20.0,3890.0,-3870.0,128.0
Saint-Barthélemy,30,2094.0,621.0,558.0,3.0,0.0,2014,0.0,0.0,0.0,0.0,0.0,0.0,0.0,0.0,0.0,621.0,28572.0,46.0,20.0,3890.0,-3870.0,84.0
Saint-Barthélemy,30,2094.0,621.0,558.0,3.0,0.0,2015,0.0,0.0,0.0,0.0,0.0,0.0,0.0,0.0,0.0,621.0,28572.0,46.0,20.0,3890.0,-3870.0,22.0
Saint-Barthélemy,30,2094.0,621.0,558.0,3.0,0.0,2016,0.0,0.0,0.0,0.0,0.0,0.0,0.0,0.0,0.0,621.0,28572.0,46.0,20.0,3890.0,-3870.0,0.0
Saint-Barthélemy,30,2094.0,621.0,558.0,3.0,0.0,2017,0.0,0.0,0.0,0.0,0.0,0.0,0.0,0.0,0.0,621.0,28572.0,46.0,20.0,3890.0,-3870.0,28.0
Saint-Barthélemy,30,2094.0,621.0,558.0,3.0,0.0,2018,0.0,0.0,0.0,0.0,0.0,0.0,0.0,0.0,0.0,621.0,28572.0,46.0,20.0,3890.0,-3870.0,0.0
Saint-Barthélemy,30,2094.0,621.0,558.0,3.0,0.0,2019,0.0,0.0,0.0,0.0,0.0,0.0,0.0,0.0,0.0,621.0,28572.0,46.0,20.0,3890.0,-3870.0,0.0
Saint-Barthélemy,30,2094.0,621.0,558.0,3.0,0.0,2020,0.0,0.0,0.0,0.0,0.0,0.0,0.0,0.0,0.0,621.0,28572.0,46.0,20.0,3890.0,-3870.0,0.0
Saint-Barthélemy,30,2094.0,621.0,558.0,3.0,0.0,2021,0.0,0.0,0.0,0.0,0.0,0.0,0.0,0.0,0.0,621.0,28572.0,46.0,20.0,3890.0,-3870.0,0.0
Saint-Barthélemy,30,2094.0,621.0,558.0,3.0,0.0,2022,0.0,0.0,0.0,0.0,0.0,0.0,0.0,0.0,0.0,621.0,28572.0,46.0,20.0,3890.0,-3870.0,0.0
Saint-Barthélemy,30,2094.0,621.0,558.0,3.0,0.0,2023,0.0,0.0,0.0,0.0,0.0,0.0,0.0,0.0,0.0,621.0,28572.0,46.0,20.0,3890.0,-3870.0,0.0
Saint-Barthélemy,30,2094.0,621.0,558.0,3.0,0.0,2024,0.0,0.0,0.0,0.0,0.0,0.0,0.0,0.0,0.0,621.0,28572.0,46.0,20.0,3890.0,-3870.0,0.0
Saudi Arabia,30,192301611.0,7.0,0.0,7572.0,0.0,2001,0.0,0.0,0.0,0.0,0.0,0.0,0.0,0.0,0.0,7.0,288.0,42.0,1.0,11706.0,-11705.0,0.0
Saudi Arabia,30,192301611.0,7.0,0.0,7572.0,0.0,2002,0.0,0.0,0.0,0.0,0.0,0.0,0.0,0.0,0.0,7.0,288.0,42.0,1.0,11706.0,-11705.0,0.0
Saudi Arabia,30,192301611.0,7.0,0.0,7572.0,0.0,2003,0.0,0.0,0.0,0.0,0.0,0.0,0.0,0.0,0.0,7.0,288.0,42.0,1.0,11706.0,-11705.0,0.0
Saudi Arabia,30,192301611.0,7.0,0.0,7572.0,0.0,2004,0.0,0.0,0.0,0.0,0.0,0.0,0.0,0.0,0.0,7.0,288.0,42.0,1.0,11706.0,-11705.0,0.0
Saudi Arabia,30,192301611.0,7.0,0.0,7572.0,0.0,2005,0.0,0.0,0.0,0.0,0.0,0.0,0.0,0.0,0.0,7.0,288.0,42.0,1.0,11706.0,-11705.0,0.0
Saudi Arabia,30,192301611.0,7.0,0.0,7572.0,0.0,2006,0.0,0.0,0.0,0.0,0.0,0.0,0.0,0.0,0.0,7.0,288.0,42.0,1.0,11706.0,-11705.0,0.0
Saudi Arabia,30,192301611.0,7.0,0.0,7572.0,0.0,2007,0.0,0.0,0.0,0.0,0.0,0.0,0.0,0.0,0.0,7.0,288.0,42.0,1.0,11706.0,-11705.0,0.0
Saudi Arabia,30,192301611.0,7.0,0.0,7572.0,0.0,2008,0.0,0.0,0.0,0.0,0.0,0.0,0.0,0.0,0.0,7.0,288.0,42.0,1.0,11706.0,-11705.0,0.0
Saudi Arabia,30,192301611.0,7.0,0.0,7572.0,0.0,2009,0.0,0.0,0.0,0.0,0.0,0.0,0.0,0.0,0.0,7.0,288.0,42.0,1.0,11706.0,-11705.0,8.0
Saudi Arabia,30,192301611.0,7.0,0.0,7572.0,0.0,2010,0.0,0.0,0.0,0.0,0.0,0.0,0.0,0.0,0.0,7.0,288.0,42.0,1.0,11706.0,-11705.0,0.0
Saudi Arabia,30,192301611.0,7.0,0.0,7572.0,0.0,2011,0.0,0.0,0.0,0.0,0.0,0.0,0.0,0.0,0.0,7.0,288.0,42.0,1.0,11706.0,-11705.0,0.0
Saudi Arabia,30,192301611.0,7.0,0.0,7572.0,0.0,2012,0.0,0.0,0.0,0.0,0.0,0.0,0.0,0.0,0.0,7.0,288.0,42.0,1.0,11706.0,-11705.0,0.0
Saudi Arabia,30,192301611.0,7.0,0.0,7572.0,0.0,2013,0.0,0.0,0.0,0.0,0.0,0.0,0.0,0.0,0.0,7.0,288.0,42.0,1.0,11706.0,-11705.0,7.0
Saudi Arabia,30,192301611.0,7.0,0.0,7572.0,0.0,2014,0.0,0.0,0.0,0.0,0.0,0.0,0.0,0.0,0.0,7.0,288.0,42.0,1.0,11706.0,-11705.0,0.0
Saudi Arabia,30,192301611.0,7.0,0.0,7572.0,0.0,2015,0.0,0.0,0.0,0.0,0.0,0.0,0.0,0.0,0.0,7.0,288.0,42.0,1.0,11706.0,-11705.0,0.0
Saudi Arabia,30,192301611.0,7.0,0.0,7572.0,0.0,2016,0.0,0.0,0.0,0.0,0.0,0.0,0.0,0.0,0.0,7.0,288.0,42.0,1.0,11706.0,-11705.0,0.0
Saudi Arabia,30,192301611.0,7.0,0.0,7572.0,0.0,2017,0.0,0.0,0.0,0.0,0.0,0.0,0.0,0.0,0.0,7.0,288.0,42.0,1.0,11706.0,-11705.0,0.0
Saudi Arabia,30,192301611.0,7.0,0.0,7572.0,0.0,2018,0.0,0.0,0.0,0.0,0.0,0.0,0.0,0.0,0.0,7.0,288.0,42.0,1.0,11706.0,-11705.0,0.0
Saudi Arabia,30,192301611.0,7.0,0.0,7572.0,0.0,2019,0.0,0.0,0.0,0.0,0.0,0.0,0.0,0.0,0.0,7.0,288.0,42.0,1.0,11706.0,-11705.0,0.0
Saudi Arabia,30,192301611.0,7.0,0.0,7572.0,0.0,2020,0.0,0.0,0.0,0.0,0.0,0.0,0.0,0.0,0.0,7.0,288.0,42.0,1.0,11706.0,-11705.0,0.0
Saudi Arabia,30,192301611.0,7.0,0.0,7572.0,0.0,2021,0.0,0.0,0.0,0.0,0.0,0.0,0.0,0.0,0.0,7.0,288.0,42.0,1.0,11706.0,-11705.0,0.0
Saudi Arabia,30,192301611.0,7.0,0.0,7572.0,0.0,2022,0.0,0.0,0.0,0.0,0.0,0.0,0.0,0.0,0.0,7.0,288.0,42.0,1.0,11706.0,-11705.0,0.0
Saudi Arabia,30,192301611.0,7.0,0.0,7572.0,0.0,2023,0.0,0.0,0.0,0.0,0.0,0.0,0.0,0.0,0.0,7.0,288.0,42.0,1.0,11706.0,-11705.0,0.0
Saudi Arabia,30,192301611.0,7.0,0.0,7572.0,0.0,2024,0.0,0.0,0.0,0.0,0.0,0.0,0.0,0.0,0.0,7.0,288.0,42.0,1.0,11706.0,-11705.0,0.0
Senegal,30,19689013.0,39568.0,47868.0,77188.0,70.0,2001,0.0,0.0,0.0,0.0,0.0,59.0,0.0,0.0,0.0,39568.0,1627167.0,208.0,88063.0,3589700.0,-3501638.0,40931.0
Senegal,30,19689013.0,39568.0,47868.0,77188.0,164.0,2002,10018.0,0.0,4.0,0.0,1.0,125.0,17.0,4.0,0.0,39568.0,1627167.0,208.0,88063.0,3589700.0,-3501638.0,99579.0
Senegal,30,19689013.0,39568.0,47868.0,77188.0,38.0,2003,10018.0,0.0,0.0,0.0,0.0,28.0,1.0,2.0,0.0,39568.0,1627167.0,208.0,88063.0,3589700.0,-3501638.0,14659.0
Senegal,30,19689013.0,39568.0,47868.0,77188.0,128.0,2004,10018.0,0.0,1.0,1.0,0.0,110.0,5.0,2.0,0.0,39568.0,1627167.0,208.0,88063.0,3589700.0,-3501638.0,45063.0
Senegal,30,19689013.0,39568.0,47868.0,77188.0,71.0,2005,10018.0,0.0,2.0,1.0,3.0,48.0,3.0,3.0,0.0,39568.0,1627167.0,208.0,88063.0,3589700.0,-3501638.0,53836.0
Senegal,30,19689013.0,39568.0,47868.0,77188.0,41.0,2006,10018.0,0.0,0.0,1.0,0.0,32.0,1.0,1.0,0.0,39568.0,1627167.0,208.0,88063.0,3589700.0,-3501638.0,18911.0
Senegal,30,19689013.0,39568.0,47868.0,77188.0,172.0,2007,10018.0,0.0,0.0,3.0,2.0,129.0,17.0,7.0,0.0,39568.0,1627167.0,208.0,88063.0,3589700.0,-3501638.0,70019.0
Senegal,30,19689013.0,39568.0,47868.0,77188.0,285.0,2008,10018.0,0.0,1.0,15.0,3.0,223.0,19.0,11.0,0.0,39568.0,1627167.0,208.0,88063.0,3589700.0,-3501638.0,90326.0
Senegal,30,19689013.0,39568.0,47868.0,77188.0,160.0,2009,10018.0,0.0,1.0,4.0,0.0,125.0,16.0,4.0,0.0,39568.0,1627167.0,208.0,88063.0,3589700.0,-3501638.0,58058.0
Senegal,30,19689013.0,39568.0,47868.0,77188.0,154.0,2010,10018.0,0.0,7.0,6.0,0.0,117.0,5.0,13.0,0.0,39568.0,1627167.0,208.0,88063.0,3589700.0,-3501638.0,57564.0
Senegal,30,19689013.0,39568.0,47868.0,77188.0,116.0,2011,10018.0,0.0,1.0,4.0,1.0,94.0,3.0,5.0,0.0,39568.0,1627167.0,208.0,88063.0,3589700.0,-3501638.0,40320.0
Senegal,30,19689013.0,39568.0,47868.0,77188.0,84.0,2012,10018.0,0.0,5.0,1.0,0.0,68.0,0.0,5.0,0.0,39568.0,1627167.0,208.0,88063.0,3589700.0,-3501638.0,29143.0
Senegal,30,19689013.0,39568.0,47868.0,77188.0,375.0,2013,10018.0,0.0,11.0,21.0,4.0,257.0,10.0,68.0,0.0,39568.0,1627167.0,208.0,88063.0,3589700.0,-3501638.0,183404.0
Senegal,30,19689013.0,39568.0,47868.0,77188.0,327.0,2014,10018.0,0.0,7.0,14.0,3.0,201.0,8.0,90.0,0.0,39568.0,1627167.0,208.0,88063.0,3589700.0,-3501638.0,130064.0
Senegal,30,19689013.0,39568.0,47868.0,77188.0,293.0,2015,10018.0,0.0,5.0,10.0,4.0,193.0,11.0,66.0,0.0,39568.0,1627167.0,208.0,88063.0,3589700.0,-3501638.0,101313.0
Senegal,30,19689013.0,39568.0,47868.0,77188.0,255.0,2016,10018.0,1.0,9.0,16.0,3.0,187.0,12.0,25.0,0.0,39568.0,1627167.0,208.0,88063.0,3589700.0,-3501638.0,93343.0
Senegal,30,19689013.0,39568.0,47868.0,77188.0,391.0,2017,10018.0,0.0,8.0,22.0,6.0,281.0,12.0,58.0,0.0,39568.0,1627167.0,208.0,88063.0,3589700.0,-3501638.0,147741.0
Senegal,30,19689013.0,39568.0,47868.0,77188.0,301.0,2018,10018.0,0.0,6.0,16.0,4.0,219.0,7.0,45.0,0.0,39568.0,1627167.0,208.0,88063.0,3589700.0,-3501638.0,98756.0
Senegal,30,19689013.0,39568.0,47868.0,77188.0,278.0,2019,10018.0,0.0,6.0,9.0,10.0,190.0,4.0,57.0,0.0,39568.0,1627167.0,208.0,88063.0,3589700.0,-3501638.0,80136.0
Senegal,30,19689013.0,39568.0,47868.0,77188.0,759.0,2020,10018.0,1.0,47.0,74.0,6.0,495.0,12.0,120.0,0.0,39568.0,1627167.0,208.0,88063.0,3589700.0,-3501638.0,225622.0
Senegal,30,19689013.0,39568.0,47868.0,77188.0,176.0,2021,10018.0,0.0,4.0,2.0,3.0,117.0,4.0,44.0,0.0,39568.0,1627167.0,208.0,88063.0,3589700.0,-3501638.0,90194.0
Senegal,30,19689013.0,39568.0,47868.0,77188.0,289.0,2022,10018.0,0.0,15.0,4.0,1.0,234.0,6.0,25.0,0.0,39568.0,1627167.0,208.0,88063.0,3589700.0,-3501638.0,121651.0
Senegal,30,19689013.0,39568.0,47868.0,77188.0,161.0,2023,10018.0,0.0,5.0,1.0,0.0,112.0,1.0,39.0,0.0,39568.0,1627167.0,208.0,88063.0,3589700.0,-3501638.0,107996.0
Senegal,30,19689013.0,39568.0,47868.0,77188.0,155.0,2024,10018.0,0.0,13.0,0.0,1.0,113.0,2.0,22.0,0.0,39568.0,1627167.0,208.0,88063.0,3589700.0,-3501638.0,114873.0
Serbia,30,7823152.0,2730305.0,2524654.0,76227.0,2380.0,2001,0.0,0.0,10.0,2059.0,9.0,21.0,21.0,0.0,59.0,2730305.0,204241562.0,346.0,1613110.0,23562128.0,-21949016.0,940083.0
Serbia,30,7823152.0,2730305.0,2524654.0,76227.0,1135.0,2002,0.0,0.0,7.0,1014.0,1.0,5.0,10.0,0.0,23.0,2730305.0,204241562.0,346.0,1613110.0,23562128.0,-21949016.0,446749.0
Serbia,30,7823152.0,2730305.0,2524654.0,76227.0,865.0,2003,0.0,0.0,9.0,748.0,0.0,12.0,8.0,0.0,13.0,2730305.0,204241562.0,346.0,1613110.0,23562128.0,-21949016.0,360255.0
Serbia,30,7823152.0,2730305.0,2524654.0,76227.0,2637.0,2004,0.0,0.0,30.0,2288.0,1.0,25.0,36.0,0.0,60.0,2730305.0,204241562.0,346.0,1613110.0,23562128.0,-21949016.0,1112067.0
Serbia,30,7823152.0,2730305.0,2524654.0,76227.0,1551.0,2005,0.0,0.0,22.0,1372.0,9.0,11.0,31.0,0.0,9.0,2730305.0,204241562.0,346.0,1613110.0,23562128.0,-21949016.0,660796.0
Serbia,30,7823152.0,2730305.0,2524654.0,76227.0,1891.0,2006,0.0,0.0,47.0,1666.0,1.0,27.0,27.0,0.0,16.0,2730305.0,204241562.0,346.0,1613110.0,23562128.0,-21949016.0,829721.0
Serbia,30,7823152.0,2730305.0,2524654.0,76227.0,2254.0,2007,0.0,0.0,44.0,1825.0,8.0,20.0,39.0,0.0,216.0,2730305.0,204241562.0,346.0,1613110.0,23562128.0,-21949016.0,902033.0
Serbia,30,7823152.0,2730305.0,2524654.0,76227.0,3261.0,2008,0.0,0.0,85.0,2705.0,11.0,79.0,66.0,0.0,198.0,2730305.0,204241562.0,346.0,1613110.0,23562128.0,-21949016.0,1403491.0
Serbia,30,7823152.0,2730305.0,2524654.0,76227.0,2508.0,2009,0.0,0.0,57.0,2233.0,2.0,23.0,50.0,0.0,22.0,2730305.0,204241562.0,346.0,1613110.0,23562128.0,-21949016.0,1159024.0
Serbia,30,7823152.0,2730305.0,2524654.0,76227.0,2463.0,2010,0.0,0.0,42.0,2256.0,3.0,9.0,32.0,0.0,11.0,2730305.0,204241562.0,346.0,1613110.0,23562128.0,-21949016.0,1127905.0
Serbia,30,7823152.0,2730305.0,2524654.0,76227.0,2211.0,2011,0.0,0.0,60.0,1932.0,2.0,25.0,55.0,0.0,20.0,2730305.0,204241562.0,346.0,1613110.0,23562128.0,-21949016.0,1054873.0
Serbia,30,7823152.0,2730305.0,2524654.0,76227.0,3479.0,2012,0.0,0.0,44.0,2715.0,11.0,70.0,44.0,0.0,373.0,2730305.0,204241562.0,346.0,1613110.0,23562128.0,-21949016.0,1548304.0
Serbia,30,7823152.0,2730305.0,2524654.0,76227.0,2798.0,2013,0.0,0.0,18.0,1950.0,18.0,29.0,46.0,0.0,596.0,2730305.0,204241562.0,346.0,1613110.0,23562128.0,-21949016.0,1225741.0
Serbia,30,7823152.0,2730305.0,2524654.0,76227.0,4388.0,2014,0.0,0.0,51.0,3523.0,18.0,46.0,148.0,0.0,301.0,2730305.0,204241562.0,346.0,1613110.0,23562128.0,-21949016.0,2183014.0
Serbia,30,7823152.0,2730305.0,2524654.0,76227.0,2815.0,2015,0.0,0.0,22.0,2553.0,1.0,29.0,67.0,0.0,25.0,2730305.0,204241562.0,346.0,1613110.0,23562128.0,-21949016.0,1386104.0
Serbia,30,7823152.0,2730305.0,2524654.0,76227.0,4676.0,2016,0.0,0.0,27.0,4035.0,31.0,80.0,70.0,0.0,213.0,2730305.0,204241562.0,346.0,1613110.0,23562128.0,-21949016.0,2378942.0
Serbia,30,7823152.0,2730305.0,2524654.0,76227.0,3570.0,2017,0.0,0.0,28.0,3159.0,4.0,94.0,53.0,0.0,66.0,2730305.0,204241562.0,346.0,1613110.0,23562128.0,-21949016.0,1767371.0
Serbia,30,7823152.0,2730305.0,2524654.0,76227.0,3966.0,2018,0.0,0.0,18.0,3445.0,3.0,187.0,89.0,0.0,116.0,2730305.0,204241562.0,346.0,1613110.0,23562128.0,-21949016.0,2091187.0
Serbia,30,7823152.0,2730305.0,2524654.0,76227.0,3962.0,2019,0.0,0.0,41.0,3657.0,2.0,55.0,87.0,0.0,20.0,2730305.0,204241562.0,346.0,1613110.0,23562128.0,-21949016.0,2052587.0
Serbia,30,7823152.0,2730305.0,2524654.0,76227.0,4987.0,2020,0.0,0.0,105.0,4433.0,64.0,49.0,99.0,0.0,72.0,2730305.0,204241562.0,346.0,1613110.0,23562128.0,-21949016.0,2666264.0
Serbia,30,7823152.0,2730305.0,2524654.0,76227.0,4072.0,2021,0.0,0.0,86.0,3685.0,3.0,16.0,68.0,0.0,108.0,2730305.0,204241562.0,346.0,1613110.0,23562128.0,-21949016.0,2135477.0
Serbia,30,7823152.0,2730305.0,2524654.0,76227.0,4506.0,2022,0.0,0.0,86.0,3978.0,7.0,34.0,95.0,0.0,176.0,2730305.0,204241562.0,346.0,1613110.0,23562128.0,-21949016.0,2450752.0
Serbia,30,7823152.0,2730305.0,2524654.0,76227.0,7866.0,2023,0.0,0.0,149.0,7209.0,50.0,26.0,172.0,0.0,46.0,2730305.0,204241562.0,346.0,1613110.0,23562128.0,-21949016.0,4428608.0
Serbia,30,7823152.0,2730305.0,2524654.0,76227.0,4240.0,2024,0.0,0.0,62.0,3819.0,21.0,21.0,98.0,0.0,86.0,2730305.0,204241562.0,346.0,1613110.0,23562128.0,-21949016.0,2403300.0
Sierra Leone,30,7260138.0,5617880.0,5426960.0,102137.0,18596.0,2001,0.0,0.0,112.0,13.0,9.0,4009.0,445.0,13979.0,0.0,5617880.0,329703172.0,345.0,44916971.0,35904578.0,9012393.0,7790305.0
Sierra Leone,30,7260138.0,5617880.0,5426960.0,102137.0,15310.0,2002,276675.0,250.0,57.0,4.0,10.0,3151.0,230.0,11838.0,0.0,5617880.0,329703172.0,345.0,44916971.0,35904578.0,9012393.0,5945866.0
Sierra Leone,30,7260138.0,5617880.0,5426960.0,102137.0,9099.0,2003,276675.0,176.0,34.0,6.0,3.0,2289.0,262.0,6495.0,0.0,5617880.0,329703172.0,345.0,44916971.0,35904578.0,9012393.0,3842980.0
Sierra Leone,30,7260138.0,5617880.0,5426960.0,102137.0,4021.0,2004,276675.0,234.0,18.0,7.0,5.0,927.0,205.0,2845.0,0.0,5617880.0,329703172.0,345.0,44916971.0,35904578.0,9012393.0,1767383.0
Sierra Leone,30,7260138.0,5617880.0,5426960.0,102137.0,6873.0,2005,276675.0,166.0,68.0,9.0,6.0,2164.0,331.0,4282.0,0.0,5617880.0,329703172.0,345.0,44916971.0,35904578.0,9012393.0,2976562.0
Sierra Leone,30,7260138.0,5617880.0,5426960.0,102137.0,28526.0,2006,276675.0,786.0,537.0,27.0,21.0,6059.0,1067.0,20797.0,0.0,5617880.0,329703172.0,345.0,44916971.0,35904578.0,9012393.0,12664690.0
Sierra Leone,30,7260138.0,5617880.0,5426960.0,102137.0,21878.0,2007,276675.0,476.0,330.0,17.0,8.0,4933.0,456.0,16122.0,0.0,5617880.0,329703172.0,345.0,44916971.0,35904578.0,9012393.0,10150775.0
Sierra Leone,30,7260138.0,5617880.0,5426960.0,102137.0,20925.0,2008,276675.0,462.0,272.0,10.0,3.0,4298.0,275.0,16057.0,0.0,5617880.0,329703172.0,345.0,44916971.0,35904578.0,9012393.0,9968793.0
Sierra Leone,30,7260138.0,5617880.0,5426960.0,102137.0,30546.0,2009,276675.0,960.0,235.0,28.0,18.0,6135.0,1098.0,23013.0,0.0,5617880.0,329703172.0,345.0,44916971.0,35904578.0,9012393.0,14453209.0
Sierra Leone,30,7260138.0,5617880.0,5426960.0,102137.0,8782.0,2010,276675.0,300.0,75.0,4.0,12.0,1980.0,147.0,6550.0,0.0,5617880.0,329703172.0,345.0,44916971.0,35904578.0,9012393.0,4211311.0
Sierra Leone,30,7260138.0,5617880.0,5426960.0,102137.0,33930.0,2011,276675.0,601.0,544.0,24.0,51.0,8305.0,552.0,24428.0,0.0,5617880.0,329703172.0,345.0,44916971.0,35904578.0,9012393.0,15942022.0
Sierra Leone,30,7260138.0,5617880.0,5426960.0,102137.0,16356.0,2012,276675.0,612.0,71.0,8.0,12.0,4277.0,296.0,11675.0,0.0,5617880.0,329703172.0,345.0,44916971.0,35904578.0,9012393.0,7652798.0
Sierra Leone,30,7260138.0,5617880.0,5426960.0,102137.0,170277.0,2013,276675.0,2462.0,936.0,174.0,65.0,28333.0,745.0,139989.0,0.0,5617880.0,329703172.0,345.0,44916971.0,35904578.0,9012393.0,77127588.0
Sierra Leone,30,7260138.0,5617880.0,5426960.0,102137.0,161513.0,2014,276675.0,1762.0,869.0,113.0,55.0,26798.0,779.0,132870.0,0.0,5617880.0,329703172.0,345.0,44916971.0,35904578.0,9012393.0,74355289.0
Sierra Leone,30,7260138.0,5617880.0,5426960.0,102137.0,232762.0,2015,276675.0,3169.0,1156.0,339.0,158.0,31855.0,690.0,198536.0,1.0,5617880.0,329703172.0,345.0,44916971.0,35904578.0,9012393.0,111084557.0
Sierra Leone,30,7260138.0,5617880.0,5426960.0,102137.0,177687.0,2016,276675.0,2963.0,836.0,168.0,55.0,19556.0,604.0,156450.0,2.0,5617880.0,329703172.0,345.0,44916971.0,35904578.0,9012393.0,84434248.0
Sierra Leone,30,7260138.0,5617880.0,5426960.0,102137.0,232752.0,2017,276675.0,4180.0,838.0,75.0,190.0,27717.0,647.0,203225.0,34.0,5617880.0,329703172.0,345.0,44916971.0,35904578.0,9012393.0,115633850.0
Sierra Leone,30,7260138.0,5617880.0,5426960.0,102137.0,188217.0,2018,276675.0,3401.0,848.0,79.0,184.0,22601.0,460.0,164012.0,8.0,5617880.0,329703172.0,345.0,44916971.0,35904578.0,9012393.0,95499974.0
Sierra Leone,30,7260138.0,5617880.0,5426960.0,102137.0,175467.0,2019,276675.0,3542.0,974.0,71.0,72.0,20985.0,445.0,152894.0,10.0,5617880.0,329703172.0,345.0,44916971.0,35904578.0,9012393.0,91245673.0
Sierra Leone,30,7260138.0,5617880.0,5426960.0,102137.0,154640.0,2020,276675.0,2957.0,792.0,393.0,78.0,19214.0,390.0,133748.0,8.0,5617880.0,329703172.0,345.0,44916971.0,35904578.0,9012393.0,80918307.0
Sierra Leone,30,7260138.0,5617880.0,5426960.0,102137.0,113031.0,2021,276675.0,3271.0,678.0,96.0,89.0,13586.0,349.0,98198.0,19.0,5617880.0,329703172.0,345.0,44916971.0,35904578.0,9012393.0,59589028.0
Sierra Leone,30,7260138.0,5617880.0,5426960.0,102137.0,119929.0,2022,276675.0,3204.0,725.0,68.0,84.0,12501.0,233.0,106289.0,9.0,5617880.0,329703172.0,345.0,44916971.0,35904578.0,9012393.0,64201353.0
Sierra Leone,30,7260138.0,5617880.0,5426960.0,102137.0,99682.0,2023,276675.0,3364.0,678.0,44.0,72.0,13167.0,161.0,85538.0,13.0,5617880.0,329703172.0,345.0,44916971.0,35904578.0,9012393.0,53116012.0
Sierra Leone,30,7260138.0,5617880.0,5426960.0,102137.0,130669.0,2024,276675.0,3826.0,995.0,70.0,100.0,16829.0,221.0,112422.0,17.0,5617880.0,329703172.0,345.0,44916971.0,35904578.0,9012393.0,73434740.0
Slovakia,30,4909564.0,2396835.0,2375293.0,35801.0,3897.0,2001,0.0,0.0,9.0,3746.0,43.0,15.0,14.0,0.0,7.0,2396835.0,185704907.0,328.0,5351321.0,21112586.0,-15761266.0,1547799.0
Slovakia,30,4909564.0,2396835.0,2375293.0,35801.0,4015.0,2002,0.0,0.0,7.0,3899.0,4.0,13.0,25.0,0.0,0.0,2396835.0,185704907.0,328.0,5351321.0,21112586.0,-15761266.0,1741096.0
Slovakia,30,4909564.0,2396835.0,2375293.0,35801.0,3751.0,2003,0.0,0.0,7.0,3670.0,17.0,7.0,18.0,0.0,0.0,2396835.0,185704907.0,328.0,5351321.0,21112586.0,-15761266.0,1579602.0
Slovakia,30,4909564.0,2396835.0,2375293.0,35801.0,4625.0,2004,0.0,0.0,18.0,4502.0,8.0,11.0,29.0,0.0,0.0,2396835.0,185704907.0,328.0,5351321.0,21112586.0,-15761266.0,2053636.0
Slovakia,30,4909564.0,2396835.0,2375293.0,35801.0,27674.0,2005,0.0,0.0,31.0,27031.0,100.0,33.0,91.0,0.0,274.0,2396835.0,185704907.0,328.0,5351321.0,21112586.0,-15761266.0,11788640.0
Slovakia,30,4909564.0,2396835.0,2375293.0,35801.0,8023.0,2006,0.0,0.0,14.0,7799.0,45.0,7.0,84.0,0.0,16.0,2396835.0,185704907.0,328.0,5351321.0,21112586.0,-15761266.0,3598699.0
Slovakia,30,4909564.0,2396835.0,2375293.0,35801.0,9486.0,2007,0.0,0.0,15.0,9193.0,14.0,28.0,167.0,0.0,4.0,2396835.0,185704907.0,328.0,5351321.0,21112586.0,-15761266.0,4440673.0
Slovakia,30,4909564.0,2396835.0,2375293.0,35801.0,13465.0,2008,0.0,0.0,18.0,13032.0,84.0,58.0,211.0,0.0,0.0,2396835.0,185704907.0,328.0,5351321.0,21112586.0,-15761266.0,6309194.0
Slovakia,30,4909564.0,2396835.0,2375293.0,35801.0,11237.0,2009,0.0,0.0,19.0,10971.0,73.0,19.0,97.0,0.0,1.0,2396835.0,185704907.0,328.0,5351321.0,21112586.0,-15761266.0,5240115.0
Slovakia,30,4909564.0,2396835.0,2375293.0,35801.0,17099.0,2010,0.0,0.0,37.0,16710.0,121.0,51.0,93.0,0.0,8.0,2396835.0,185704907.0,328.0,5351321.0,21112586.0,-15761266.0,8312315.0
Slovakia,30,4909564.0,2396835.0,2375293.0,35801.0,11543.0,2011,0.0,0.0,16.0,11365.0,60.0,12.0,46.0,0.0,1.0,2396835.0,185704907.0,328.0,5351321.0,21112586.0,-15761266.0,5488008.0
Slovakia,30,4909564.0,2396835.0,2375293.0,35801.0,9170.0,2012,0.0,0.0,5.0,8977.0,32.0,29.0,55.0,0.0,0.0,2396835.0,185704907.0,328.0,5351321.0,21112586.0,-15761266.0,4596424.0
Slovakia,30,4909564.0,2396835.0,2375293.0,35801.0,5076.0,2013,0.0,0.0,12.0,4912.0,21.0,45.0,36.0,0.0,0.0,2396835.0,185704907.0,328.0,5351321.0,21112586.0,-15761266.0,2587920.0
Slovakia,30,4909564.0,2396835.0,2375293.0,35801.0,17367.0,2014,0.0,0.0,25.0,17006.0,97.0,53.0,74.0,0.0,5.0,2396835.0,185704907.0,328.0,5351321.0,21112586.0,-15761266.0,8628068.0
Slovakia,30,4909564.0,2396835.0,2375293.0,35801.0,5283.0,2015,0.0,0.0,20.0,5125.0,5.0,70.0,23.0,0.0,0.0,2396835.0,185704907.0,328.0,5351321.0,21112586.0,-15761266.0,2714916.0
Slovakia,30,4909564.0,2396835.0,2375293.0,35801.0,16941.0,2016,0.0,0.0,30.0,16607.0,104.0,70.0,63.0,0.0,0.0,2396835.0,185704907.0,328.0,5351321.0,21112586.0,-15761266.0,9059955.0
Slovakia,30,4909564.0,2396835.0,2375293.0,35801.0,14211.0,2017,0.0,0.0,30.0,13873.0,104.0,65.0,67.0,0.0,0.0,2396835.0,185704907.0,328.0,5351321.0,21112586.0,-15761266.0,7672600.0
Slovakia,30,4909564.0,2396835.0,2375293.0,35801.0,17698.0,2018,0.0,0.0,23.0,17297.0,231.0,40.0,69.0,0.0,0.0,2396835.0,185704907.0,328.0,5351321.0,21112586.0,-15761266.0,9969839.0
Slovakia,30,4909564.0,2396835.0,2375293.0,35801.0,10332.0,2019,0.0,0.0,18.0,10180.0,24.0,38.0,35.0,0.0,0.0,2396835.0,185704907.0,328.0,5351321.0,21112586.0,-15761266.0,6113176.0
Slovakia,30,4909564.0,2396835.0,2375293.0,35801.0,11948.0,2020,0.0,0.0,12.0,11643.0,140.0,24.0,81.0,0.0,0.0,2396835.0,185704907.0,328.0,5351321.0,21112586.0,-15761266.0,6993846.0
Slovakia,30,4909564.0,2396835.0,2375293.0,35801.0,6098.0,2021,0.0,0.0,14.0,5932.0,79.0,8.0,35.0,0.0,0.0,2396835.0,185704907.0,328.0,5351321.0,21112586.0,-15761266.0,3670178.0
Slovakia,30,4909564.0,2396835.0,2375293.0,35801.0,5206.0,2022,0.0,0.0,13.0,5123.0,1.0,8.0,33.0,0.0,0.0,2396835.0,185704907.0,328.0,5351321.0,21112586.0,-15761266.0,3208152.0
Slovakia,30,4909564.0,2396835.0,2375293.0,35801.0,9851.0,2023,0.0,0.0,16.0,9722.0,9.0,10.0,50.0,0.0,7.0,2396835.0,185704907.0,328.0,5351321.0,21112586.0,-15761266.0,6198587.0
Slovakia,30,4909564.0,2396835.0,2375293.0,35801.0,7652.0,2024,0.0,0.0,12.0,7565.0,5.0,5.0,35.0,0.0,0.0,2396835.0,185704907.0,328.0,5351321.0,21112586.0,-15761266.0,4918266.0
Slovenia,30,1995674.0,1291918.0,1264052.0,7759.0,612.0,2001,0.0,0.0,15.0,466.0,8.0,26.0,72.0,0.0,3.0,1291918.0,111707332.0,333.0,1466610.0,12802694.0,-11336085.0,266201.0
Slovenia,30,1995674.0,1291918.0,1264052.0,7759.0,726.0,2002,0.0,0.0,18.0,546.0,10.0,30.0,73.0,0.0,20.0,1291918.0,111707332.0,333.0,1466610.0,12802694.0,-11336085.0,321305.0
Slovenia,30,1995674.0,1291918.0,1264052.0,7759.0,528.0,2003,0.0,0.0,8.0,348.0,9.0,28.0,60.0,0.0,58.0,1291918.0,111707332.0,333.0,1466610.0,12802694.0,-11336085.0,221897.0
Slovenia,30,1995674.0,1291918.0,1264052.0,7759.0,1267.0,2004,0.0,0.0,34.0,1005.0,46.0,48.0,82.0,0.0,14.0,1291918.0,111707332.0,333.0,1466610.0,12802694.0,-11336085.0,582648.0
Slovenia,30,1995674.0,1291918.0,1264052.0,7759.0,1942.0,2005,0.0,0.0,84.0,1455.0,87.0,66.0,190.0,0.0,10.0,1291918.0,111707332.0,333.0,1466610.0,12802694.0,-11336085.0,923123.0
Slovenia,30,1995674.0,1291918.0,1264052.0,7759.0,1247.0,2006,0.0,0.0,21.0,962.0,30.0,35.0,169.0,0.0,7.0,1291918.0,111707332.0,333.0,1466610.0,12802694.0,-11336085.0,593518.0
Slovenia,30,1995674.0,1291918.0,1264052.0,7759.0,2100.0,2007,0.0,0.0,57.0,1597.0,18.0,53.0,246.0,0.0,96.0,1291918.0,111707332.0,333.0,1466610.0,12802694.0,-11336085.0,996599.0
Slovenia,30,1995674.0,1291918.0,1264052.0,7759.0,1854.0,2008,0.0,0.0,24.0,1440.0,44.0,60.0,239.0,0.0,8.0,1291918.0,111707332.0,333.0,1466610.0,12802694.0,-11336085.0,945284.0
Slovenia,30,1995674.0,1291918.0,1264052.0,7759.0,1948.0,2009,0.0,0.0,23.0,1614.0,15.0,60.0,193.0,0.0,0.0,1291918.0,111707332.0,333.0,1466610.0,12802694.0,-11336085.0,1042704.0
Slovenia,30,1995674.0,1291918.0,1264052.0,7759.0,1429.0,2010,0.0,0.0,16.0,1160.0,33.0,41.0,142.0,0.0,1.0,1291918.0,111707332.0,333.0,1466610.0,12802694.0,-11336085.0,751774.0
Slovenia,30,1995674.0,1291918.0,1264052.0,7759.0,1430.0,2011,0.0,0.0,16.0,1223.0,18.0,57.0,79.0,0.0,0.0,1291918.0,111707332.0,333.0,1466610.0,12802694.0,-11336085.0,761423.0
Slovenia,30,1995674.0,1291918.0,1264052.0,7759.0,904.0,2012,0.0,0.0,15.0,643.0,10.0,60.0,36.0,0.0,97.0,1291918.0,111707332.0,333.0,1466610.0,12802694.0,-11336085.0,444338.0
Slovenia,30,1995674.0,1291918.0,1264052.0,7759.0,637.0,2013,0.0,0.0,2.0,487.0,5.0,36.0,31.0,0.0,42.0,1291918.0,111707332.0,333.0,1466610.0,12802694.0,-11336085.0,327819.0
Slovenia,30,1995674.0,1291918.0,1264052.0,7759.0,5385.0,2014,0.0,0.0,58.0,5068.0,34.0,51.0,90.0,0.0,9.0,1291918.0,111707332.0,333.0,1466610.0,12802694.0,-11336085.0,3052206.0
Slovenia,30,1995674.0,1291918.0,1264052.0,7759.0,1023.0,2015,0.0,0.0,6.0,936.0,5.0,27.0,30.0,0.0,1.0,1291918.0,111707332.0,333.0,1466610.0,12802694.0,-11336085.0,580838.0
Slovenia,30,1995674.0,1291918.0,1264052.0,7759.0,5389.0,2016,0.0,0.0,69.0,5005.0,23.0,81.0,159.0,0.0,1.0,1291918.0,111707332.0,333.0,1466610.0,12802694.0,-11336085.0,3149557.0
Slovenia,30,1995674.0,1291918.0,1264052.0,7759.0,4889.0,2017,0.0,0.0,45.0,4558.0,26.0,73.0,117.0,0.0,6.0,1291918.0,111707332.0,333.0,1466610.0,12802694.0,-11336085.0,2890812.0
Slovenia,30,1995674.0,1291918.0,1264052.0,7759.0,8215.0,2018,0.0,0.0,32.0,7901.0,46.0,73.0,120.0,0.0,5.0,1291918.0,111707332.0,333.0,1466610.0,12802694.0,-11336085.0,4893792.0
Slovenia,30,1995674.0,1291918.0,1264052.0,7759.0,3444.0,2019,0.0,0.0,23.0,3166.0,25.0,70.0,121.0,0.0,9.0,1291918.0,111707332.0,333.0,1466610.0,12802694.0,-11336085.0,2012791.0
Slovenia,30,1995674.0,1291918.0,1264052.0,7759.0,3875.0,2020,0.0,0.0,23.0,3579.0,60.0,30.0,112.0,0.0,25.0,1291918.0,111707332.0,333.0,1466610.0,12802694.0,-11336085.0,2334209.0
Slovenia,30,1995674.0,1291918.0,1264052.0,7759.0,2227.0,2021,0.0,0.0,28.0,1947.0,90.0,25.0,97.0,0.0,6.0,1291918.0,111707332.0,333.0,1466610.0,12802694.0,-11336085.0,1345117.0
Slovenia,30,1995674.0,1291918.0,1264052.0,7759.0,2851.0,2022,0.0,0.0,7.0,1858.0,24.0,30.0,82.0,0.0,816.0,1291918.0,111707332.0,333.0,1466610.0,12802694.0,-11336085.0,1493976.0
Slovenia,30,1995674.0,1291918.0,1264052.0,7759.0,4620.0,2023,0.0,0.0,15.0,3981.0,57.0,41.0,148.0,0.0,317.0,1291918.0,111707332.0,333.0,1466610.0,12802694.0,-11336085.0,2878525.0
Slovenia,30,1995674.0,1291918.0,1264052.0,7759.0,3742.0,2024,0.0,0.0,12.0,3367.0,140.0,20.0,132.0,0.0,26.0,1291918.0,111707332.0,333.0,1466610.0,12802694.0,-11336085.0,2388153.0
Solomon Islands,30,2853275.0,2741593.0,2727125.0,4917.0,2187.0,2001,0.0,0.0,2.0,943.0,85.0,93.0,25.0,1015.0,0.0,2741593.0,406620658.0,619.0,7378427.0,7911606.0,-533179.0,1626322.0
Solomon Islands,30,2853275.0,2741593.0,2727125.0,4917.0,3866.0,2002,1995711.0,2128.0,0.0,2113.0,130.0,125.0,79.0,1379.0,2.0,2741593.0,406620658.0,619.0,7378427.0,7911606.0,-533179.0,2884713.0
Solomon Islands,30,2853275.0,2741593.0,2727125.0,4917.0,2375.0,2003,1995711.0,1276.0,0.0,1192.0,77.0,132.0,48.0,903.0,1.0,2741593.0,406620658.0,619.0,7378427.0,7911606.0,-533179.0,1732692.0
Solomon Islands,30,2853275.0,2741593.0,2727125.0,4917.0,3543.0,2004,1995711.0,2200.0,3.0,2103.0,83.0,67.0,41.0,1214.0,0.0,2741593.0,406620658.0,619.0,7378427.0,7911606.0,-533179.0,2631458.0
Solomon Islands,30,2853275.0,2741593.0,2727125.0,4917.0,6548.0,2005,1995711.0,3842.0,11.0,3239.0,174.0,557.0,102.0,2413.0,1.0,2741593.0,406620658.0,619.0,7378427.0,7911606.0,-533179.0,4834251.0
Solomon Islands,30,2853275.0,2741593.0,2727125.0,4917.0,5068.0,2006,1995711.0,2495.0,0.0,2304.0,161.0,1044.0,54.0,1467.0,0.0,2741593.0,406620658.0,619.0,7378427.0,7911606.0,-533179.0,3769178.0
Solomon Islands,30,2853275.0,2741593.0,2727125.0,4917.0,5666.0,2007,1995711.0,3015.0,5.0,3147.0,144.0,721.0,112.0,1499.0,0.0,2741593.0,406620658.0,619.0,7378427.0,7911606.0,-533179.0,4216469.0
Solomon Islands,30,2853275.0,2741593.0,2727125.0,4917.0,8172.0,2008,1995711.0,4826.0,7.0,5010.0,355.0,530.0,111.0,2100.0,0.0,2741593.0,406620658.0,619.0,7378427.0,7911606.0,-533179.0,5973751.0
Solomon Islands,30,2853275.0,2741593.0,2727125.0,4917.0,6034.0,2009,1995711.0,3126.0,1.0,3383.0,528.0,393.0,71.0,1598.0,2.0,2741593.0,406620658.0,619.0,7378427.0,7911606.0,-533179.0,4285457.0
Solomon Islands,30,2853275.0,2741593.0,2727125.0,4917.0,6418.0,2010,1995711.0,3224.0,4.0,3777.0,309.0,301.0,93.0,1861.0,0.0,2741593.0,406620658.0,619.0,7378427.0,7911606.0,-533179.0,4636182.0
Solomon Islands,30,2853275.0,2741593.0,2727125.0,4917.0,5860.0,2011,1995711.0,3094.0,2.0,3544.0,355.0,443.0,45.0,1397.0,6.0,2741593.0,406620658.0,619.0,7378427.0,7911606.0,-533179.0,4185212.0
Solomon Islands,30,2853275.0,2741593.0,2727125.0,4917.0,8808.0,2012,1995711.0,5253.0,21.0,5050.0,588.0,846.0,135.0,2015.0,59.0,2741593.0,406620658.0,619.0,7378427.0,7911606.0,-533179.0,6418842.0
Solomon Islands,30,2853275.0,2741593.0,2727125.0,4917.0,9471.0,2013,1995711.0,5596.0,22.0,5295.0,795.0,977.0,75.0,2191.0,25.0,2741593.0,406620658.0,619.0,7378427.0,7911606.0,-533179.0,6828955.0
Solomon Islands,30,2853275.0,2741593.0,2727125.0,4917.0,16939.0,2014,1995711.0,10326.0,32.0,9610.0,2112.0,903.0,91.0,4004.0,23.0,2741593.0,406620658.0,619.0,7378427.0,7911606.0,-533179.0,12230373.0
Solomon Islands,30,2853275.0,2741593.0,2727125.0,4917.0,14970.0,2015,1995711.0,9286.0,2.0,9438.0,1110.0,913.0,107.0,3290.0,48.0,2741593.0,406620658.0,619.0,7378427.0,7911606.0,-533179.0,11058276.0
Solomon Islands,30,2853275.0,2741593.0,2727125.0,4917.0,17992.0,2016,1995711.0,11672.0,11.0,12193.0,967.0,975.0,131.0,3266.0,404.0,2741593.0,406620658.0,619.0,7378427.0,7911606.0,-533179.0,13100637.0
Solomon Islands,30,2853275.0,2741593.0,2727125.0,4917.0,19761.0,2017,1995711.0,14326.0,23.0,15261.0,886.0,449.0,174.0,2894.0,23.0,2741593.0,406620658.0,619.0,7378427.0,7911606.0,-533179.0,14663084.0
Solomon Islands,30,2853275.0,2741593.0,2727125.0,4917.0,17824.0,2018,1995711.0,13350.0,14.0,14913.0,514.0,348.0,96.0,1896.0,26.0,2741593.0,406620658.0,619.0,7378427.0,7911606.0,-533179.0,13381405.0
Solomon Islands,30,2853275.0,2741593.0,2727125.0,4917.0,16551.0,2019,1995711.0,12323.0,9.0,13144.0,507.0,626.0,97.0,2121.0,22.0,2741593.0,406620658.0,619.0,7378427.0,7911606.0,-533179.0,12272076.0
Solomon Islands,30,2853275.0,2741593.0,2727125.0,4917.0,14598.0,2020,1995711.0,10457.0,16.0,11253.0,462.0,589.0,68.0,2167.0,19.0,2741593.0,406620658.0,619.0,7378427.0,7911606.0,-533179.0,11023281.0
Solomon Islands,30,2853275.0,2741593.0,2727125.0,4917.0,12001.0,2021,1995711.0,8505.0,36.0,8924.0,264.0,374.0,51.0,2329.0,4.0,2741593.0,406620658.0,619.0,7378427.0,7911606.0,-533179.0,9061023.0
Solomon Islands,30,2853275.0,2741593.0,2727125.0,4917.0,14503.0,2022,1995711.0,10137.0,13.0,9767.0,475.0,477.0,54.0,3659.0,26.0,2741593.0,406620658.0,619.0,7378427.0,7911606.0,-533179.0,10756719.0
Solomon Islands,30,2853275.0,2741593.0,2727125.0,4917.0,9577.0,2023,1995711.0,6918.0,48.0,7103.0,302.0,435.0,52.0,1619.0,9.0,2741593.0,406620658.0,619.0,7378427.0,7911606.0,-533179.0,7209361.0
Solomon Islands,30,2853275.0,2741593.0,2727125.0,4917.0,11062.0,2024,1995711.0,7953.0,13.0,8306.0,315.0,269.0,51.0,2082.0,10.0,2741593.0,406620658.0,619.0,7378427.0,7911606.0,-533179.0,8302538.0
Somalia,30,63353089.0,87128.0,146473.0,4189.0,340.0,2001,0.0,0.0,0.0,0.0,28.0,245.0,3.0,0.0,0.0,87128.0,2390712.0,136.0,44250.0,253940.0,-209690.0,81120.0
Somalia,30,63353089.0,87128.0,146473.0,4189.0,251.0,2002,0.0,0.0,0.0,0.0,21.0,181.0,15.0,0.0,0.0,87128.0,2390712.0,136.0,44250.0,253940.0,-209690.0,54351.0
Somalia,30,63353089.0,87128.0,146473.0,4189.0,105.0,2003,0.0,0.0,0.0,0.0,8.0,86.0,1.0,0.0,0.0,87128.0,2390712.0,136.0,44250.0,253940.0,-209690.0,25718.0
Somalia,30,63353089.0,87128.0,146473.0,4189.0,215.0,2004,0.0,0.0,0.0,0.0,7.0,171.0,4.0,0.0,10.0,87128.0,2390712.0,136.0,44250.0,253940.0,-209690.0,45912.0
Somalia,30,63353089.0,87128.0,146473.0,4189.0,271.0,2005,0.0,0.0,0.0,0.0,6.0,239.0,13.0,0.0,0.0,87128.0,2390712.0,136.0,44250.0,253940.0,-209690.0,53217.0
Somalia,30,63353089.0,87128.0,146473.0,4189.0,118.0,2006,0.0,0.0,0.0,0.0,9.0,88.0,7.0,0.0,4.0,87128.0,2390712.0,136.0,44250.0,253940.0,-209690.0,25204.0
Somalia,30,63353089.0,87128.0,146473.0,4189.0,271.0,2007,0.0,0.0,0.0,0.0,29.0,217.0,5.0,0.0,0.0,87128.0,2390712.0,136.0,44250.0,253940.0,-209690.0,54923.0
Somalia,30,63353089.0,87128.0,146473.0,4189.0,250.0,2008,0.0,0.0,0.0,0.0,9.0,146.0,78.0,0.0,0.0,87128.0,2390712.0,136.0,44250.0,253940.0,-209690.0,53270.0
Somalia,30,63353089.0,87128.0,146473.0,4189.0,308.0,2009,0.0,0.0,0.0,0.0,7.0,185.0,87.0,0.0,5.0,87128.0,2390712.0,136.0,44250.0,253940.0,-209690.0,70037.0
Somalia,30,63353089.0,87128.0,146473.0,4189.0,140.0,2010,0.0,0.0,0.0,0.0,9.0,106.0,13.0,0.0,1.0,87128.0,2390712.0,136.0,44250.0,253940.0,-209690.0,34907.0
Somalia,30,63353089.0,87128.0,146473.0,4189.0,184.0,2011,0.0,0.0,0.0,0.0,17.0,134.0,16.0,0.0,0.0,87128.0,2390712.0,136.0,44250.0,253940.0,-209690.0,43881.0
Somalia,30,63353089.0,87128.0,146473.0,4189.0,195.0,2012,0.0,0.0,0.0,0.0,13.0,160.0,1.0,0.0,7.0,87128.0,2390712.0,136.0,44250.0,253940.0,-209690.0,39361.0
Somalia,30,63353089.0,87128.0,146473.0,4189.0,316.0,2013,0.0,0.0,0.0,0.0,61.0,225.0,1.0,1.0,0.0,87128.0,2390712.0,136.0,44250.0,253940.0,-209690.0,64277.0
Somalia,30,63353089.0,87128.0,146473.0,4189.0,122.0,2014,0.0,0.0,0.0,0.0,12.0,101.0,0.0,0.0,0.0,87128.0,2390712.0,136.0,44250.0,253940.0,-209690.0,25729.0
Somalia,30,63353089.0,87128.0,146473.0,4189.0,67.0,2015,0.0,0.0,0.0,0.0,3.0,62.0,0.0,0.0,0.0,87128.0,2390712.0,136.0,44250.0,253940.0,-209690.0,13775.0
Somalia,30,63353089.0,87128.0,146473.0,4189.0,86.0,2016,0.0,0.0,0.0,0.0,4.0,80.0,0.0,0.0,0.0,87128.0,2390712.0,136.0,44250.0,253940.0,-209690.0,18833.0
Somalia,30,63353089.0,87128.0,146473.0,4189.0,304.0,2017,0.0,0.0,2.0,0.0,46.0,255.0,0.0,0.0,0.0,87128.0,2390712.0,136.0,44250.0,253940.0,-209690.0,67293.0
Somalia,30,63353089.0,87128.0,146473.0,4189.0,44.0,2018,0.0,0.0,0.0,0.0,4.0,37.0,0.0,0.0,1.0,87128.0,2390712.0,136.0,44250.0,253940.0,-209690.0,10053.0
Somalia,30,63353089.0,87128.0,146473.0,4189.0,374.0,2019,0.0,0.0,0.0,0.0,19.0,352.0,0.0,0.0,1.0,87128.0,2390712.0,136.0,44250.0,253940.0,-209690.0,81083.0
Somalia,30,63353089.0,87128.0,146473.0,4189.0,154.0,2020,0.0,0.0,0.0,0.0,10.0,142.0,0.0,0.0,0.0,87128.0,2390712.0,136.0,44250.0,253940.0,-209690.0,36186.0
Somalia,30,63353089.0,87128.0,146473.0,4189.0,169.0,2021,0.0,0.0,0.0,0.0,5.0,162.0,0.0,0.0,0.0,87128.0,2390712.0,136.0,44250.0,253940.0,-209690.0,45035.0
Somalia,30,63353089.0,87128.0,146473.0,4189.0,125.0,2022,0.0,0.0,0.0,0.0,9.0,114.0,0.0,0.0,0.0,87128.0,2390712.0,136.0,44250.0,253940.0,-209690.0,38945.0
Somalia,30,63353089.0,87128.0,146473.0,4189.0,104.0,2023,0.0,0.0,0.0,0.0,2.0,101.0,0.0,0.0,0.0,87128.0,2390712.0,136.0,44250.0,253940.0,-209690.0,34553.0
Somalia,30,63353089.0,87128.0,146473.0,4189.0,141.0,2024,0.0,0.0,0.0,2.0,3.0,133.0,0.0,0.0,0.0,87128.0,2390712.0,136.0,44250.0,253940.0,-209690.0,44363.0
South Africa,30,121971046.0,5983121.0,5282117.0,388240.0,77646.0,2001,0.0,0.0,228.0,67914.0,168.0,5394.0,379.0,50.0,2997.0,5983121.0,403715292.0,370.0,43562934.0,34033895.0,9529038.0,37409394.0
South Africa,30,121971046.0,5983121.0,5282117.0,388240.0,47681.0,2002,125843.0,350.0,112.0,39981.0,63.0,3805.0,368.0,50.0,3136.0,5983121.0,403715292.0,370.0,43562934.0,34033895.0,9529038.0,23601961.0
South Africa,30,121971046.0,5983121.0,5282117.0,388240.0,92573.0,2003,125843.0,326.0,166.0,82752.0,180.0,5345.0,607.0,82.0,3234.0,5983121.0,403715292.0,370.0,43562934.0,34033895.0,9529038.0,50154707.0
South Africa,30,121971046.0,5983121.0,5282117.0,388240.0,72601.0,2004,125843.0,430.0,233.0,60209.0,205.0,8126.0,776.0,226.0,2596.0,5983121.0,403715292.0,370.0,43562934.0,34033895.0,9529038.0,39024128.0
South Africa,30,121971046.0,5983121.0,5282117.0,388240.0,104653.0,2005,125843.0,522.0,212.0,93942.0,86.0,5688.0,797.0,61.0,3651.0,5983121.0,403715292.0,370.0,43562934.0,34033895.0,9529038.0,63681481.0
South Africa,30,121971046.0,5983121.0,5282117.0,388240.0,104944.0,2006,125843.0,438.0,380.0,86590.0,35.0,7274.0,817.0,68.0,9577.0,5983121.0,403715292.0,370.0,43562934.0,34033895.0,9529038.0,62185421.0
South Africa,30,121971046.0,5983121.0,5282117.0,388240.0,47106.0,2007,125843.0,414.0,323.0,36296.0,58.0,6219.0,725.0,49.0,3141.0,5983121.0,403715292.0,370.0,43562934.0,34033895.0,9529038.0,26681516.0
South Africa,30,121971046.0,5983121.0,5282117.0,388240.0,81375.0,2008,125843.0,541.0,261.0,70963.0,63.0,6052.0,551.0,27.0,3271.0,5983121.0,403715292.0,370.0,43562934.0,34033895.0,9529038.0,54729857.0
South Africa,30,121971046.0,5983121.0,5282117.0,388240.0,67279.0,2009,125843.0,446.0,263.0,56200.0,96.0,5296.0,578.0,38.0,4572.0,5983121.0,403715292.0,370.0,43562934.0,34033895.0,9529038.0,44650406.0
South Africa,30,121971046.0,5983121.0,5282117.0,388240.0,61758.0,2010,125843.0,272.0,123.0,49827.0,50.0,4199.0,454.0,33.0,6844.0,5983121.0,403715292.0,370.0,43562934.0,34033895.0,9529038.0,41182788.0
South Africa,30,121971046.0,5983121.0,5282117.0,388240.0,69617.0,2011,125843.0,349.0,206.0,60091.0,66.0,5132.0,404.0,17.0,3466.0,5983121.0,403715292.0,370.0,43562934.0,34033895.0,9529038.0,48164026.0
South Africa,30,121971046.0,5983121.0,5282117.0,388240.0,84896.0,2012,125843.0,335.0,310.0,76073.0,85.0,4779.0,379.0,60.0,2934.0,5983121.0,403715292.0,370.0,43562934.0,34033895.0,9529038.0,61445473.0
South Africa,30,121971046.0,5983121.0,5282117.0,388240.0,56368.0,2013,125843.0,540.0,205.0,42498.0,82.0,6038.0,420.0,43.0,6626.0,5983121.0,403715292.0,370.0,43562934.0,34033895.0,9529038.0,35464043.0
South Africa,30,121971046.0,5983121.0,5282117.0,388240.0,69667.0,2014,125843.0,516.0,148.0,52974.0,85.0,8074.0,579.0,49.0,7341.0,5983121.0,403715292.0,370.0,43562934.0,34033895.0,9529038.0,46389525.0
South Africa,30,121971046.0,5983121.0,5282117.0,388240.0,70157.0,2015,125843.0,533.0,146.0,47311.0,261.0,6556.0,640.0,98.0,15033.0,5983121.0,403715292.0,370.0,43562934.0,34033895.0,9529038.0,44379630.0
South Africa,30,121971046.0,5983121.0,5282117.0,388240.0,73547.0,2016,125843.0,594.0,167.0,54945.0,211.0,8525.0,590.0,108.0,8874.0,5983121.0,403715292.0,370.0,43562934.0,34033895.0,9529038.0,50483922.0
South Africa,30,121971046.0,5983121.0,5282117.0,388240.0,94054.0,2017,125843.0,2016.0,158.0,57291.0,86.0,9896.0,1187.0,150.0,25152.0,5983121.0,403715292.0,370.0,43562934.0,34033895.0,9529038.0,58266072.0
South Africa,30,121971046.0,5983121.0,5282117.0,388240.0,63667.0,2018,125843.0,777.0,112.0,43501.0,83.0,8004.0,773.0,105.0,10963.0,5983121.0,403715292.0,370.0,43562934.0,34033895.0,9529038.0,43120900.0
South Africa,30,121971046.0,5983121.0,5282117.0,388240.0,76141.0,2019,125843.0,937.0,125.0,46575.0,28.0,6506.0,590.0,154.0,21998.0,5983121.0,403715292.0,370.0,43562934.0,34033895.0,9529038.0,45498435.0
South Africa,30,121971046.0,5983121.0,5282117.0,388240.0,62246.0,2020,125843.0,879.0,201.0,41394.0,80.0,7590.0,658.0,188.0,11888.0,5983121.0,403715292.0,370.0,43562934.0,34033895.0,9529038.0,40495035.0
South Africa,30,121971046.0,5983121.0,5282117.0,388240.0,52068.0,2021,125843.0,632.0,112.0,36780.0,62.0,6232.0,593.0,138.0,7933.0,5983121.0,403715292.0,370.0,43562934.0,34033895.0,9529038.0,42062594.0
South Africa,30,121971046.0,5983121.0,5282117.0,388240.0,40980.0,2022,125843.0,300.0,142.0,26975.0,46.0,4565.0,431.0,90.0,8637.0,5983121.0,403715292.0,370.0,43562934.0,34033895.0,9529038.0,33613668.0
South Africa,30,121971046.0,5983121.0,5282117.0,388240.0,29571.0,2023,125843.0,200.0,128.0,19198.0,34.0,4078.0,302.0,48.0,5758.0,5983121.0,403715292.0,370.0,43562934.0,34033895.0,9529038.0,25806448.0
South Africa,30,121971046.0,5983121.0,5282117.0,388240.0,39557.0,2024,125843.0,498.0,50.0,19169.0,16.0,3723.0,304.0,70.0,16149.0,5983121.0,403715292.0,370.0,43562934.0,34033895.0,9529038.0,27019001.0
South Korea,30,10053628.0,5368013.0,5106572.0,109300.0,5504.0,2001,0.0,0.0,71.0,3817.0,3.0,105.0,993.0,0.0,401.0,5368013.0,278452331.0,229.0,4851060.0,24580199.0,-19729137.0,1413778.0
South Korea,30,10053628.0,5368013.0,5106572.0,109300.0,4705.0,2002,0.0,0.0,72.0,3198.0,3.0,64.0,869.0,0.0,415.0,5368013.0,278452331.0,229.0,4851060.0,24580199.0,-19729137.0,1225319.0
South Korea,30,10053628.0,5368013.0,5106572.0,109300.0,3611.0,2003,0.0,0.0,81.0,2562.0,3.0,87.0,800.0,0.0,34.0,5368013.0,278452331.0,229.0,4851060.0,24580199.0,-19729137.0,1025769.0
South Korea,30,10053628.0,5368013.0,5106572.0,109300.0,11408.0,2004,0.0,0.0,211.0,7630.0,3.0,390.0,2229.0,0.0,715.0,5368013.0,278452331.0,229.0,4851060.0,24580199.0,-19729137.0,3212740.0
South Korea,30,10053628.0,5368013.0,5106572.0,109300.0,8924.0,2005,0.0,0.0,113.0,5518.0,4.0,252.0,1871.0,0.0,1039.0,5368013.0,278452331.0,229.0,4851060.0,24580199.0,-19729137.0,2518943.0
South Korea,30,10053628.0,5368013.0,5106572.0,109300.0,10149.0,2006,0.0,0.0,135.0,6902.0,5.0,368.0,2372.0,0.0,187.0,5368013.0,278452331.0,229.0,4851060.0,24580199.0,-19729137.0,3067472.0
South Korea,30,10053628.0,5368013.0,5106572.0,109300.0,8097.0,2007,0.0,0.0,117.0,4638.0,2.0,229.0,2074.0,0.0,945.0,5368013.0,278452331.0,229.0,4851060.0,24580199.0,-19729137.0,2403550.0
South Korea,30,10053628.0,5368013.0,5106572.0,109300.0,14022.0,2008,0.0,0.0,292.0,8856.0,7.0,798.0,3591.0,0.0,266.0,5368013.0,278452331.0,229.0,4851060.0,24580199.0,-19729137.0,4409451.0
South Korea,30,10053628.0,5368013.0,5106572.0,109300.0,16416.0,2009,0.0,0.0,327.0,10723.0,6.0,413.0,3353.0,0.0,1403.0,5368013.0,278452331.0,229.0,4851060.0,24580199.0,-19729137.0,5094753.0
South Korea,30,10053628.0,5368013.0,5106572.0,109300.0,14429.0,2010,0.0,0.0,283.0,10499.0,5.0,382.0,2870.0,0.0,239.0,5368013.0,278452331.0,229.0,4851060.0,24580199.0,-19729137.0,4978254.0
South Korea,30,10053628.0,5368013.0,5106572.0,109300.0,11718.0,2011,0.0,0.0,238.0,8243.0,7.0,224.0,2315.0,0.0,568.0,5368013.0,278452331.0,229.0,4851060.0,24580199.0,-19729137.0,4029461.0
South Korea,30,10053628.0,5368013.0,5106572.0,109300.0,15941.0,2012,0.0,0.0,370.0,11652.0,14.0,535.0,2972.0,0.0,104.0,5368013.0,278452331.0,229.0,4851060.0,24580199.0,-19729137.0,5611613.0
South Korea,30,10053628.0,5368013.0,5106572.0,109300.0,9477.0,2013,0.0,0.0,195.0,7619.0,9.0,82.0,1307.0,0.0,125.0,5368013.0,278452331.0,229.0,4851060.0,24580199.0,-19729137.0,2972739.0
South Korea,30,10053628.0,5368013.0,5106572.0,109300.0,13426.0,2014,0.0,0.0,226.0,11057.0,2.0,129.0,1814.0,0.0,72.0,5368013.0,278452331.0,229.0,4851060.0,24580199.0,-19729137.0,4455622.0
South Korea,30,10053628.0,5368013.0,5106572.0,109300.0,17341.0,2015,0.0,0.0,236.0,14831.0,2.0,156.0,1972.0,0.0,49.0,5368013.0,278452331.0,229.0,4851060.0,24580199.0,-19729137.0,5967721.0
South Korea,30,10053628.0,5368013.0,5106572.0,109300.0,22556.0,2016,0.0,0.0,353.0,19063.0,6.0,179.0,2548.0,0.0,253.0,5368013.0,278452331.0,229.0,4851060.0,24580199.0,-19729137.0,7822462.0
South Korea,30,10053628.0,5368013.0,5106572.0,109300.0,20757.0,2017,0.0,0.0,482.0,17557.0,3.0,109.0,2224.0,0.0,261.0,5368013.0,278452331.0,229.0,4851060.0,24580199.0,-19729137.0,7324163.0
South Korea,30,10053628.0,5368013.0,5106572.0,109300.0,21849.0,2018,0.0,0.0,547.0,18875.0,3.0,190.0,1959.0,0.0,207.0,5368013.0,278452331.0,229.0,4851060.0,24580199.0,-19729137.0,7761303.0
South Korea,30,10053628.0,5368013.0,5106572.0,109300.0,20731.0,2019,0.0,0.0,454.0,17336.0,2.0,145.0,1577.0,0.0,1171.0,5368013.0,278452331.0,229.0,4851060.0,24580199.0,-19729137.0,6957976.0
South Korea,30,10053628.0,5368013.0,5106572.0,109300.0,20122.0,2020,0.0,0.0,495.0,16704.0,0.0,79.0,1547.0,0.0,1240.0,5368013.0,278452331.0,229.0,4851060.0,24580199.0,-19729137.0,6744730.0
South Korea,30,10053628.0,5368013.0,5106572.0,109300.0,17342.0,2021,0.0,0.0,533.0,14969.0,3.0,65.0,1384.0,0.0,336.0,5368013.0,278452331.0,229.0,4851060.0,24580199.0,-19729137.0,6056834.0
South Korea,30,10053628.0,5368013.0,5106572.0,109300.0,25660.0,2022,0.0,0.0,399.0,18336.0,11.0,68.0,1486.0,0.0,5293.0,5368013.0,278452331.0,229.0,4851060.0,24580199.0,-19729137.0,8228664.0
South Korea,30,10053628.0,5368013.0,5106572.0,109300.0,21640.0,2023,0.0,0.0,594.0,17234.0,5.0,106.0,1587.0,0.0,2062.0,5368013.0,278452331.0,229.0,4851060.0,24580199.0,-19729137.0,7437648.0
South Korea,30,10053628.0,5368013.0,5106572.0,109300.0,15651.0,2024,0.0,0.0,541.0,13241.0,5.0,87.0,1422.0,0.0,297.0,5368013.0,278452331.0,229.0,4851060.0,24580199.0,-19729137.0,5704490.0
South Sudan,30,62809894.0,11386557.0,13259458.0,1082861.0,4906.0,2001,0.0,0.0,23.0,5.0,206.0,2596.0,113.0,1341.0,2.0,11386557.0,475400873.0,164.0,1996483.0,38583536.0,-36587054.0,1407376.0
South Sudan,30,62809894.0,11386557.0,13259458.0,1082861.0,8148.0,2002,83939.0,54.0,11.0,5.0,833.0,4206.0,391.0,1871.0,13.0,11386557.0,475400873.0,164.0,1996483.0,38583536.0,-36587054.0,2101541.0
South Sudan,30,62809894.0,11386557.0,13259458.0,1082861.0,2064.0,2003,83939.0,48.0,4.0,14.0,118.0,1251.0,20.0,395.0,4.0,11386557.0,475400873.0,164.0,1996483.0,38583536.0,-36587054.0,612857.0
South Sudan,30,62809894.0,11386557.0,13259458.0,1082861.0,10443.0,2004,83939.0,80.0,7.0,30.0,352.0,6029.0,280.0,3019.0,11.0,11386557.0,475400873.0,164.0,1996483.0,38583536.0,-36587054.0,2794697.0
South Sudan,30,62809894.0,11386557.0,13259458.0,1082861.0,10566.0,2005,83939.0,46.0,3.0,14.0,415.0,6145.0,462.0,2999.0,20.0,11386557.0,475400873.0,164.0,1996483.0,38583536.0,-36587054.0,2742918.0
South Sudan,30,62809894.0,11386557.0,13259458.0,1082861.0,8962.0,2006,83939.0,46.0,10.0,11.0,374.0,4918.0,371.0,2694.0,7.0,11386557.0,475400873.0,164.0,1996483.0,38583536.0,-36587054.0,2420046.0
South Sudan,30,62809894.0,11386557.0,13259458.0,1082861.0,9523.0,2007,83939.0,102.0,2.0,27.0,158.0,5279.0,738.0,2743.0,23.0,11386557.0,475400873.0,164.0,1996483.0,38583536.0,-36587054.0,2792571.0
South Sudan,30,62809894.0,11386557.0,13259458.0,1082861.0,9010.0,2008,83939.0,47.0,1.0,22.0,322.0,4968.0,983.0,2252.0,5.0,11386557.0,475400873.0,164.0,1996483.0,38583536.0,-36587054.0,2516102.0
South Sudan,30,62809894.0,11386557.0,13259458.0,1082861.0,8057.0,2009,83939.0,23.0,13.0,11.0,1067.0,4336.0,433.0,1763.0,3.0,11386557.0,475400873.0,164.0,1996483.0,38583536.0,-36587054.0,2350662.0
South Sudan,30,62809894.0,11386557.0,13259458.0,1082861.0,3879.0,2010,83939.0,78.0,0.0,21.0,43.0,2526.0,212.0,850.0,5.0,11386557.0,475400873.0,164.0,1996483.0,38583536.0,-36587054.0,1299019.0
South Sudan,30,62809894.0,11386557.0,13259458.0,1082861.0,9012.0,2011,83939.0,147.0,5.0,35.0,420.0,5175.0,808.0,2165.0,23.0,11386557.0,475400873.0,164.0,1996483.0,38583536.0,-36587054.0,3013154.0
South Sudan,30,62809894.0,11386557.0,13259458.0,1082861.0,6707.0,2012,83939.0,86.0,28.0,24.0,247.0,3858.0,190.0,1755.0,31.0,11386557.0,475400873.0,164.0,1996483.0,38583536.0,-36587054.0,2181994.0
South Sudan,30,62809894.0,11386557.0,13259458.0,1082861.0,4931.0,2013,83939.0,144.0,0.0,43.0,198.0,2225.0,73.0,1584.0,32.0,11386557.0,475400873.0,164.0,1996483.0,38583536.0,-36587054.0,1635285.0
South Sudan,30,62809894.0,11386557.0,13259458.0,1082861.0,6751.0,2014,83939.0,85.0,0.0,54.0,115.0,2956.0,55.0,2850.0,32.0,11386557.0,475400873.0,164.0,1996483.0,38583536.0,-36587054.0,2401777.0
South Sudan,30,62809894.0,11386557.0,13259458.0,1082861.0,2460.0,2015,83939.0,65.0,0.0,1.0,22.0,1313.0,12.0,1069.0,0.0,11386557.0,475400873.0,164.0,1996483.0,38583536.0,-36587054.0,937579.0
South Sudan,30,62809894.0,11386557.0,13259458.0,1082861.0,4068.0,2016,83939.0,86.0,0.0,7.0,2.0,2062.0,13.0,1945.0,1.0,11386557.0,475400873.0,164.0,1996483.0,38583536.0,-36587054.0,1712417.0
South Sudan,30,62809894.0,11386557.0,13259458.0,1082861.0,6857.0,2017,83939.0,234.0,2.0,12.0,5.0,3623.0,14.0,3152.0,2.0,11386557.0,475400873.0,164.0,1996483.0,38583536.0,-36587054.0,2943054.0
South Sudan,30,62809894.0,11386557.0,13259458.0,1082861.0,2641.0,2018,83939.0,79.0,0.0,32.0,4.0,1211.0,8.0,1349.0,3.0,11386557.0,475400873.0,164.0,1996483.0,38583536.0,-36587054.0,1121066.0
South Sudan,30,62809894.0,11386557.0,13259458.0,1082861.0,3754.0,2019,83939.0,335.0,0.0,33.0,5.0,2294.0,5.0,1366.0,5.0,11386557.0,475400873.0,164.0,1996483.0,38583536.0,-36587054.0,1635126.0
South Sudan,30,62809894.0,11386557.0,13259458.0,1082861.0,2326.0,2020,83939.0,86.0,0.0,7.0,17.0,1062.0,7.0,1183.0,6.0,11386557.0,475400873.0,164.0,1996483.0,38583536.0,-36587054.0,1095199.0
South Sudan,30,62809894.0,11386557.0,13259458.0,1082861.0,2813.0,2021,83939.0,74.0,1.0,15.0,8.0,1372.0,11.0,1331.0,49.0,11386557.0,475400873.0,164.0,1996483.0,38583536.0,-36587054.0,1309369.0
South Sudan,30,62809894.0,11386557.0,13259458.0,1082861.0,3463.0,2022,83939.0,107.0,0.0,9.0,0.0,1722.0,28.0,1647.0,8.0,11386557.0,475400873.0,164.0,1996483.0,38583536.0,-36587054.0,1618403.0
South Sudan,30,62809894.0,11386557.0,13259458.0,1082861.0,6182.0,2023,83939.0,93.0,2.0,4.0,5.0,3232.0,48.0,2755.0,89.0,11386557.0,475400873.0,164.0,1996483.0,38583536.0,-36587054.0,2774247.0
South Sudan,30,62809894.0,11386557.0,13259458.0,1082861.0,5576.0,2024,83939.0,94.0,5.0,1.0,3.0,2789.0,25.0,2648.0,30.0,11386557.0,475400873.0,164.0,1996483.0,38583536.0,-36587054.0,2499139.0
Spain,30,50604330.0,11018935.0,10435475.0,381025.0,32811.0,2001,0.0,0.0,122.0,21101.0,60.0,2445.0,639.0,0.0,7952.0,11018935.0,705887135.0,286.0,27413106.0,82290544.0,-54877437.0,9700002.0
Spain,30,50604330.0,11018935.0,10435475.0,381025.0,37699.0,2002,0.0,0.0,207.0,24715.0,83.0,3190.0,770.0,0.0,8192.0,11018935.0,705887135.0,286.0,27413106.0,82290544.0,-54877437.0,10974290.0
Spain,30,50604330.0,11018935.0,10435475.0,381025.0,23316.0,2003,0.0,0.0,93.0,15722.0,52.0,1880.0,565.0,0.0,4593.0,11018935.0,705887135.0,286.0,27413106.0,82290544.0,-54877437.0,7039084.0
Spain,30,50604330.0,11018935.0,10435475.0,381025.0,67272.0,2004,0.0,0.0,398.0,37472.0,151.0,4681.0,1339.0,0.0,22567.0,11018935.0,705887135.0,286.0,27413106.0,82290544.0,-54877437.0,19458307.0
Spain,30,50604330.0,11018935.0,10435475.0,381025.0,48954.0,2005,0.0,0.0,279.0,23871.0,79.0,3065.0,889.0,0.0,20339.0,11018935.0,705887135.0,286.0,27413106.0,82290544.0,-54877437.0,13798740.0
Spain,30,50604330.0,11018935.0,10435475.0,381025.0,72719.0,2006,0.0,0.0,267.0,45076.0,80.0,3873.0,1275.0,0.0,21569.0,11018935.0,705887135.0,286.0,27413106.0,82290544.0,-54877437.0,22411306.0
Spain,30,50604330.0,11018935.0,10435475.0,381025.0,60257.0,2007,0.0,0.0,380.0,44186.0,97.0,3303.0,1505.0,0.0,10202.0,11018935.0,705887135.0,286.0,27413106.0,82290544.0,-54877437.0,22057855.0
Spain,30,50604330.0,11018935.0,10435475.0,381025.0,44288.0,2008,0.0,0.0,471.0,33105.0,87.0,2505.0,1112.0,0.0,6660.0,11018935.0,705887135.0,286.0,27413106.0,82290544.0,-54877437.0,17028548.0
Spain,30,50604330.0,11018935.0,10435475.0,381025.0,67545.0,2009,0.0,0.0,291.0,45864.0,107.0,4010.0,1073.0,0.0,15606.0,11018935.0,705887135.0,286.0,27413106.0,82290544.0,-54877437.0,24310689.0
Spain,30,50604330.0,11018935.0,10435475.0,381025.0,56094.0,2010,0.0,0.0,284.0,40030.0,130.0,2768.0,1336.0,0.0,10931.0,11018935.0,705887135.0,286.0,27413106.0,82290544.0,-54877437.0,21497045.0
Spain,30,50604330.0,11018935.0,10435475.0,381025.0,39326.0,2011,0.0,0.0,112.0,28223.0,70.0,1924.0,601.0,0.0,8128.0,11018935.0,705887135.0,286.0,27413106.0,82290544.0,-54877437.0,15554106.0
Spain,30,50604330.0,11018935.0,10435475.0,381025.0,80496.0,2012,0.0,0.0,116.0,37528.0,83.0,2182.0,577.0,0.0,39479.0,11018935.0,705887135.0,286.0,27413106.0,82290544.0,-54877437.0,24573076.0
Spain,30,50604330.0,11018935.0,10435475.0,381025.0,63956.0,2013,0.0,0.0,114.0,46572.0,141.0,2053.0,451.0,0.0,14152.0,11018935.0,705887135.0,286.0,27413106.0,82290544.0,-54877437.0,23926448.0
Spain,30,50604330.0,11018935.0,10435475.0,381025.0,74226.0,2014,0.0,0.0,138.0,57065.0,87.0,2138.0,636.0,0.0,13840.0,11018935.0,705887135.0,286.0,27413106.0,82290544.0,-54877437.0,29646749.0
Spain,30,50604330.0,11018935.0,10435475.0,381025.0,65414.0,2015,0.0,0.0,126.0,48829.0,102.0,1791.0,494.0,0.0,13888.0,11018935.0,705887135.0,286.0,27413106.0,82290544.0,-54877437.0,25876959.0
Spain,30,50604330.0,11018935.0,10435475.0,381025.0,107562.0,2016,0.0,0.0,183.0,76622.0,166.0,3005.0,770.0,0.0,26542.0,11018935.0,705887135.0,286.0,27413106.0,82290544.0,-54877437.0,42592105.0
Spain,30,50604330.0,11018935.0,10435475.0,381025.0,98460.0,2017,0.0,0.0,151.0,53852.0,146.0,2238.0,566.0,0.0,41241.0,11018935.0,705887135.0,286.0,27413106.0,82290544.0,-54877437.0,35445044.0
Spain,30,50604330.0,11018935.0,10435475.0,381025.0,119650.0,2018,0.0,0.0,204.0,82565.0,395.0,2619.0,815.0,0.0,32787.0,11018935.0,705887135.0,286.0,27413106.0,82290544.0,-54877437.0,51934863.0
Spain,30,50604330.0,11018935.0,10435475.0,381025.0,71022.0,2019,0.0,0.0,129.0,56913.0,152.0,1503.0,637.0,0.0,11520.0,11018935.0,705887135.0,286.0,27413106.0,82290544.0,-54877437.0,32162285.0
Spain,30,50604330.0,11018935.0,10435475.0,381025.0,101989.0,2020,0.0,0.0,250.0,78070.0,394.0,2267.0,889.0,0.0,19849.0,11018935.0,705887135.0,286.0,27413106.0,82290544.0,-54877437.0,46460004.0
Spain,30,50604330.0,11018935.0,10435475.0,381025.0,85791.0,2021,0.0,0.0,110.0,60069.0,127.0,1414.0,700.0,0.0,23159.0,11018935.0,705887135.0,286.0,27413106.0,82290544.0,-54877437.0,38435666.0
Spain,30,50604330.0,11018935.0,10435475.0,381025.0,137820.0,2022,0.0,0.0,228.0,52327.0,75.0,1557.0,657.0,0.0,82819.0,11018935.0,705887135.0,286.0,27413106.0,82290544.0,-54877437.0,46144639.0
Spain,30,50604330.0,11018935.0,10435475.0,381025.0,85868.0,2023,0.0,0.0,113.0,51051.0,20.0,1072.0,521.0,0.0,33048.0,11018935.0,705887135.0,286.0,27413106.0,82290544.0,-54877437.0,37419391.0
Spain,30,50604330.0,11018935.0,10435475.0,381025.0,78036.0,2024,0.0,0.0,151.0,60994.0,164.0,1380.0,644.0,0.0,14604.0,11018935.0,705887135.0,286.0,27413106.0,82290544.0,-54877437.0,39467337.0
Sri Lanka,30,6583718.0,3939917.0,3532226.0,60078.0,3759.0,2001,0.0,0.0,14.0,212.0,33.0,3255.0,167.0,9.0,0.0,3939917.0,297223404.0,344.0,3877965.0,14820560.0,-10942595.0,1577358.0
Sri Lanka,30,6583718.0,3939917.0,3532226.0,60078.0,3427.0,2002,596414.0,524.0,8.0,206.0,43.0,2945.0,155.0,10.0,5.0,3939917.0,297223404.0,344.0,3877965.0,14820560.0,-10942595.0,1385553.0
Sri Lanka,30,6583718.0,3939917.0,3532226.0,60078.0,3149.0,2003,596414.0,991.0,10.0,114.0,15.0,2832.0,123.0,9.0,0.0,3939917.0,297223404.0,344.0,3877965.0,14820560.0,-10942595.0,1311805.0
Sri Lanka,30,6583718.0,3939917.0,3532226.0,60078.0,5599.0,2004,596414.0,466.0,37.0,262.0,79.0,4848.0,279.0,12.0,0.0,3939917.0,297223404.0,344.0,3877965.0,14820560.0,-10942595.0,2078951.0
Sri Lanka,30,6583718.0,3939917.0,3532226.0,60078.0,4682.0,2005,596414.0,546.0,40.0,377.0,19.0,3745.0,399.0,22.0,0.0,3939917.0,297223404.0,344.0,3877965.0,14820560.0,-10942595.0,2086892.0
Sri Lanka,30,6583718.0,3939917.0,3532226.0,60078.0,7730.0,2006,596414.0,413.0,199.0,443.0,22.0,6271.0,685.0,23.0,0.0,3939917.0,297223404.0,344.0,3877965.0,14820560.0,-10942595.0,3282592.0
Sri Lanka,30,6583718.0,3939917.0,3532226.0,60078.0,10243.0,2007,596414.0,675.0,231.0,318.0,46.0,8989.0,552.0,16.0,6.0,3939917.0,297223404.0,344.0,3877965.0,14820560.0,-10942595.0,3852633.0
Sri Lanka,30,6583718.0,3939917.0,3532226.0,60078.0,6500.0,2008,596414.0,498.0,148.0,461.0,35.0,5355.0,388.0,25.0,9.0,3939917.0,297223404.0,344.0,3877965.0,14820560.0,-10942595.0,2794673.0
Sri Lanka,30,6583718.0,3939917.0,3532226.0,60078.0,13974.0,2009,596414.0,508.0,126.0,683.0,123.0,12339.0,537.0,23.0,33.0,3939917.0,297223404.0,344.0,3877965.0,14820560.0,-10942595.0,5022983.0
Sri Lanka,30,6583718.0,3939917.0,3532226.0,60078.0,7232.0,2010,596414.0,354.0,168.0,323.0,66.0,6226.0,358.0,16.0,0.0,3939917.0,297223404.0,344.0,3877965.0,14820560.0,-10942595.0,2720994.0
Sri Lanka,30,6583718.0,3939917.0,3532226.0,60078.0,14737.0,2011,596414.0,491.0,172.0,390.0,90.0,13320.0,604.0,31.0,5.0,3939917.0,297223404.0,344.0,3877965.0,14820560.0,-10942595.0,5379243.0
Sri Lanka,30,6583718.0,3939917.0,3532226.0,60078.0,14428.0,2012,596414.0,1585.0,161.0,415.0,92.0,13048.0,522.0,38.0,10.0,3939917.0,297223404.0,344.0,3877965.0,14820560.0,-10942595.0,5633243.0
Sri Lanka,30,6583718.0,3939917.0,3532226.0,60078.0,7953.0,2013,596414.0,226.0,143.0,318.0,47.0,7009.0,316.0,21.0,19.0,3939917.0,297223404.0,344.0,3877965.0,14820560.0,-10942595.0,2770785.0
Sri Lanka,30,6583718.0,3939917.0,3532226.0,60078.0,12350.0,2014,596414.0,365.0,176.0,405.0,139.0,11025.0,402.0,57.0,48.0,3939917.0,297223404.0,344.0,3877965.0,14820560.0,-10942595.0,4766749.0
Sri Lanka,30,6583718.0,3939917.0,3532226.0,60078.0,7402.0,2015,596414.0,360.0,244.0,277.0,46.0,6552.0,206.0,24.0,12.0,3939917.0,297223404.0,344.0,3877965.0,14820560.0,-10942595.0,2884660.0
Sri Lanka,30,6583718.0,3939917.0,3532226.0,60078.0,17490.0,2016,596414.0,425.0,511.0,401.0,84.0,15542.0,824.0,56.0,11.0,3939917.0,297223404.0,344.0,3877965.0,14820560.0,-10942595.0,6853302.0
Sri Lanka,30,6583718.0,3939917.0,3532226.0,60078.0,13065.0,2017,596414.0,627.0,795.0,360.0,57.0,11020.0,710.0,58.0,3.0,3939917.0,297223404.0,344.0,3877965.0,14820560.0,-10942595.0,5690783.0
Sri Lanka,30,6583718.0,3939917.0,3532226.0,60078.0,13161.0,2018,596414.0,437.0,554.0,286.0,81.0,11406.0,663.0,98.0,14.0,3939917.0,297223404.0,344.0,3877965.0,14820560.0,-10942595.0,5413745.0
Sri Lanka,30,6583718.0,3939917.0,3532226.0,60078.0,10308.0,2019,596414.0,412.0,464.0,150.0,55.0,9179.0,342.0,40.0,26.0,3939917.0,297223404.0,344.0,3877965.0,14820560.0,-10942595.0,4327782.0
Sri Lanka,30,6583718.0,3939917.0,3532226.0,60078.0,11216.0,2020,596414.0,282.0,195.0,280.0,42.0,10379.0,242.0,33.0,0.0,3939917.0,297223404.0,344.0,3877965.0,14820560.0,-10942595.0,4610848.0
Sri Lanka,30,6583718.0,3939917.0,3532226.0,60078.0,13297.0,2021,596414.0,281.0,133.0,293.0,44.0,12369.0,375.0,32.0,12.0,3939917.0,297223404.0,344.0,3877965.0,14820560.0,-10942595.0,5358620.0
Sri Lanka,30,6583718.0,3939917.0,3532226.0,60078.0,8411.0,2022,596414.0,238.0,56.0,233.0,16.0,7801.0,236.0,32.0,10.0,3939917.0,297223404.0,344.0,3877965.0,14820560.0,-10942595.0,3564151.0
Sri Lanka,30,6583718.0,3939917.0,3532226.0,60078.0,11720.0,2023,596414.0,229.0,45.0,145.0,36.0,11180.0,183.0,51.0,33.0,3939917.0,297223404.0,344.0,3877965.0,14820560.0,-10942595.0,4798807.0
Sri Lanka,30,6583718.0,3939917.0,3532226.0,60078.0,11776.0,2024,596414.0,315.0,41.0,226.0,44.0,11126.0,213.0,53.0,14.0,3939917.0,297223404.0,344.0,3877965.0,14820560.0,-10942595.0,4904016.0
Sudan,30,187213281.0,72713.0,72598.0,216599.0,26.0,2001,0.0,0.0,0.0,0.0,0.0,20.0,0.0,0.0,0.0,72713.0,3591171.0,175.0,16633.0,1016590.0,-999957.0,8495.0
Sudan,30,187213281.0,72713.0,72598.0,216599.0,76.0,2002,0.0,0.0,0.0,0.0,0.0,55.0,0.0,1.0,0.0,72713.0,3591171.0,175.0,16633.0,1016590.0,-999957.0,20037.0
Sudan,30,187213281.0,72713.0,72598.0,216599.0,19.0,2003,0.0,0.0,0.0,0.0,0.0,16.0,0.0,0.0,0.0,72713.0,3591171.0,175.0,16633.0,1016590.0,-999957.0,6086.0
Sudan,30,187213281.0,72713.0,72598.0,216599.0,13.0,2004,0.0,0.0,0.0,0.0,0.0,8.0,0.0,0.0,0.0,72713.0,3591171.0,175.0,16633.0,1016590.0,-999957.0,3703.0
Sudan,30,187213281.0,72713.0,72598.0,216599.0,100.0,2005,0.0,0.0,0.0,0.0,0.0,90.0,0.0,0.0,0.0,72713.0,3591171.0,175.0,16633.0,1016590.0,-999957.0,27924.0
Sudan,30,187213281.0,72713.0,72598.0,216599.0,3.0,2006,0.0,0.0,0.0,0.0,0.0,3.0,0.0,0.0,0.0,72713.0,3591171.0,175.0,16633.0,1016590.0,-999957.0,1381.0
Sudan,30,187213281.0,72713.0,72598.0,216599.0,185.0,2007,0.0,0.0,0.0,0.0,0.0,160.0,0.0,16.0,0.0,72713.0,3591171.0,175.0,16633.0,1016590.0,-999957.0,51942.0
Sudan,30,187213281.0,72713.0,72598.0,216599.0,55.0,2008,0.0,0.0,0.0,0.0,0.0,45.0,0.0,3.0,0.0,72713.0,3591171.0,175.0,16633.0,1016590.0,-999957.0,16475.0
Sudan,30,187213281.0,72713.0,72598.0,216599.0,81.0,2009,0.0,0.0,0.0,0.0,0.0,70.0,0.0,5.0,0.0,72713.0,3591171.0,175.0,16633.0,1016590.0,-999957.0,23553.0
Sudan,30,187213281.0,72713.0,72598.0,216599.0,41.0,2010,0.0,0.0,0.0,0.0,0.0,36.0,0.0,1.0,0.0,72713.0,3591171.0,175.0,16633.0,1016590.0,-999957.0,13478.0
Sudan,30,187213281.0,72713.0,72598.0,216599.0,206.0,2011,0.0,0.0,0.0,0.0,0.0,185.0,0.0,2.0,0.0,72713.0,3591171.0,175.0,16633.0,1016590.0,-999957.0,58473.0
Sudan,30,187213281.0,72713.0,72598.0,216599.0,13.0,2012,0.0,0.0,0.0,0.0,0.0,7.0,0.0,0.0,0.0,72713.0,3591171.0,175.0,16633.0,1016590.0,-999957.0,4060.0
Sudan,30,187213281.0,72713.0,72598.0,216599.0,9.0,2013,0.0,0.0,0.0,0.0,0.0,4.0,0.0,0.0,0.0,72713.0,3591171.0,175.0,16633.0,1016590.0,-999957.0,2903.0
Sudan,30,187213281.0,72713.0,72598.0,216599.0,6.0,2014,0.0,0.0,0.0,0.0,0.0,3.0,0.0,0.0,0.0,72713.0,3591171.0,175.0,16633.0,1016590.0,-999957.0,1748.0
Sudan,30,187213281.0,72713.0,72598.0,216599.0,8.0,2015,0.0,0.0,0.0,0.0,0.0,7.0,0.0,0.0,0.0,72713.0,3591171.0,175.0,16633.0,1016590.0,-999957.0,2415.0
Sudan,30,187213281.0,72713.0,72598.0,216599.0,27.0,2016,0.0,0.0,0.0,0.0,0.0,26.0,0.0,0.0,0.0,72713.0,3591171.0,175.0,16633.0,1016590.0,-999957.0,7554.0
Sudan,30,187213281.0,72713.0,72598.0,216599.0,75.0,2017,0.0,0.0,0.0,0.0,0.0,73.0,0.0,0.0,0.0,72713.0,3591171.0,175.0,16633.0,1016590.0,-999957.0,20704.0
Sudan,30,187213281.0,72713.0,72598.0,216599.0,16.0,2018,0.0,0.0,0.0,0.0,0.0,16.0,0.0,0.0,0.0,72713.0,3591171.0,175.0,16633.0,1016590.0,-999957.0,4802.0
Sudan,30,187213281.0,72713.0,72598.0,216599.0,56.0,2019,0.0,0.0,0.0,0.0,0.0,53.0,0.0,0.0,0.0,72713.0,3591171.0,175.0,16633.0,1016590.0,-999957.0,17909.0
Sudan,30,187213281.0,72713.0,72598.0,216599.0,67.0,2020,0.0,0.0,0.0,0.0,0.0,64.0,0.0,0.0,0.0,72713.0,3591171.0,175.0,16633.0,1016590.0,-999957.0,21449.0
Sudan,30,187213281.0,72713.0,72598.0,216599.0,50.0,2021,0.0,0.0,0.0,0.0,0.0,47.0,0.0,0.0,0.0,72713.0,3591171.0,175.0,16633.0,1016590.0,-999957.0,16495.0
Sudan,30,187213281.0,72713.0,72598.0,216599.0,43.0,2022,0.0,0.0,0.0,0.0,0.0,41.0,0.0,0.0,0.0,72713.0,3591171.0,175.0,16633.0,1016590.0,-999957.0,15083.0
Sudan,30,187213281.0,72713.0,72598.0,216599.0,23.0,2023,0.0,0.0,0.0,0.0,0.0,22.0,0.0,0.0,0.0,72713.0,3591171.0,175.0,16633.0,1016590.0,-999957.0,22586.0
Sudan,30,187213281.0,72713.0,72598.0,216599.0,29.0,2024,0.0,0.0,0.0,0.0,0.0,27.0,0.0,0.0,0.0,72713.0,3591171.0,175.0,16633.0,1016590.0,-999957.0,29910.0
Suriname,30,14642538.0,13949796.0,13997712.0,23724.0,3690.0,2001,0.0,0.0,1092.0,163.0,202.0,685.0,90.0,1298.0,31.0,13949796.0,2216565498.0,543.0,8602059.0,28266790.0,-19664730.0,2730339.0
Suriname,30,14642538.0,13949796.0,13997712.0,23724.0,3718.0,2002,12775501.0,1931.0,901.0,173.0,255.0,666.0,139.0,1381.0,71.0,13949796.0,2216565498.0,543.0,8602059.0,28266790.0,-19664730.0,2721664.0
Suriname,30,14642538.0,13949796.0,13997712.0,23724.0,4544.0,2003,12775501.0,2243.0,1405.0,149.0,815.0,761.0,178.0,820.0,299.0,13949796.0,2216565498.0,543.0,8602059.0,28266790.0,-19664730.0,3033442.0
Suriname,30,14642538.0,13949796.0,13997712.0,23724.0,5422.0,2004,12775501.0,2814.0,1572.0,251.0,817.0,1077.0,185.0,1250.0,50.0,13949796.0,2216565498.0,543.0,8602059.0,28266790.0,-19664730.0,3819584.0
Suriname,30,14642538.0,13949796.0,13997712.0,23724.0,3512.0,2005,12775501.0,1808.0,1135.0,173.0,288.0,880.0,145.0,668.0,113.0,13949796.0,2216565498.0,543.0,8602059.0,28266790.0,-19664730.0,2388417.0
Suriname,30,14642538.0,13949796.0,13997712.0,23724.0,3405.0,2006,12775501.0,1892.0,1157.0,114.0,201.0,892.0,128.0,775.0,28.0,13949796.0,2216565498.0,543.0,8602059.0,28266790.0,-19664730.0,2427269.0
Suriname,30,14642538.0,13949796.0,13997712.0,23724.0,3626.0,2007,12775501.0,2157.0,1372.0,139.0,278.0,766.0,136.0,790.0,15.0,13949796.0,2216565498.0,543.0,8602059.0,28266790.0,-19664730.0,2594582.0
Suriname,30,14642538.0,13949796.0,13997712.0,23724.0,7510.0,2008,12775501.0,4430.0,3136.0,288.0,383.0,1530.0,232.0,1757.0,30.0,13949796.0,2216565498.0,543.0,8602059.0,28266790.0,-19664730.0,5565451.0
Suriname,30,14642538.0,13949796.0,13997712.0,23724.0,7362.0,2009,12775501.0,4226.0,2464.0,509.0,633.0,1387.0,281.0,1388.0,510.0,13949796.0,2216565498.0,543.0,8602059.0,28266790.0,-19664730.0,5174467.0
Suriname,30,14642538.0,13949796.0,13997712.0,23724.0,7000.0,2010,12775501.0,4796.0,3422.0,417.0,269.0,1343.0,161.0,962.0,220.0,13949796.0,2216565498.0,543.0,8602059.0,28266790.0,-19664730.0,5232041.0
Suriname,30,14642538.0,13949796.0,13997712.0,23724.0,5697.0,2011,12775501.0,4125.0,3332.0,267.0,164.0,951.0,136.0,537.0,38.0,13949796.0,2216565498.0,543.0,8602059.0,28266790.0,-19664730.0,4396111.0
Suriname,30,14642538.0,13949796.0,13997712.0,23724.0,19502.0,2012,12775501.0,13539.0,8798.0,1403.0,999.0,3246.0,479.0,2016.0,1062.0,13949796.0,2216565498.0,543.0,8602059.0,28266790.0,-19664730.0,14522071.0
Suriname,30,14642538.0,13949796.0,13997712.0,23724.0,10204.0,2013,12775501.0,6627.0,3418.0,1117.0,408.0,2302.0,126.0,1439.0,1251.0,13949796.0,2216565498.0,543.0,8602059.0,28266790.0,-19664730.0,6917462.0
Suriname,30,14642538.0,13949796.0,13997712.0,23724.0,14747.0,2014,12775501.0,9659.0,6464.0,1677.0,754.0,3173.0,263.0,2112.0,80.0,13949796.0,2216565498.0,543.0,8602059.0,28266790.0,-19664730.0,10955315.0
Suriname,30,14642538.0,13949796.0,13997712.0,23724.0,11921.0,2015,12775501.0,8079.0,4296.0,2141.0,604.0,2658.0,166.0,1600.0,295.0,13949796.0,2216565498.0,543.0,8602059.0,28266790.0,-19664730.0,8629962.0
Suriname,30,14642538.0,13949796.0,13997712.0,23724.0,16878.0,2016,12775501.0,10456.0,5923.0,2112.0,619.0,4749.0,253.0,2418.0,714.0,13949796.0,2216565498.0,543.0,8602059.0,28266790.0,-19664730.0,11984481.0
Suriname,30,14642538.0,13949796.0,13997712.0,23724.0,18018.0,2017,12775501.0,13717.0,6537.0,5533.0,750.0,2873.0,190.0,1882.0,147.0,13949796.0,2216565498.0,543.0,8602059.0,28266790.0,-19664730.0,13381562.0
Suriname,30,14642538.0,13949796.0,13997712.0,23724.0,19002.0,2018,12775501.0,15366.0,6698.0,7308.0,391.0,2480.0,135.0,1715.0,192.0,13949796.0,2216565498.0,543.0,8602059.0,28266790.0,-19664730.0,14259183.0
Suriname,30,14642538.0,13949796.0,13997712.0,23724.0,18454.0,2019,12775501.0,14013.0,6362.0,5278.0,509.0,3365.0,155.0,1641.0,1040.0,13949796.0,2216565498.0,543.0,8602059.0,28266790.0,-19664730.0,13775264.0
Suriname,30,14642538.0,13949796.0,13997712.0,23724.0,15097.0,2020,12775501.0,11076.0,5342.0,3790.0,429.0,2947.0,144.0,1718.0,649.0,13949796.0,2216565498.0,543.0,8602059.0,28266790.0,-19664730.0,11310642.0
Suriname,30,14642538.0,13949796.0,13997712.0,23724.0,12263.0,2021,12775501.0,10112.0,5204.0,3563.0,421.0,1634.0,68.0,1115.0,143.0,13949796.0,2216565498.0,543.0,8602059.0,28266790.0,-19664730.0,9517590.0
Suriname,30,14642538.0,13949796.0,13997712.0,23724.0,14541.0,2022,12775501.0,12041.0,7208.0,3365.0,684.0,1714.0,86.0,1212.0,135.0,13949796.0,2216565498.0,543.0,8602059.0,28266790.0,-19664730.0,11476186.0
Suriname,30,14642538.0,13949796.0,13997712.0,23724.0,26116.0,2023,12775501.0,17993.0,9794.0,4562.0,1483.0,4747.0,331.0,2141.0,3000.0,13949796.0,2216565498.0,543.0,8602059.0,28266790.0,-19664730.0,18950180.0
Suriname,30,14642538.0,13949796.0,13997712.0,23724.0,34033.0,2024,12775501.0,18712.0,6189.0,2852.0,3756.0,4491.0,212.0,1498.0,14965.0,13949796.0,2216565498.0,543.0,8602059.0,28266790.0,-19664730.0,20686142.0
Swaziland,30,1738319.0,469223.0,420922.0,23455.0,6735.0,2001,0.0,0.0,0.0,6384.0,2.0,292.0,31.0,0.0,12.0,469223.0,27022392.0,206.0,2986370.0,2083666.0,902705.0,3776115.0
Swaziland,30,1738319.0,469223.0,420922.0,23455.0,3800.0,2002,0.0,0.0,0.0,3560.0,2.0,207.0,6.0,0.0,14.0,469223.0,27022392.0,206.0,2986370.0,2083666.0,902705.0,2297556.0
Swaziland,30,1738319.0,469223.0,420922.0,23455.0,5760.0,2003,0.0,0.0,5.0,5443.0,4.0,217.0,29.0,1.0,47.0,469223.0,27022392.0,206.0,2986370.0,2083666.0,902705.0,3434010.0
Swaziland,30,1738319.0,469223.0,420922.0,23455.0,5363.0,2004,0.0,0.0,3.0,5058.0,1.0,217.0,44.0,3.0,15.0,469223.0,27022392.0,206.0,2986370.0,2083666.0,902705.0,3293411.0
Swaziland,30,1738319.0,469223.0,420922.0,23455.0,4535.0,2005,0.0,0.0,0.0,4369.0,0.0,106.0,18.0,1.0,33.0,469223.0,27022392.0,206.0,2986370.0,2083666.0,902705.0,2946536.0
Swaziland,30,1738319.0,469223.0,420922.0,23455.0,9432.0,2006,0.0,0.0,36.0,8522.0,9.0,729.0,86.0,0.0,21.0,469223.0,27022392.0,206.0,2986370.0,2083666.0,902705.0,6059628.0
Swaziland,30,1738319.0,469223.0,420922.0,23455.0,6469.0,2007,0.0,0.0,2.0,6190.0,0.0,210.0,49.0,4.0,1.0,469223.0,27022392.0,206.0,2986370.0,2083666.0,902705.0,4607217.0
Swaziland,30,1738319.0,469223.0,420922.0,23455.0,4582.0,2008,0.0,0.0,2.0,4294.0,1.0,238.0,16.0,5.0,16.0,469223.0,27022392.0,206.0,2986370.0,2083666.0,902705.0,3118396.0
Swaziland,30,1738319.0,469223.0,420922.0,23455.0,10654.0,2009,0.0,0.0,0.0,10355.0,0.0,231.0,29.0,2.0,28.0,469223.0,27022392.0,206.0,2986370.0,2083666.0,902705.0,7639860.0
Swaziland,30,1738319.0,469223.0,420922.0,23455.0,6659.0,2010,0.0,0.0,0.0,5780.0,0.0,762.0,55.0,4.0,41.0,469223.0,27022392.0,206.0,2986370.0,2083666.0,902705.0,4250070.0
Swaziland,30,1738319.0,469223.0,420922.0,23455.0,2622.0,2011,0.0,0.0,0.0,2168.0,0.0,398.0,27.0,0.0,13.0,469223.0,27022392.0,206.0,2986370.0,2083666.0,902705.0,1537521.0
Swaziland,30,1738319.0,469223.0,420922.0,23455.0,3526.0,2012,0.0,0.0,0.0,3258.0,0.0,204.0,11.0,1.0,37.0,469223.0,27022392.0,206.0,2986370.0,2083666.0,902705.0,2171284.0
Swaziland,30,1738319.0,469223.0,420922.0,23455.0,3126.0,2013,0.0,0.0,0.0,2708.0,0.0,302.0,26.0,4.0,55.0,469223.0,27022392.0,206.0,2986370.0,2083666.0,902705.0,1723526.0
Swaziland,30,1738319.0,469223.0,420922.0,23455.0,4960.0,2014,0.0,0.0,0.0,4192.0,1.0,471.0,85.0,3.0,170.0,469223.0,27022392.0,206.0,2986370.0,2083666.0,902705.0,3050929.0
Swaziland,30,1738319.0,469223.0,420922.0,23455.0,3217.0,2015,0.0,0.0,4.0,2669.0,1.0,384.0,32.0,14.0,97.0,469223.0,27022392.0,206.0,2986370.0,2083666.0,902705.0,2328608.0
Swaziland,30,1738319.0,469223.0,420922.0,23455.0,4802.0,2016,0.0,0.0,1.0,4224.0,0.0,343.0,39.0,12.0,166.0,469223.0,27022392.0,206.0,2986370.0,2083666.0,902705.0,3458311.0
Swaziland,30,1738319.0,469223.0,420922.0,23455.0,6376.0,2017,0.0,0.0,5.0,4696.0,0.0,745.0,103.0,23.0,758.0,469223.0,27022392.0,206.0,2986370.0,2083666.0,902705.0,3977929.0
Swaziland,30,1738319.0,469223.0,420922.0,23455.0,1920.0,2018,0.0,0.0,1.0,1669.0,0.0,161.0,35.0,3.0,41.0,469223.0,27022392.0,206.0,2986370.0,2083666.0,902705.0,1361643.0
Swaziland,30,1738319.0,469223.0,420922.0,23455.0,4116.0,2019,0.0,0.0,3.0,3189.0,1.0,465.0,50.0,2.0,389.0,469223.0,27022392.0,206.0,2986370.0,2083666.0,902705.0,2378270.0
Swaziland,30,1738319.0,469223.0,420922.0,23455.0,2684.0,2020,0.0,0.0,5.0,2244.0,0.0,344.0,24.0,6.0,47.0,469223.0,27022392.0,206.0,2986370.0,2083666.0,902705.0,1722604.0
Swaziland,30,1738319.0,469223.0,420922.0,23455.0,3160.0,2021,0.0,0.0,0.0,2332.0,0.0,703.0,34.0,7.0,58.0,469223.0,27022392.0,206.0,2986370.0,2083666.0,902705.0,2317967.0
Swaziland,30,1738319.0,469223.0,420922.0,23455.0,1938.0,2022,0.0,0.0,9.0,1485.0,0.0,382.0,18.0,3.0,30.0,469223.0,27022392.0,206.0,2986370.0,2083666.0,902705.0,1489252.0
Swaziland,30,1738319.0,469223.0,420922.0,23455.0,2034.0,2023,0.0,0.0,2.0,1388.0,0.0,275.0,27.0,1.0,333.0,469223.0,27022392.0,206.0,2986370.0,2083666.0,902705.0,1300559.0
Swaziland,30,1738319.0,469223.0,420922.0,23455.0,2428.0,2024,0.0,0.0,4.0,1343.0,2.0,386.0,36.0,31.0,619.0,469223.0,27022392.0,206.0,2986370.0,2083666.0,902705.0,1431679.0
Sweden,30,45004552.0,27883711.0,29064873.0,1671285.0,144927.0,2001,0.0,0.0,186.0,142899.0,20.0,253.0,916.0,0.0,300.0,27883711.0,891007212.0,161.0,65515636.0,135830646.0,-70315010.0,27716825.0
Sweden,30,45004552.0,27883711.0,29064873.0,1671285.0,178263.0,2002,0.0,0.0,257.0,175615.0,7.0,110.0,1315.0,0.0,538.0,27883711.0,891007212.0,161.0,65515636.0,135830646.0,-70315010.0,34541088.0
Sweden,30,45004552.0,27883711.0,29064873.0,1671285.0,92619.0,2003,0.0,0.0,182.0,91221.0,2.0,110.0,692.0,0.0,298.0,27883711.0,891007212.0,161.0,65515636.0,135830646.0,-70315010.0,18866939.0
Sweden,30,45004552.0,27883711.0,29064873.0,1671285.0,271564.0,2004,0.0,0.0,376.0,267615.0,17.0,211.0,1989.0,0.0,1080.0,27883711.0,891007212.0,161.0,65515636.0,135830646.0,-70315010.0,55937719.0
Sweden,30,45004552.0,27883711.0,29064873.0,1671285.0,248561.0,2005,0.0,0.0,309.0,245394.0,5.0,150.0,1937.0,0.0,512.0,27883711.0,891007212.0,161.0,65515636.0,135830646.0,-70315010.0,54431192.0
Sweden,30,45004552.0,27883711.0,29064873.0,1671285.0,249126.0,2006,0.0,0.0,293.0,244173.0,25.0,226.0,2740.0,0.0,1326.0,27883711.0,891007212.0,161.0,65515636.0,135830646.0,-70315010.0,54299661.0
Sweden,30,45004552.0,27883711.0,29064873.0,1671285.0,182858.0,2007,0.0,0.0,242.0,179276.0,6.0,156.0,1872.0,0.0,1157.0,27883711.0,891007212.0,161.0,65515636.0,135830646.0,-70315010.0,41207961.0
Sweden,30,45004552.0,27883711.0,29064873.0,1671285.0,293724.0,2008,0.0,0.0,757.0,287314.0,30.0,291.0,3280.0,0.0,1708.0,27883711.0,891007212.0,161.0,65515636.0,135830646.0,-70315010.0,67200839.0
Sweden,30,45004552.0,27883711.0,29064873.0,1671285.0,208258.0,2009,0.0,0.0,379.0,204577.0,16.0,334.0,1724.0,0.0,1052.0,27883711.0,891007212.0,161.0,65515636.0,135830646.0,-70315010.0,49709531.0
Sweden,30,45004552.0,27883711.0,29064873.0,1671285.0,263646.0,2010,0.0,0.0,605.0,259370.0,12.0,365.0,2284.0,0.0,653.0,27883711.0,891007212.0,161.0,65515636.0,135830646.0,-70315010.0,62434497.0
Sweden,30,45004552.0,27883711.0,29064873.0,1671285.0,205321.0,2011,0.0,0.0,398.0,202549.0,24.0,218.0,1640.0,0.0,218.0,27883711.0,891007212.0,161.0,65515636.0,135830646.0,-70315010.0,51676867.0
Sweden,30,45004552.0,27883711.0,29064873.0,1671285.0,234882.0,2012,0.0,0.0,712.0,230182.0,25.0,310.0,2291.0,0.0,593.0,27883711.0,891007212.0,161.0,65515636.0,135830646.0,-70315010.0,58598396.0
Sweden,30,45004552.0,27883711.0,29064873.0,1671285.0,197658.0,2013,0.0,0.0,309.0,194809.0,20.0,217.0,1290.0,0.0,494.0,27883711.0,891007212.0,161.0,65515636.0,135830646.0,-70315010.0,49557256.0
Sweden,30,45004552.0,27883711.0,29064873.0,1671285.0,242523.0,2014,0.0,0.0,355.0,231033.0,16.0,135.0,1543.0,0.0,9017.0,27883711.0,891007212.0,161.0,65515636.0,135830646.0,-70315010.0,61127424.0
Sweden,30,45004552.0,27883711.0,29064873.0,1671285.0,216030.0,2015,0.0,0.0,488.0,212724.0,3.0,165.0,1454.0,0.0,1018.0,27883711.0,891007212.0,161.0,65515636.0,135830646.0,-70315010.0,56432378.0
Sweden,30,45004552.0,27883711.0,29064873.0,1671285.0,310349.0,2016,0.0,0.0,621.0,305560.0,9.0,219.0,2679.0,0.0,1059.0,27883711.0,891007212.0,161.0,65515636.0,135830646.0,-70315010.0,82009016.0
Sweden,30,45004552.0,27883711.0,29064873.0,1671285.0,331218.0,2017,0.0,0.0,797.0,326129.0,34.0,253.0,3018.0,0.0,552.0,27883711.0,891007212.0,161.0,65515636.0,135830646.0,-70315010.0,89263754.0
Sweden,30,45004552.0,27883711.0,29064873.0,1671285.0,290152.0,2018,0.0,0.0,1256.0,283297.0,18.0,174.0,1985.0,0.0,3278.0,27883711.0,891007212.0,161.0,65515636.0,135830646.0,-70315010.0,79388795.0
Sweden,30,45004552.0,27883711.0,29064873.0,1671285.0,332890.0,2019,0.0,0.0,1162.0,324824.0,62.0,122.0,2114.0,0.0,4451.0,27883711.0,891007212.0,161.0,65515636.0,135830646.0,-70315010.0,93099561.0
Sweden,30,45004552.0,27883711.0,29064873.0,1671285.0,339968.0,2020,0.0,0.0,1566.0,335284.0,45.0,98.0,2309.0,0.0,514.0,27883711.0,891007212.0,161.0,65515636.0,135830646.0,-70315010.0,97195334.0
Sweden,30,45004552.0,27883711.0,29064873.0,1671285.0,333157.0,2021,0.0,0.0,633.0,330018.0,99.0,143.0,1893.0,0.0,256.0,27883711.0,891007212.0,161.0,65515636.0,135830646.0,-70315010.0,97594983.0
Sweden,30,45004552.0,27883711.0,29064873.0,1671285.0,329903.0,2022,0.0,0.0,528.0,327030.0,27.0,99.0,1830.0,0.0,258.0,27883711.0,891007212.0,161.0,65515636.0,135830646.0,-70315010.0,98416736.0
Sweden,30,45004552.0,27883711.0,29064873.0,1671285.0,313927.0,2023,0.0,0.0,590.0,311284.0,118.0,98.0,1519.0,0.0,267.0,27883711.0,891007212.0,161.0,65515636.0,135830646.0,-70315010.0,95079774.0
Sweden,30,45004552.0,27883711.0,29064873.0,1671285.0,315358.0,2024,0.0,0.0,343.0,313191.0,251.0,63.0,1301.0,0.0,152.0,27883711.0,891007212.0,161.0,65515636.0,135830646.0,-70315010.0,96588766.0
Switzerland,30,4123525.0,1543999.0,1554048.0,15072.0,1164.0,2001,0.0,0.0,2.0,993.0,22.0,4.0,47.0,0.0,1.0,1543999.0,126744276.0,383.0,1220216.0,11172361.0,-9952148.0,545663.0
Switzerland,30,4123525.0,1543999.0,1554048.0,15072.0,881.0,2002,0.0,0.0,3.0,751.0,23.0,7.0,39.0,0.0,9.0,1543999.0,126744276.0,383.0,1220216.0,11172361.0,-9952148.0,414509.0
Switzerland,30,4123525.0,1543999.0,1554048.0,15072.0,431.0,2003,0.0,0.0,7.0,329.0,19.0,12.0,32.0,0.0,2.0,1543999.0,126744276.0,383.0,1220216.0,11172361.0,-9952148.0,200082.0
Switzerland,30,4123525.0,1543999.0,1554048.0,15072.0,3826.0,2004,0.0,0.0,9.0,3174.0,83.0,26.0,133.0,0.0,230.0,1543999.0,126744276.0,383.0,1220216.0,11172361.0,-9952148.0,1751803.0
Switzerland,30,4123525.0,1543999.0,1554048.0,15072.0,2319.0,2005,0.0,0.0,8.0,2079.0,32.0,7.0,98.0,0.0,0.0,1543999.0,126744276.0,383.0,1220216.0,11172361.0,-9952148.0,1198961.0
Switzerland,30,4123525.0,1543999.0,1554048.0,15072.0,2050.0,2006,0.0,0.0,8.0,1736.0,51.0,13.0,160.0,0.0,0.0,1543999.0,126744276.0,383.0,1220216.0,11172361.0,-9952148.0,1052208.0
Switzerland,30,4123525.0,1543999.0,1554048.0,15072.0,1852.0,2007,0.0,0.0,10.0,1599.0,41.0,17.0,98.0,0.0,7.0,1543999.0,126744276.0,383.0,1220216.0,11172361.0,-9952148.0,950224.0
Switzerland,30,4123525.0,1543999.0,1554048.0,15072.0,2417.0,2008,0.0,0.0,10.0,2103.0,57.0,18.0,129.0,0.0,0.0,1543999.0,126744276.0,383.0,1220216.0,11172361.0,-9952148.0,1234321.0
Switzerland,30,4123525.0,1543999.0,1554048.0,15072.0,2274.0,2009,0.0,0.0,12.0,1943.0,68.0,14.0,136.0,0.0,1.0,1543999.0,126744276.0,383.0,1220216.0,11172361.0,-9952148.0,1159443.0
Switzerland,30,4123525.0,1543999.0,1554048.0,15072.0,1738.0,2010,0.0,0.0,3.0,1415.0,77.0,18.0,128.0,0.0,3.0,1543999.0,126744276.0,383.0,1220216.0,11172361.0,-9952148.0,911051.0
Switzerland,30,4123525.0,1543999.0,1554048.0,15072.0,1940.0,2011,0.0,0.0,5.0,1668.0,47.0,18.0,80.0,0.0,40.0,1543999.0,126744276.0,383.0,1220216.0,11172361.0,-9952148.0,1069616.0
Switzerland,30,4123525.0,1543999.0,1554048.0,15072.0,1517.0,2012,0.0,0.0,3.0,1243.0,60.0,18.0,101.0,0.0,3.0,1543999.0,126744276.0,383.0,1220216.0,11172361.0,-9952148.0,826214.0
Switzerland,30,4123525.0,1543999.0,1554048.0,15072.0,792.0,2013,0.0,0.0,8.0,618.0,45.0,13.0,58.0,0.0,0.0,1543999.0,126744276.0,383.0,1220216.0,11172361.0,-9952148.0,409521.0
Switzerland,30,4123525.0,1543999.0,1554048.0,15072.0,1502.0,2014,0.0,0.0,13.0,1235.0,79.0,12.0,73.0,0.0,1.0,1543999.0,126744276.0,383.0,1220216.0,11172361.0,-9952148.0,789110.0
Switzerland,30,4123525.0,1543999.0,1554048.0,15072.0,772.0,2015,0.0,0.0,7.0,665.0,23.0,8.0,41.0,0.0,0.0,1543999.0,126744276.0,383.0,1220216.0,11172361.0,-9952148.0,418907.0
Switzerland,30,4123525.0,1543999.0,1554048.0,15072.0,1678.0,2016,0.0,0.0,12.0,1416.0,82.0,14.0,102.0,0.0,0.0,1543999.0,126744276.0,383.0,1220216.0,11172361.0,-9952148.0,921379.0
Switzerland,30,4123525.0,1543999.0,1554048.0,15072.0,2542.0,2017,0.0,0.0,7.0,2099.0,172.0,22.0,118.0,0.0,3.0,1543999.0,126744276.0,383.0,1220216.0,11172361.0,-9952148.0,1407144.0
Switzerland,30,4123525.0,1543999.0,1554048.0,15072.0,3134.0,2018,0.0,0.0,8.0,2716.0,186.0,15.0,143.0,0.0,6.0,1543999.0,126744276.0,383.0,1220216.0,11172361.0,-9952148.0,1806993.0
Switzerland,30,4123525.0,1543999.0,1554048.0,15072.0,3518.0,2019,0.0,0.0,14.0,2843.0,390.0,20.0,184.0,0.0,1.0,1543999.0,126744276.0,383.0,1220216.0,11172361.0,-9952148.0,1951944.0
Switzerland,30,4123525.0,1543999.0,1554048.0,15072.0,3927.0,2020,0.0,0.0,6.0,3539.0,157.0,7.0,148.0,0.0,1.0,1543999.0,126744276.0,383.0,1220216.0,11172361.0,-9952148.0,2433595.0
Switzerland,30,4123525.0,1543999.0,1554048.0,15072.0,3455.0,2021,0.0,0.0,6.0,3111.0,166.0,3.0,84.0,0.0,7.0,1543999.0,126744276.0,383.0,1220216.0,11172361.0,-9952148.0,2100877.0
Switzerland,30,4123525.0,1543999.0,1554048.0,15072.0,1975.0,2022,0.0,0.0,4.0,1795.0,50.0,2.0,70.0,0.0,8.0,1543999.0,126744276.0,383.0,1220216.0,11172361.0,-9952148.0,1218934.0
Switzerland,30,4123525.0,1543999.0,1554048.0,15072.0,3120.0,2023,0.0,0.0,7.0,2750.0,172.0,4.0,114.0,0.0,25.0,1543999.0,126744276.0,383.0,1220216.0,11172361.0,-9952148.0,1900206.0
Switzerland,30,4123525.0,1543999.0,1554048.0,15072.0,4212.0,2024,0.0,0.0,8.0,3553.0,349.0,5.0,203.0,0.0,10.0,1543999.0,126744276.0,383.0,1220216.0,11172361.0,-9952148.0,2612476.0
Syria,30,18691925.0,105940.0,116470.0,5711.0,267.0,2001,0.0,0.0,0.0,23.0,0.0,59.0,4.0,0.0,138.0,105940.0,5472811.0,201.0,286065.0,387788.0,-101723.0,66266.0
Syria,30,18691925.0,105940.0,116470.0,5711.0,147.0,2002,0.0,0.0,0.0,4.0,0.0,27.0,7.0,0.0,100.0,105940.0,5472811.0,201.0,286065.0,387788.0,-101723.0,40971.0
Syria,30,18691925.0,105940.0,116470.0,5711.0,114.0,2003,0.0,0.0,0.0,6.0,0.0,17.0,1.0,0.0,80.0,105940.0,5472811.0,201.0,286065.0,387788.0,-101723.0,30096.0
Syria,30,18691925.0,105940.0,116470.0,5711.0,106.0,2004,0.0,0.0,1.0,14.0,0.0,15.0,0.0,0.0,68.0,105940.0,5472811.0,201.0,286065.0,387788.0,-101723.0,28098.0
Syria,30,18691925.0,105940.0,116470.0,5711.0,792.0,2005,0.0,0.0,3.0,11.0,0.0,35.0,3.0,0.0,726.0,105940.0,5472811.0,201.0,286065.0,387788.0,-101723.0,175654.0
Syria,30,18691925.0,105940.0,116470.0,5711.0,282.0,2006,0.0,0.0,0.0,4.0,0.0,13.0,4.0,0.0,252.0,105940.0,5472811.0,201.0,286065.0,387788.0,-101723.0,57661.0
Syria,30,18691925.0,105940.0,116470.0,5711.0,1577.0,2007,0.0,0.0,0.0,10.0,1.0,39.0,5.0,0.0,1509.0,105940.0,5472811.0,201.0,286065.0,387788.0,-101723.0,294138.0
Syria,30,18691925.0,105940.0,116470.0,5711.0,834.0,2008,0.0,0.0,0.0,12.0,1.0,27.0,6.0,0.0,775.0,105940.0,5472811.0,201.0,286065.0,387788.0,-101723.0,181054.0
Syria,30,18691925.0,105940.0,116470.0,5711.0,130.0,2009,0.0,0.0,1.0,5.0,0.0,24.0,3.0,0.0,80.0,105940.0,5472811.0,201.0,286065.0,387788.0,-101723.0,34493.0
Syria,30,18691925.0,105940.0,116470.0,5711.0,240.0,2010,0.0,0.0,0.0,2.0,4.0,18.0,2.0,0.0,205.0,105940.0,5472811.0,201.0,286065.0,387788.0,-101723.0,52212.0
Syria,30,18691925.0,105940.0,116470.0,5711.0,156.0,2011,0.0,0.0,0.0,1.0,0.0,22.0,0.0,0.0,124.0,105940.0,5472811.0,201.0,286065.0,387788.0,-101723.0,46721.0
Syria,30,18691925.0,105940.0,116470.0,5711.0,5371.0,2012,0.0,0.0,0.0,14.0,0.0,57.0,4.0,0.0,5281.0,105940.0,5472811.0,201.0,286065.0,387788.0,-101723.0,1017338.0
Syria,30,18691925.0,105940.0,116470.0,5711.0,1270.0,2013,0.0,0.0,1.0,46.0,0.0,39.0,2.0,0.0,1173.0,105940.0,5472811.0,201.0,286065.0,387788.0,-101723.0,266899.0
Syria,30,18691925.0,105940.0,116470.0,5711.0,959.0,2014,0.0,0.0,3.0,31.0,3.0,50.0,7.0,0.0,856.0,105940.0,5472811.0,201.0,286065.0,387788.0,-101723.0,230314.0
Syria,30,18691925.0,105940.0,116470.0,5711.0,2394.0,2015,0.0,0.0,18.0,178.0,0.0,46.0,27.0,0.0,2116.0,105940.0,5472811.0,201.0,286065.0,387788.0,-101723.0,612680.0
Syria,30,18691925.0,105940.0,116470.0,5711.0,1812.0,2016,0.0,0.0,2.0,86.0,0.0,47.0,5.0,0.0,1666.0,105940.0,5472811.0,201.0,286065.0,387788.0,-101723.0,419073.0
Syria,30,18691925.0,105940.0,116470.0,5711.0,2147.0,2017,0.0,0.0,6.0,208.0,0.0,64.0,8.0,0.0,1848.0,105940.0,5472811.0,201.0,286065.0,387788.0,-101723.0,544845.0
Syria,30,18691925.0,105940.0,116470.0,5711.0,903.0,2018,0.0,0.0,31.0,64.0,1.0,28.0,2.0,0.0,772.0,105940.0,5472811.0,201.0,286065.0,387788.0,-101723.0,253950.0
Syria,30,18691925.0,105940.0,116470.0,5711.0,1176.0,2019,0.0,0.0,2.0,112.0,0.0,26.0,1.0,0.0,1030.0,105940.0,5472811.0,201.0,286065.0,387788.0,-101723.0,307807.0
Syria,30,18691925.0,105940.0,116470.0,5711.0,3037.0,2020,0.0,0.0,30.0,96.0,0.0,34.0,5.0,0.0,2865.0,105940.0,5472811.0,201.0,286065.0,387788.0,-101723.0,638190.0
Syria,30,18691925.0,105940.0,116470.0,5711.0,2856.0,2021,0.0,0.0,5.0,72.0,0.0,30.0,1.0,0.0,2742.0,105940.0,5472811.0,201.0,286065.0,387788.0,-101723.0,688741.0
Syria,30,18691925.0,105940.0,116470.0,5711.0,457.0,2022,0.0,0.0,2.0,63.0,0.0,14.0,1.0,0.0,373.0,105940.0,5472811.0,201.0,286065.0,387788.0,-101723.0,141433.0
Syria,30,18691925.0,105940.0,116470.0,5711.0,2446.0,2023,0.0,0.0,1.0,59.0,0.0,10.0,2.0,0.0,2370.0,105940.0,5472811.0,201.0,286065.0,387788.0,-101723.0,479102.0
Syria,30,18691925.0,105940.0,116470.0,5711.0,987.0,2024,0.0,0.0,0.0,87.0,0.0,16.0,0.0,0.0,881.0,105940.0,5472811.0,201.0,286065.0,387788.0,-101723.0,257840.0
São Tomé And Príncipe,30,100218.0,14214.0,14214.0,0.0,77.0,2001,0.0,0.0,0.0,0.0,0.0,0.0,0.0,0.0,0.0,14214.0,1663717.0,117.0,1941.0,114873.0,-112932.0,46577.0
São Tomé And Príncipe,30,100218.0,14214.0,14214.0,0.0,0.0,2002,0.0,0.0,0.0,0.0,0.0,0.0,0.0,0.0,0.0,14214.0,1663717.0,117.0,1941.0,114873.0,-112932.0,0.0
São Tomé And Príncipe,30,100218.0,14214.0,14214.0,0.0,0.0,2003,0.0,0.0,0.0,0.0,0.0,0.0,0.0,0.0,0.0,14214.0,1663717.0,117.0,1941.0,114873.0,-112932.0,0.0
São Tomé And Príncipe,30,100218.0,14214.0,14214.0,0.0,0.0,2004,0.0,0.0,0.0,0.0,0.0,0.0,0.0,0.0,0.0,14214.0,1663717.0,117.0,1941.0,114873.0,-112932.0,0.0
São Tomé And Príncipe,30,100218.0,14214.0,14214.0,0.0,0.0,2005,0.0,0.0,0.0,0.0,0.0,0.0,0.0,0.0,0.0,14214.0,1663717.0,117.0,1941.0,114873.0,-112932.0,0.0
São Tomé And Príncipe,30,100218.0,14214.0,14214.0,0.0,0.0,2006,0.0,0.0,0.0,0.0,0.0,0.0,0.0,0.0,0.0,14214.0,1663717.0,117.0,1941.0,114873.0,-112932.0,0.0
São Tomé And Príncipe,30,100218.0,14214.0,14214.0,0.0,0.0,2007,0.0,0.0,0.0,0.0,0.0,0.0,0.0,0.0,0.0,14214.0,1663717.0,117.0,1941.0,114873.0,-112932.0,0.0
São Tomé And Príncipe,30,100218.0,14214.0,14214.0,0.0,0.0,2008,0.0,0.0,0.0,0.0,0.0,0.0,0.0,0.0,0.0,14214.0,1663717.0,117.0,1941.0,114873.0,-112932.0,0.0
São Tomé And Príncipe,30,100218.0,14214.0,14214.0,0.0,0.0,2009,0.0,0.0,0.0,0.0,0.0,0.0,0.0,0.0,0.0,14214.0,1663717.0,117.0,1941.0,114873.0,-112932.0,0.0
São Tomé And Príncipe,30,100218.0,14214.0,14214.0,0.0,0.0,2010,0.0,0.0,0.0,0.0,0.0,0.0,0.0,0.0,0.0,14214.0,1663717.0,117.0,1941.0,114873.0,-112932.0,0.0
São Tomé And Príncipe,30,100218.0,14214.0,14214.0,0.0,0.0,2011,0.0,0.0,0.0,0.0,0.0,0.0,0.0,0.0,0.0,14214.0,1663717.0,117.0,1941.0,114873.0,-112932.0,0.0
São Tomé And Príncipe,30,100218.0,14214.0,14214.0,0.0,0.0,2012,0.0,0.0,0.0,0.0,0.0,0.0,0.0,0.0,0.0,14214.0,1663717.0,117.0,1941.0,114873.0,-112932.0,0.0
São Tomé And Príncipe,30,100218.0,14214.0,14214.0,0.0,0.0,2013,0.0,0.0,0.0,0.0,0.0,0.0,0.0,0.0,0.0,14214.0,1663717.0,117.0,1941.0,114873.0,-112932.0,0.0
São Tomé And Príncipe,30,100218.0,14214.0,14214.0,0.0,0.0,2014,0.0,0.0,0.0,0.0,0.0,0.0,0.0,0.0,0.0,14214.0,1663717.0,117.0,1941.0,114873.0,-112932.0,0.0
São Tomé And Príncipe,30,100218.0,14214.0,14214.0,0.0,0.0,2015,0.0,0.0,0.0,0.0,0.0,0.0,0.0,0.0,0.0,14214.0,1663717.0,117.0,1941.0,114873.0,-112932.0,0.0
São Tomé And Príncipe,30,100218.0,14214.0,14214.0,0.0,0.0,2016,0.0,0.0,0.0,0.0,0.0,0.0,0.0,0.0,0.0,14214.0,1663717.0,117.0,1941.0,114873.0,-112932.0,0.0
São Tomé And Príncipe,30,100218.0,14214.0,14214.0,0.0,0.0,2017,0.0,0.0,0.0,0.0,0.0,0.0,0.0,0.0,0.0,14214.0,1663717.0,117.0,1941.0,114873.0,-112932.0,0.0
São Tomé And Príncipe,30,100218.0,14214.0,14214.0,0.0,0.0,2018,0.0,0.0,0.0,0.0,0.0,0.0,0.0,0.0,0.0,14214.0,1663717.0,117.0,1941.0,114873.0,-112932.0,0.0
São Tomé And Príncipe,30,100218.0,14214.0,14214.0,0.0,0.0,2019,0.0,0.0,0.0,0.0,0.0,0.0,0.0,0.0,0.0,14214.0,1663717.0,117.0,1941.0,114873.0,-112932.0,0.0
São Tomé And Príncipe,30,100218.0,14214.0,14214.0,0.0,0.0,2020,0.0,0.0,0.0,0.0,0.0,0.0,0.0,0.0,0.0,14214.0,1663717.0,117.0,1941.0,114873.0,-112932.0,0.0
São Tomé And Príncipe,30,100218.0,14214.0,14214.0,0.0,0.0,2021,0.0,0.0,0.0,0.0,0.0,0.0,0.0,0.0,0.0,14214.0,1663717.0,117.0,1941.0,114873.0,-112932.0,0.0
São Tomé And Príncipe,30,100218.0,14214.0,14214.0,0.0,0.0,2022,0.0,0.0,0.0,0.0,0.0,0.0,0.0,0.0,0.0,14214.0,1663717.0,117.0,1941.0,114873.0,-112932.0,0.0
São Tomé And Príncipe,30,100218.0,14214.0,14214.0,0.0,0.0,2023,0.0,0.0,0.0,0.0,0.0,0.0,0.0,0.0,0.0,14214.0,1663717.0,117.0,1941.0,114873.0,-112932.0,0.0
São Tomé And Príncipe,30,100218.0,14214.0,14214.0,0.0,0.0,2024,0.0,0.0,0.0,0.0,0.0,0.0,0.0,0.0,0.0,14214.0,1663717.0,117.0,1941.0,114873.0,-112932.0,0.0
S√£O Tom√© And Pr√≠Ncipe,30,0.0,0.0,0.0,0.0,0.0,2001,0.0,0.0,0.0,0.0,63.0,0.0,0.0,0.0,0.0,0.0,0.0,0.0,0.0,0.0,0.0,0.0
Tajikistan,30,14211316.0,60257.0,31673.0,19712.0,62.0,2001,0.0,0.0,0.0,3.0,5.0,13.0,0.0,0.0,0.0,60257.0,2954519.0,142.0,4132.0,356910.0,-352778.0,16209.0
Tajikistan,30,14211316.0,60257.0,31673.0,19712.0,36.0,2002,0.0,0.0,0.0,3.0,5.0,9.0,1.0,0.0,0.0,60257.0,2954519.0,142.0,4132.0,356910.0,-352778.0,10701.0
Tajikistan,30,14211316.0,60257.0,31673.0,19712.0,32.0,2003,0.0,0.0,0.0,7.0,7.0,4.0,2.0,0.0,0.0,60257.0,2954519.0,142.0,4132.0,356910.0,-352778.0,9038.0
Tajikistan,30,14211316.0,60257.0,31673.0,19712.0,20.0,2004,0.0,0.0,0.0,1.0,3.0,3.0,0.0,0.0,0.0,60257.0,2954519.0,142.0,4132.0,356910.0,-352778.0,5405.0
Tajikistan,30,14211316.0,60257.0,31673.0,19712.0,29.0,2005,0.0,0.0,0.0,1.0,9.0,7.0,0.0,0.0,0.0,60257.0,2954519.0,142.0,4132.0,356910.0,-352778.0,8428.0
Tajikistan,30,14211316.0,60257.0,31673.0,19712.0,19.0,2006,0.0,0.0,0.0,1.0,2.0,4.0,2.0,0.0,0.0,60257.0,2954519.0,142.0,4132.0,356910.0,-352778.0,5558.0
Tajikistan,30,14211316.0,60257.0,31673.0,19712.0,14.0,2007,0.0,0.0,0.0,0.0,3.0,3.0,0.0,0.0,0.0,60257.0,2954519.0,142.0,4132.0,356910.0,-352778.0,3875.0
Tajikistan,30,14211316.0,60257.0,31673.0,19712.0,33.0,2008,0.0,0.0,0.0,1.0,7.0,7.0,0.0,0.0,0.0,60257.0,2954519.0,142.0,4132.0,356910.0,-352778.0,9586.0
Tajikistan,30,14211316.0,60257.0,31673.0,19712.0,34.0,2009,0.0,0.0,0.0,1.0,9.0,8.0,1.0,0.0,0.0,60257.0,2954519.0,142.0,4132.0,356910.0,-352778.0,10529.0
Tajikistan,30,14211316.0,60257.0,31673.0,19712.0,11.0,2010,0.0,0.0,0.0,1.0,3.0,1.0,0.0,0.0,0.0,60257.0,2954519.0,142.0,4132.0,356910.0,-352778.0,3338.0
Tajikistan,30,14211316.0,60257.0,31673.0,19712.0,20.0,2011,0.0,0.0,0.0,1.0,4.0,8.0,0.0,0.0,0.0,60257.0,2954519.0,142.0,4132.0,356910.0,-352778.0,5970.0
Tajikistan,30,14211316.0,60257.0,31673.0,19712.0,26.0,2012,0.0,0.0,0.0,3.0,7.0,2.0,0.0,0.0,0.0,60257.0,2954519.0,142.0,4132.0,356910.0,-352778.0,7471.0
Tajikistan,30,14211316.0,60257.0,31673.0,19712.0,1.0,2013,0.0,0.0,0.0,0.0,0.0,0.0,0.0,0.0,0.0,60257.0,2954519.0,142.0,4132.0,356910.0,-352778.0,418.0
Tajikistan,30,14211316.0,60257.0,31673.0,19712.0,1.0,2014,0.0,0.0,0.0,0.0,0.0,0.0,0.0,0.0,0.0,60257.0,2954519.0,142.0,4132.0,356910.0,-352778.0,222.0
Tajikistan,30,14211316.0,60257.0,31673.0,19712.0,0.0,2015,0.0,0.0,0.0,0.0,0.0,0.0,0.0,0.0,0.0,60257.0,2954519.0,142.0,4132.0,356910.0,-352778.0,0.0
Tajikistan,30,14211316.0,60257.0,31673.0,19712.0,0.0,2016,0.0,0.0,0.0,0.0,0.0,0.0,0.0,0.0,0.0,60257.0,2954519.0,142.0,4132.0,356910.0,-352778.0,0.0
Tajikistan,30,14211316.0,60257.0,31673.0,19712.0,0.0,2017,0.0,0.0,0.0,0.0,0.0,0.0,0.0,0.0,0.0,60257.0,2954519.0,142.0,4132.0,356910.0,-352778.0,28.0
Tajikistan,30,14211316.0,60257.0,31673.0,19712.0,0.0,2018,0.0,0.0,0.0,0.0,0.0,0.0,0.0,0.0,0.0,60257.0,2954519.0,142.0,4132.0,356910.0,-352778.0,19.0
Tajikistan,30,14211316.0,60257.0,31673.0,19712.0,0.0,2019,0.0,0.0,0.0,0.0,0.0,0.0,0.0,0.0,0.0,60257.0,2954519.0,142.0,4132.0,356910.0,-352778.0,24.0
Tajikistan,30,14211316.0,60257.0,31673.0,19712.0,0.0,2020,0.0,0.0,0.0,0.0,0.0,0.0,0.0,0.0,0.0,60257.0,2954519.0,142.0,4132.0,356910.0,-352778.0,127.0
Tajikistan,30,14211316.0,60257.0,31673.0,19712.0,0.0,2021,0.0,0.0,0.0,0.0,0.0,0.0,0.0,0.0,0.0,60257.0,2954519.0,142.0,4132.0,356910.0,-352778.0,11.0
Tajikistan,30,14211316.0,60257.0,31673.0,19712.0,0.0,2022,0.0,0.0,0.0,0.0,0.0,0.0,0.0,0.0,0.0,60257.0,2954519.0,142.0,4132.0,356910.0,-352778.0,23.0
Tajikistan,30,14211316.0,60257.0,31673.0,19712.0,15.0,2023,0.0,0.0,0.0,0.0,0.0,0.0,0.0,0.0,13.0,60257.0,2954519.0,142.0,4132.0,356910.0,-352778.0,1990.0
Tajikistan,30,14211316.0,60257.0,31673.0,19712.0,0.0,2024,0.0,0.0,0.0,0.0,0.0,0.0,0.0,0.0,0.0,60257.0,2954519.0,142.0,4132.0,356910.0,-352778.0,178.0
Tanzania,30,94052972.0,26405606.0,24703253.0,557201.0,82215.0,2001,0.0,0.0,68.0,4739.0,553.0,65359.0,1108.0,9008.0,89.0,26405606.0,1586605029.0,400.0,51776042.0,76864864.0,-25088821.0,30464022.0
Tanzania,30,94052972.0,26405606.0,24703253.0,557201.0,85080.0,2002,743477.0,843.0,75.0,4676.0,514.0,66706.0,897.0,11344.0,70.0,26405606.0,1586605029.0,400.0,51776042.0,76864864.0,-25088821.0,29459830.0
Tanzania,30,94052972.0,26405606.0,24703253.0,557201.0,84067.0,2003,743477.0,726.0,98.0,3977.0,662.0,68120.0,1554.0,8532.0,93.0,26405606.0,1586605029.0,400.0,51776042.0,76864864.0,-25088821.0,28046074.0
Tanzania,30,94052972.0,26405606.0,24703253.0,557201.0,66893.0,2004,743477.0,724.0,180.0,2171.0,332.0,54193.0,1745.0,7707.0,37.0,26405606.0,1586605029.0,400.0,51776042.0,76864864.0,-25088821.0,21848381.0
Tanzania,30,94052972.0,26405606.0,24703253.0,557201.0,91584.0,2005,743477.0,751.0,255.0,4793.0,525.0,74677.0,1633.0,8565.0,79.0,26405606.0,1586605029.0,400.0,51776042.0,76864864.0,-25088821.0,30385512.0
Tanzania,30,94052972.0,26405606.0,24703253.0,557201.0,85294.0,2006,743477.0,738.0,95.0,1525.0,416.0,72484.0,3113.0,6965.0,70.0,26405606.0,1586605029.0,400.0,51776042.0,76864864.0,-25088821.0,26918262.0
Tanzania,30,94052972.0,26405606.0,24703253.0,557201.0,121682.0,2007,743477.0,917.0,147.0,6825.0,462.0,103911.0,1055.0,8119.0,83.0,26405606.0,1586605029.0,400.0,51776042.0,76864864.0,-25088821.0,40811434.0
Tanzania,30,94052972.0,26405606.0,24703253.0,557201.0,164249.0,2008,743477.0,1056.0,204.0,4413.0,556.0,143454.0,3299.0,11588.0,47.0,26405606.0,1586605029.0,400.0,51776042.0,76864864.0,-25088821.0,53623451.0
Tanzania,30,94052972.0,26405606.0,24703253.0,557201.0,143353.0,2009,743477.0,937.0,157.0,3609.0,421.0,127499.0,1681.0,9102.0,58.0,26405606.0,1586605029.0,400.0,51776042.0,76864864.0,-25088821.0,47350384.0
Tanzania,30,94052972.0,26405606.0,24703253.0,557201.0,138481.0,2010,743477.0,1086.0,176.0,4217.0,818.0,119310.0,2995.0,9922.0,100.0,26405606.0,1586605029.0,400.0,51776042.0,76864864.0,-25088821.0,48452888.0
Tanzania,30,94052972.0,26405606.0,24703253.0,557201.0,137797.0,2011,743477.0,802.0,169.0,5994.0,675.0,120570.0,2065.0,7549.0,73.0,26405606.0,1586605029.0,400.0,51776042.0,76864864.0,-25088821.0,47775829.0
Tanzania,30,94052972.0,26405606.0,24703253.0,557201.0,154429.0,2012,743477.0,1364.0,208.0,5026.0,693.0,129159.0,1796.0,16402.0,106.0,26405606.0,1586605029.0,400.0,51776042.0,76864864.0,-25088821.0,53402768.0
Tanzania,30,94052972.0,26405606.0,24703253.0,557201.0,181509.0,2013,743477.0,2629.0,228.0,6093.0,605.0,141099.0,1547.0,29991.0,360.0,26405606.0,1586605029.0,400.0,51776042.0,76864864.0,-25088821.0,61164915.0
Tanzania,30,94052972.0,26405606.0,24703253.0,557201.0,198220.0,2014,743477.0,3419.0,288.0,7410.0,887.0,157533.0,1275.0,29713.0,371.0,26405606.0,1586605029.0,400.0,51776042.0,76864864.0,-25088821.0,68599702.0
Tanzania,30,94052972.0,26405606.0,24703253.0,557201.0,111960.0,2015,743477.0,1519.0,343.0,4709.0,449.0,84850.0,649.0,20171.0,481.0,26405606.0,1586605029.0,400.0,51776042.0,76864864.0,-25088821.0,39271417.0
Tanzania,30,94052972.0,26405606.0,24703253.0,557201.0,152852.0,2016,743477.0,2227.0,283.0,6547.0,592.0,127124.0,890.0,17061.0,183.0,26405606.0,1586605029.0,400.0,51776042.0,76864864.0,-25088821.0,54340533.0
Tanzania,30,94052972.0,26405606.0,24703253.0,557201.0,194869.0,2017,743477.0,2204.0,264.0,7253.0,816.0,161073.0,1316.0,23597.0,379.0,26405606.0,1586605029.0,400.0,51776042.0,76864864.0,-25088821.0,69627982.0
Tanzania,30,94052972.0,26405606.0,24703253.0,557201.0,171704.0,2018,743477.0,2263.0,229.0,8267.0,431.0,145138.0,974.0,16307.0,221.0,26405606.0,1586605029.0,400.0,51776042.0,76864864.0,-25088821.0,60818654.0
Tanzania,30,94052972.0,26405606.0,24703253.0,557201.0,142771.0,2019,743477.0,2668.0,208.0,7136.0,385.0,119379.0,692.0,14761.0,117.0,26405606.0,1586605029.0,400.0,51776042.0,76864864.0,-25088821.0,51708241.0
Tanzania,30,94052972.0,26405606.0,24703253.0,557201.0,186208.0,2020,743477.0,3466.0,455.0,10114.0,987.0,156841.0,861.0,16150.0,604.0,26405606.0,1586605029.0,400.0,51776042.0,76864864.0,-25088821.0,69947244.0
Tanzania,30,94052972.0,26405606.0,24703253.0,557201.0,165068.0,2021,743477.0,1926.0,392.0,8582.0,668.0,137823.0,596.0,16068.0,817.0,26405606.0,1586605029.0,400.0,51776042.0,76864864.0,-25088821.0,65334728.0
Tanzania,30,94052972.0,26405606.0,24703253.0,557201.0,160657.0,2022,743477.0,1756.0,301.0,7144.0,536.0,134386.0,521.0,17044.0,627.0,26405606.0,1586605029.0,400.0,51776042.0,76864864.0,-25088821.0,63981138.0
Tanzania,30,94052972.0,26405606.0,24703253.0,557201.0,229026.0,2023,743477.0,3219.0,3970.0,8044.0,538.0,190479.0,651.0,24487.0,765.0,26405606.0,1586605029.0,400.0,51776042.0,76864864.0,-25088821.0,90072903.0
Tanzania,30,94052972.0,26405606.0,24703253.0,557201.0,225766.0,2024,743477.0,3714.0,4119.0,8541.0,1369.0,177886.0,790.0,31146.0,1697.0,26405606.0,1586605029.0,400.0,51776042.0,76864864.0,-25088821.0,89218730.0
Thailand,30,51393934.0,19955449.0,19265636.0,1842303.0,36093.0,2001,0.0,0.0,125.0,269.0,129.0,32703.0,359.0,2001.0,8.0,19955449.0,2060674935.0,469.0,70714745.0,93513641.0,-22798896.0,19745119.0
Thailand,30,51393934.0,19955449.0,19265636.0,1842303.0,60880.0,2002,5966361.0,3855.0,202.0,326.0,185.0,55173.0,656.0,3704.0,23.0,19955449.0,2060674935.0,469.0,70714745.0,93513641.0,-22798896.0,33420707.0
Thailand,30,51393934.0,19955449.0,19265636.0,1842303.0,58436.0,2003,5966361.0,4241.0,162.0,464.0,116.0,52177.0,677.0,4272.0,40.0,19955449.0,2060674935.0,469.0,70714745.0,93513641.0,-22798896.0,31889084.0
Thailand,30,51393934.0,19955449.0,19265636.0,1842303.0,91801.0,2004,5966361.0,8018.0,244.0,596.0,207.0,82449.0,1121.0,6361.0,119.0,19955449.0,2060674935.0,469.0,70714745.0,93513641.0,-22798896.0,50345983.0
Thailand,30,51393934.0,19955449.0,19265636.0,1842303.0,84260.0,2005,5966361.0,10671.0,401.0,667.0,396.0,75103.0,1014.0,6031.0,12.0,19955449.0,2060674935.0,469.0,70714745.0,93513641.0,-22798896.0,47936056.0
Thailand,30,51393934.0,19955449.0,19265636.0,1842303.0,99800.0,2006,5966361.0,9544.0,669.0,951.0,162.0,89872.0,1503.0,6039.0,15.0,19955449.0,2060674935.0,469.0,70714745.0,93513641.0,-22798896.0,55307163.0
Thailand,30,51393934.0,19955449.0,19265636.0,1842303.0,92618.0,2007,5966361.0,11326.0,499.0,884.0,221.0,80978.0,1215.0,8220.0,91.0,19955449.0,2060674935.0,469.0,70714745.0,93513641.0,-22798896.0,51572011.0
Thailand,30,51393934.0,19955449.0,19265636.0,1842303.0,80119.0,2008,5966361.0,7807.0,310.0,533.0,161.0,72182.0,1088.0,5318.0,27.0,19955449.0,2060674935.0,469.0,70714745.0,93513641.0,-22798896.0,45892046.0
Thailand,30,51393934.0,19955449.0,19265636.0,1842303.0,132625.0,2009,5966361.0,13178.0,511.0,1058.0,281.0,118395.0,1801.0,9812.0,59.0,19955449.0,2060674935.0,469.0,70714745.0,93513641.0,-22798896.0,76164790.0
Thailand,30,51393934.0,19955449.0,19265636.0,1842303.0,134877.0,2010,5966361.0,12159.0,583.0,1142.0,330.0,120300.0,1737.0,9617.0,222.0,19955449.0,2060674935.0,469.0,70714745.0,93513641.0,-22798896.0,78751701.0
Thailand,30,51393934.0,19955449.0,19265636.0,1842303.0,94522.0,2011,5966361.0,8548.0,493.0,811.0,208.0,85026.0,1067.0,6073.0,27.0,19955449.0,2060674935.0,469.0,70714745.0,93513641.0,-22798896.0,53946402.0
Thailand,30,51393934.0,19955449.0,19265636.0,1842303.0,114479.0,2012,5966361.0,8069.0,446.0,1002.0,585.0,101550.0,1173.0,8376.0,50.0,19955449.0,2060674935.0,469.0,70714745.0,93513641.0,-22798896.0,64065250.0
Thailand,30,51393934.0,19955449.0,19265636.0,1842303.0,84739.0,2013,5966361.0,3964.0,242.0,818.0,88.0,67825.0,688.0,14547.0,24.0,19955449.0,2060674935.0,469.0,70714745.0,93513641.0,-22798896.0,50751594.0
Thailand,30,51393934.0,19955449.0,19265636.0,1842303.0,137592.0,2014,5966361.0,4636.0,386.0,552.0,116.0,115041.0,1310.0,19703.0,84.0,19955449.0,2060674935.0,469.0,70714745.0,93513641.0,-22798896.0,84774834.0
Thailand,30,51393934.0,19955449.0,19265636.0,1842303.0,120751.0,2015,5966361.0,2285.0,336.0,399.0,63.0,100706.0,860.0,17977.0,173.0,19955449.0,2060674935.0,469.0,70714745.0,93513641.0,-22798896.0,74918744.0
Thailand,30,51393934.0,19955449.0,19265636.0,1842303.0,171584.0,2016,5966361.0,4762.0,521.0,941.0,148.0,141404.0,1598.0,26146.0,554.0,19955449.0,2060674935.0,469.0,70714745.0,93513641.0,-22798896.0,106550579.0
Thailand,30,51393934.0,19955449.0,19265636.0,1842303.0,196352.0,2017,5966361.0,3660.0,629.0,858.0,219.0,171510.0,1614.0,21307.0,31.0,19955449.0,2060674935.0,469.0,70714745.0,93513641.0,-22798896.0,127926805.0
Thailand,30,51393934.0,19955449.0,19265636.0,1842303.0,133517.0,2018,5966361.0,1942.0,644.0,502.0,75.0,114941.0,1153.0,16119.0,12.0,19955449.0,2060674935.0,469.0,70714745.0,93513641.0,-22798896.0,88417208.0
Thailand,30,51393934.0,19955449.0,19265636.0,1842303.0,129770.0,2019,5966361.0,2603.0,473.0,543.0,79.0,109646.0,1205.0,17671.0,26.0,19955449.0,2060674935.0,469.0,70714745.0,93513641.0,-22798896.0,83822585.0
Thailand,30,51393934.0,19955449.0,19265636.0,1842303.0,119392.0,2020,5966361.0,3556.0,446.0,563.0,127.0,97391.0,1087.0,19517.0,87.0,19955449.0,2060674935.0,469.0,70714745.0,93513641.0,-22798896.0,78590912.0
Thailand,30,51393934.0,19955449.0,19265636.0,1842303.0,122794.0,2021,5966361.0,2903.0,494.0,355.0,61.0,104743.0,1061.0,15920.0,57.0,19955449.0,2060674935.0,469.0,70714745.0,93513641.0,-22798896.0,90065989.0
Thailand,30,51393934.0,19955449.0,19265636.0,1842303.0,110659.0,2022,5966361.0,3291.0,386.0,366.0,32.0,93954.0,910.0,14890.0,20.0,19955449.0,2060674935.0,469.0,70714745.0,93513641.0,-22798896.0,83646886.0
Thailand,30,51393934.0,19955449.0,19265636.0,1842303.0,141860.0,2023,5966361.0,4106.0,629.0,306.0,32.0,123273.0,1519.0,15992.0,32.0,19955449.0,2060674935.0,469.0,70714745.0,93513641.0,-22798896.0,108503234.0
Thailand,30,51393934.0,19955449.0,19265636.0,1842303.0,141657.0,2024,5966361.0,4019.0,372.0,319.0,59.0,124686.0,1361.0,14552.0,213.0,19955449.0,2060674935.0,469.0,70714745.0,93513641.0,-22798896.0,110148206.0
Timor-Leste,30,1491567.0,726235.0,692841.0,11134.0,677.0,2001,0.0,0.0,6.0,4.0,11.0,600.0,5.0,14.0,14.0,726235.0,67999440.0,281.0,784540.0,3118240.0,-2333700.0,418099.0
Timor-Leste,30,1491567.0,726235.0,692841.0,11134.0,1605.0,2002,0.0,0.0,15.0,30.0,38.0,1424.0,10.0,40.0,13.0,726235.0,67999440.0,281.0,784540.0,3118240.0,-2333700.0,954463.0
Timor-Leste,30,1491567.0,726235.0,692841.0,11134.0,691.0,2003,0.0,0.0,3.0,6.0,29.0,591.0,2.0,26.0,13.0,726235.0,67999440.0,281.0,784540.0,3118240.0,-2333700.0,427488.0
Timor-Leste,30,1491567.0,726235.0,692841.0,11134.0,2062.0,2004,0.0,0.0,33.0,26.0,38.0,1823.0,8.0,57.0,36.0,726235.0,67999440.0,281.0,784540.0,3118240.0,-2333700.0,1205413.0
Timor-Leste,30,1491567.0,726235.0,692841.0,11134.0,1311.0,2005,0.0,0.0,5.0,22.0,24.0,1172.0,6.0,40.0,19.0,726235.0,67999440.0,281.0,784540.0,3118240.0,-2333700.0,779280.0
Timor-Leste,30,1491567.0,726235.0,692841.0,11134.0,2930.0,2006,0.0,0.0,36.0,32.0,42.0,2600.0,14.0,81.0,86.0,726235.0,67999440.0,281.0,784540.0,3118240.0,-2333700.0,1733223.0
Timor-Leste,30,1491567.0,726235.0,692841.0,11134.0,1557.0,2007,0.0,0.0,27.0,8.0,29.0,1386.0,11.0,38.0,28.0,726235.0,67999440.0,281.0,784540.0,3118240.0,-2333700.0,911667.0
Timor-Leste,30,1491567.0,726235.0,692841.0,11134.0,834.0,2008,0.0,0.0,15.0,0.0,20.0,728.0,8.0,41.0,5.0,726235.0,67999440.0,281.0,784540.0,3118240.0,-2333700.0,484374.0
Timor-Leste,30,1491567.0,726235.0,692841.0,11134.0,2634.0,2009,0.0,0.0,54.0,26.0,67.0,2355.0,15.0,39.0,7.0,726235.0,67999440.0,281.0,784540.0,3118240.0,-2333700.0,1542921.0
Timor-Leste,30,1491567.0,726235.0,692841.0,11134.0,650.0,2010,0.0,0.0,38.0,5.0,47.0,505.0,9.0,14.0,4.0,726235.0,67999440.0,281.0,784540.0,3118240.0,-2333700.0,388298.0
Timor-Leste,30,1491567.0,726235.0,692841.0,11134.0,1464.0,2011,0.0,0.0,26.0,0.0,32.0,1273.0,15.0,42.0,23.0,726235.0,67999440.0,281.0,784540.0,3118240.0,-2333700.0,816332.0
Timor-Leste,30,1491567.0,726235.0,692841.0,11134.0,1888.0,2012,0.0,0.0,37.0,14.0,46.0,1646.0,30.0,36.0,11.0,726235.0,67999440.0,281.0,784540.0,3118240.0,-2333700.0,1135056.0
Timor-Leste,30,1491567.0,726235.0,692841.0,11134.0,462.0,2013,0.0,0.0,22.0,8.0,9.0,363.0,23.0,18.0,5.0,726235.0,67999440.0,281.0,784540.0,3118240.0,-2333700.0,233254.0
Timor-Leste,30,1491567.0,726235.0,692841.0,11134.0,1883.0,2014,0.0,0.0,28.0,65.0,73.0,1441.0,35.0,109.0,88.0,726235.0,67999440.0,281.0,784540.0,3118240.0,-2333700.0,953904.0
Timor-Leste,30,1491567.0,726235.0,692841.0,11134.0,863.0,2015,0.0,0.0,6.0,7.0,27.0,720.0,13.0,49.0,19.0,726235.0,67999440.0,281.0,784540.0,3118240.0,-2333700.0,429049.0
Timor-Leste,30,1491567.0,726235.0,692841.0,11134.0,1296.0,2016,0.0,0.0,7.0,5.0,17.0,1134.0,45.0,40.0,37.0,726235.0,67999440.0,281.0,784540.0,3118240.0,-2333700.0,642689.0
Timor-Leste,30,1491567.0,726235.0,692841.0,11134.0,1714.0,2017,0.0,0.0,22.0,13.0,16.0,1456.0,46.0,88.0,55.0,726235.0,67999440.0,281.0,784540.0,3118240.0,-2333700.0,885130.0
Timor-Leste,30,1491567.0,726235.0,692841.0,11134.0,1243.0,2018,0.0,0.0,10.0,6.0,9.0,1104.0,16.0,70.0,15.0,726235.0,67999440.0,281.0,784540.0,3118240.0,-2333700.0,646722.0
Timor-Leste,30,1491567.0,726235.0,692841.0,11134.0,1501.0,2019,0.0,0.0,24.0,100.0,48.0,1200.0,5.0,70.0,37.0,726235.0,67999440.0,281.0,784540.0,3118240.0,-2333700.0,771959.0
Timor-Leste,30,1491567.0,726235.0,692841.0,11134.0,1459.0,2020,0.0,0.0,8.0,50.0,48.0,1158.0,17.0,79.0,85.0,726235.0,67999440.0,281.0,784540.0,3118240.0,-2333700.0,757623.0
Timor-Leste,30,1491567.0,726235.0,692841.0,11134.0,1431.0,2021,0.0,0.0,26.0,20.0,87.0,1147.0,15.0,91.0,27.0,726235.0,67999440.0,281.0,784540.0,3118240.0,-2333700.0,790186.0
Timor-Leste,30,1491567.0,726235.0,692841.0,11134.0,1113.0,2022,0.0,0.0,20.0,12.0,9.0,991.0,8.0,54.0,8.0,726235.0,67999440.0,281.0,784540.0,3118240.0,-2333700.0,613035.0
Timor-Leste,30,1491567.0,726235.0,692841.0,11134.0,1478.0,2023,0.0,0.0,31.0,17.0,59.0,1240.0,16.0,85.0,18.0,726235.0,67999440.0,281.0,784540.0,3118240.0,-2333700.0,803547.0
Timor-Leste,30,1491567.0,726235.0,692841.0,11134.0,946.0,2024,0.0,0.0,9.0,7.0,10.0,819.0,6.0,70.0,17.0,726235.0,67999440.0,281.0,784540.0,3118240.0,-2333700.0,505255.0
Togo,30,5690433.0,551477.0,593027.0,47901.0,2764.0,2001,0.0,0.0,1.0,1.0,5.0,2494.0,95.0,150.0,0.0,551477.0,28509119.0,159.0,1717861.0,3798809.0,-2080948.0,779190.0
Togo,30,5690433.0,551477.0,593027.0,47901.0,2018.0,2002,1653.0,2.0,0.0,0.0,9.0,1881.0,10.0,108.0,0.0,551477.0,28509119.0,159.0,1717861.0,3798809.0,-2080948.0,563613.0
Togo,30,5690433.0,551477.0,593027.0,47901.0,2048.0,2003,1653.0,1.0,0.0,0.0,15.0,1870.0,5.0,149.0,0.0,551477.0,28509119.0,159.0,1717861.0,3798809.0,-2080948.0,632794.0
Togo,30,5690433.0,551477.0,593027.0,47901.0,2753.0,2004,1653.0,0.0,0.0,1.0,0.0,2483.0,8.0,249.0,0.0,551477.0,28509119.0,159.0,1717861.0,3798809.0,-2080948.0,837974.0
Togo,30,5690433.0,551477.0,593027.0,47901.0,2050.0,2005,1653.0,1.0,0.0,0.0,0.0,1910.0,18.0,115.0,0.0,551477.0,28509119.0,159.0,1717861.0,3798809.0,-2080948.0,671927.0
Togo,30,5690433.0,551477.0,593027.0,47901.0,1686.0,2006,1653.0,0.0,0.0,0.0,7.0,1511.0,31.0,129.0,0.0,551477.0,28509119.0,159.0,1717861.0,3798809.0,-2080948.0,533857.0
Togo,30,5690433.0,551477.0,593027.0,47901.0,3179.0,2007,1653.0,5.0,0.0,0.0,0.0,2773.0,20.0,373.0,0.0,551477.0,28509119.0,159.0,1717861.0,3798809.0,-2080948.0,1147216.0
Togo,30,5690433.0,551477.0,593027.0,47901.0,1172.0,2008,1653.0,0.0,0.0,0.0,0.0,1071.0,11.0,82.0,0.0,551477.0,28509119.0,159.0,1717861.0,3798809.0,-2080948.0,417737.0
Togo,30,5690433.0,551477.0,593027.0,47901.0,5576.0,2009,1653.0,0.0,0.0,1.0,1.0,5356.0,31.0,172.0,0.0,551477.0,28509119.0,159.0,1717861.0,3798809.0,-2080948.0,1927093.0
Togo,30,5690433.0,551477.0,593027.0,47901.0,511.0,2010,1653.0,0.0,0.0,0.0,0.0,450.0,7.0,49.0,0.0,551477.0,28509119.0,159.0,1717861.0,3798809.0,-2080948.0,200773.0
Togo,30,5690433.0,551477.0,593027.0,47901.0,1243.0,2011,1653.0,0.0,0.0,0.0,0.0,987.0,13.0,236.0,0.0,551477.0,28509119.0,159.0,1717861.0,3798809.0,-2080948.0,539224.0
Togo,30,5690433.0,551477.0,593027.0,47901.0,1739.0,2012,1653.0,1.0,0.0,0.0,2.0,1591.0,17.0,118.0,0.0,551477.0,28509119.0,159.0,1717861.0,3798809.0,-2080948.0,670283.0
Togo,30,5690433.0,551477.0,593027.0,47901.0,2914.0,2013,1653.0,4.0,1.0,0.0,1.0,1975.0,14.0,911.0,0.0,551477.0,28509119.0,159.0,1717861.0,3798809.0,-2080948.0,1328272.0
Togo,30,5690433.0,551477.0,593027.0,47901.0,2513.0,2014,1653.0,25.0,0.0,1.0,0.0,1769.0,10.0,727.0,0.0,551477.0,28509119.0,159.0,1717861.0,3798809.0,-2080948.0,1178374.0
Togo,30,5690433.0,551477.0,593027.0,47901.0,936.0,2015,1653.0,0.0,0.0,0.0,0.0,630.0,14.0,288.0,0.0,551477.0,28509119.0,159.0,1717861.0,3798809.0,-2080948.0,465027.0
Togo,30,5690433.0,551477.0,593027.0,47901.0,3446.0,2016,1653.0,242.0,0.0,69.0,0.0,2295.0,18.0,1052.0,7.0,551477.0,28509119.0,159.0,1717861.0,3798809.0,-2080948.0,1796735.0
Togo,30,5690433.0,551477.0,593027.0,47901.0,7107.0,2017,1653.0,9.0,0.0,0.0,0.0,3941.0,17.0,3145.0,0.0,551477.0,28509119.0,159.0,1717861.0,3798809.0,-2080948.0,3956670.0
Togo,30,5690433.0,551477.0,593027.0,47901.0,6762.0,2018,1653.0,2.0,0.0,0.0,0.0,4172.0,13.0,2574.0,0.0,551477.0,28509119.0,159.0,1717861.0,3798809.0,-2080948.0,3746605.0
Togo,30,5690433.0,551477.0,593027.0,47901.0,5187.0,2019,1653.0,0.0,0.0,0.0,0.0,3005.0,14.0,2163.0,0.0,551477.0,28509119.0,159.0,1717861.0,3798809.0,-2080948.0,3060906.0
Togo,30,5690433.0,551477.0,593027.0,47901.0,5446.0,2020,1653.0,1.0,0.0,0.0,0.0,3483.0,28.0,1930.0,0.0,551477.0,28509119.0,159.0,1717861.0,3798809.0,-2080948.0,3168298.0
Togo,30,5690433.0,551477.0,593027.0,47901.0,5842.0,2021,1653.0,12.0,3.0,4.0,0.0,3372.0,12.0,2441.0,0.0,551477.0,28509119.0,159.0,1717861.0,3798809.0,-2080948.0,3624232.0
Togo,30,5690433.0,551477.0,593027.0,47901.0,5003.0,2022,1653.0,13.0,4.0,1.0,0.0,2883.0,9.0,2099.0,0.0,551477.0,28509119.0,159.0,1717861.0,3798809.0,-2080948.0,3286319.0
Togo,30,5690433.0,551477.0,593027.0,47901.0,4448.0,2023,1653.0,2.0,2.0,0.0,0.0,2816.0,6.0,1618.0,0.0,551477.0,28509119.0,159.0,1717861.0,3798809.0,-2080948.0,2923071.0
Togo,30,5690433.0,551477.0,593027.0,47901.0,5731.0,2024,1653.0,0.0,2.0,0.0,0.0,3923.0,13.0,1789.0,0.0,551477.0,28509119.0,159.0,1717861.0,3798809.0,-2080948.0,3772465.0
Tunisia,30,15486985.0,223929.0,169320.0,10135.0,232.0,2001,0.0,0.0,16.0,55.0,1.0,34.0,13.0,4.0,90.0,223929.0,12502287.0,323.0,330780.0,1068791.0,-738010.0,61723.0
Tunisia,30,15486985.0,223929.0,169320.0,10135.0,245.0,2002,0.0,0.0,4.0,45.0,1.0,51.0,17.0,2.0,109.0,223929.0,12502287.0,323.0,330780.0,1068791.0,-738010.0,61800.0
Tunisia,30,15486985.0,223929.0,169320.0,10135.0,1539.0,2003,0.0,0.0,16.0,85.0,4.0,134.0,37.0,0.0,1213.0,223929.0,12502287.0,323.0,330780.0,1068791.0,-738010.0,417778.0
Tunisia,30,15486985.0,223929.0,169320.0,10135.0,320.0,2004,0.0,0.0,15.0,143.0,0.0,46.0,28.0,0.0,72.0,223929.0,12502287.0,323.0,330780.0,1068791.0,-738010.0,96070.0
Tunisia,30,15486985.0,223929.0,169320.0,10135.0,632.0,2005,0.0,0.0,18.0,143.0,3.0,106.0,38.0,8.0,296.0,223929.0,12502287.0,323.0,330780.0,1068791.0,-738010.0,180590.0
Tunisia,30,15486985.0,223929.0,169320.0,10135.0,353.0,2006,0.0,0.0,9.0,90.0,16.0,57.0,20.0,0.0,148.0,223929.0,12502287.0,323.0,330780.0,1068791.0,-738010.0,96159.0
Tunisia,30,15486985.0,223929.0,169320.0,10135.0,879.0,2007,0.0,0.0,44.0,136.0,23.0,98.0,31.0,1.0,527.0,223929.0,12502287.0,323.0,330780.0,1068791.0,-738010.0,233017.0
Tunisia,30,15486985.0,223929.0,169320.0,10135.0,718.0,2008,0.0,0.0,21.0,62.0,22.0,59.0,47.0,8.0,486.0,223929.0,12502287.0,323.0,330780.0,1068791.0,-738010.0,175480.0
Tunisia,30,15486985.0,223929.0,169320.0,10135.0,981.0,2009,0.0,0.0,51.0,192.0,7.0,131.0,49.0,1.0,528.0,223929.0,12502287.0,323.0,330780.0,1068791.0,-738010.0,280321.0
Tunisia,30,15486985.0,223929.0,169320.0,10135.0,399.0,2010,0.0,0.0,11.0,86.0,8.0,56.0,5.0,0.0,223.0,223929.0,12502287.0,323.0,330780.0,1068791.0,-738010.0,108417.0
Tunisia,30,15486985.0,223929.0,169320.0,10135.0,2205.0,2011,0.0,0.0,10.0,162.0,8.0,178.0,34.0,0.0,1794.0,223929.0,12502287.0,323.0,330780.0,1068791.0,-738010.0,482095.0
Tunisia,30,15486985.0,223929.0,169320.0,10135.0,1418.0,2012,0.0,0.0,5.0,79.0,6.0,91.0,21.0,4.0,1198.0,223929.0,12502287.0,323.0,330780.0,1068791.0,-738010.0,327041.0
Tunisia,30,15486985.0,223929.0,169320.0,10135.0,1301.0,2013,0.0,0.0,6.0,41.0,3.0,48.0,19.0,0.0,1175.0,223929.0,12502287.0,323.0,330780.0,1068791.0,-738010.0,223402.0
Tunisia,30,15486985.0,223929.0,169320.0,10135.0,2386.0,2014,0.0,0.0,13.0,65.0,5.0,94.0,14.0,0.0,2180.0,223929.0,12502287.0,323.0,330780.0,1068791.0,-738010.0,450923.0
Tunisia,30,15486985.0,223929.0,169320.0,10135.0,1880.0,2015,0.0,0.0,8.0,24.0,0.0,71.0,4.0,0.0,1765.0,223929.0,12502287.0,323.0,330780.0,1068791.0,-738010.0,343252.0
Tunisia,30,15486985.0,223929.0,169320.0,10135.0,1455.0,2016,0.0,0.0,13.0,64.0,0.0,59.0,9.0,0.0,1305.0,223929.0,12502287.0,323.0,330780.0,1068791.0,-738010.0,273700.0
Tunisia,30,15486985.0,223929.0,169320.0,10135.0,8533.0,2017,0.0,0.0,42.0,72.0,1.0,138.0,13.0,0.0,8261.0,223929.0,12502287.0,323.0,330780.0,1068791.0,-738010.0,1497559.0
Tunisia,30,15486985.0,223929.0,169320.0,10135.0,906.0,2018,0.0,0.0,3.0,52.0,10.0,41.0,3.0,0.0,790.0,223929.0,12502287.0,323.0,330780.0,1068791.0,-738010.0,229436.0
Tunisia,30,15486985.0,223929.0,169320.0,10135.0,572.0,2019,0.0,0.0,4.0,82.0,13.0,122.0,11.0,0.0,339.0,223929.0,12502287.0,323.0,330780.0,1068791.0,-738010.0,161715.0
Tunisia,30,15486985.0,223929.0,169320.0,10135.0,1062.0,2020,0.0,0.0,8.0,39.0,0.0,114.0,7.0,0.0,889.0,223929.0,12502287.0,323.0,330780.0,1068791.0,-738010.0,210176.0
Tunisia,30,15486985.0,223929.0,169320.0,10135.0,2079.0,2021,0.0,0.0,2.0,25.0,0.0,63.0,4.0,0.0,1981.0,223929.0,12502287.0,323.0,330780.0,1068791.0,-738010.0,391262.0
Tunisia,30,15486985.0,223929.0,169320.0,10135.0,2944.0,2022,0.0,0.0,0.0,32.0,0.0,53.0,6.0,0.0,2847.0,223929.0,12502287.0,323.0,330780.0,1068791.0,-738010.0,535459.0
Tunisia,30,15486985.0,223929.0,169320.0,10135.0,3447.0,2023,0.0,0.0,13.0,38.0,3.0,130.0,9.0,6.0,3244.0,223929.0,12502287.0,323.0,330780.0,1068791.0,-738010.0,701180.0
Tunisia,30,15486985.0,223929.0,169320.0,10135.0,1666.0,2024,0.0,0.0,7.0,53.0,0.0,168.0,8.0,6.0,1417.0,223929.0,12502287.0,323.0,330780.0,1068791.0,-738010.0,400161.0
Turkey,30,78070309.0,10060813.0,8957660.0,473796.0,22910.0,2001,0.0,0.0,766.0,17907.0,74.0,855.0,426.0,0.0,2328.0,10060813.0,548887878.0,259.0,9919869.0,39571178.0,-29651308.0,5362695.0
Turkey,30,78070309.0,10060813.0,8957660.0,473796.0,25722.0,2002,0.0,0.0,703.0,19009.0,79.0,1000.0,436.0,0.0,3715.0,10060813.0,548887878.0,259.0,9919869.0,39571178.0,-29651308.0,6036879.0
Turkey,30,78070309.0,10060813.0,8957660.0,473796.0,17744.0,2003,0.0,0.0,485.0,13994.0,26.0,710.0,324.0,4.0,1838.0,10060813.0,548887878.0,259.0,9919869.0,39571178.0,-29651308.0,4257555.0
Turkey,30,78070309.0,10060813.0,8957660.0,473796.0,28977.0,2004,0.0,0.0,1041.0,21747.0,98.0,1214.0,918.0,0.0,2999.0,10060813.0,548887878.0,259.0,9919869.0,39571178.0,-29651308.0,7475946.0
Turkey,30,78070309.0,10060813.0,8957660.0,473796.0,20410.0,2005,0.0,0.0,723.0,15744.0,34.0,685.0,487.0,0.0,2315.0,10060813.0,548887878.0,259.0,9919869.0,39571178.0,-29651308.0,5204962.0
Turkey,30,78070309.0,10060813.0,8957660.0,473796.0,25886.0,2006,0.0,0.0,1030.0,17405.0,41.0,920.0,778.0,0.0,5223.0,10060813.0,548887878.0,259.0,9919869.0,39571178.0,-29651308.0,6346024.0
Turkey,30,78070309.0,10060813.0,8957660.0,473796.0,25344.0,2007,0.0,0.0,1119.0,15821.0,118.0,1018.0,966.0,0.0,5707.0,10060813.0,548887878.0,259.0,9919869.0,39571178.0,-29651308.0,6554116.0
Turkey,30,78070309.0,10060813.0,8957660.0,473796.0,28892.0,2008,0.0,0.0,1335.0,14824.0,113.0,837.0,903.0,0.0,10468.0,10060813.0,548887878.0,259.0,9919869.0,39571178.0,-29651308.0,7043477.0
Turkey,30,78070309.0,10060813.0,8957660.0,473796.0,28108.0,2009,0.0,0.0,1287.0,16404.0,74.0,904.0,1152.0,0.0,7681.0,10060813.0,548887878.0,259.0,9919869.0,39571178.0,-29651308.0,7658614.0
Turkey,30,78070309.0,10060813.0,8957660.0,473796.0,17007.0,2010,0.0,0.0,1079.0,12433.0,56.0,725.0,900.0,0.0,1460.0,10060813.0,548887878.0,259.0,9919869.0,39571178.0,-29651308.0,4883784.0
Turkey,30,78070309.0,10060813.0,8957660.0,473796.0,23889.0,2011,0.0,0.0,1691.0,17698.0,67.0,904.0,1061.0,0.0,2018.0,10060813.0,548887878.0,259.0,9919869.0,39571178.0,-29651308.0,6796274.0
Turkey,30,78070309.0,10060813.0,8957660.0,473796.0,28468.0,2012,0.0,0.0,1592.0,19341.0,58.0,930.0,943.0,0.0,5056.0,10060813.0,548887878.0,259.0,9919869.0,39571178.0,-29651308.0,7782225.0
Turkey,30,78070309.0,10060813.0,8957660.0,473796.0,22544.0,2013,0.0,0.0,1199.0,15615.0,64.0,620.0,652.0,0.0,4133.0,10060813.0,548887878.0,259.0,9919869.0,39571178.0,-29651308.0,6273063.0
Turkey,30,78070309.0,10060813.0,8957660.0,473796.0,22005.0,2014,0.0,0.0,1644.0,16006.0,82.0,628.0,984.0,0.0,2424.0,10060813.0,548887878.0,259.0,9919869.0,39571178.0,-29651308.0,6394866.0
Turkey,30,78070309.0,10060813.0,8957660.0,473796.0,27735.0,2015,0.0,0.0,2185.0,22246.0,43.0,800.0,853.0,0.0,1365.0,10060813.0,548887878.0,259.0,9919869.0,39571178.0,-29651308.0,8791859.0
Turkey,30,78070309.0,10060813.0,8957660.0,473796.0,25632.0,2016,0.0,0.0,1915.0,18816.0,132.0,1073.0,967.0,0.0,2463.0,10060813.0,548887878.0,259.0,9919869.0,39571178.0,-29651308.0,8208235.0
Turkey,30,78070309.0,10060813.0,8957660.0,473796.0,33902.0,2017,0.0,0.0,2741.0,22693.0,145.0,1222.0,1367.0,0.0,5428.0,10060813.0,548887878.0,259.0,9919869.0,39571178.0,-29651308.0,11102147.0
Turkey,30,78070309.0,10060813.0,8957660.0,473796.0,35669.0,2018,0.0,0.0,2264.0,27253.0,114.0,1050.0,1150.0,0.0,3604.0,10060813.0,548887878.0,259.0,9919869.0,39571178.0,-29651308.0,12782284.0
Turkey,30,78070309.0,10060813.0,8957660.0,473796.0,39119.0,2019,0.0,0.0,1446.0,30019.0,88.0,996.0,893.0,0.0,5460.0,10060813.0,548887878.0,259.0,9919869.0,39571178.0,-29651308.0,13714903.0
Turkey,30,78070309.0,10060813.0,8957660.0,473796.0,45348.0,2020,0.0,0.0,1329.0,33665.0,90.0,982.0,1032.0,0.0,7998.0,10060813.0,548887878.0,259.0,9919869.0,39571178.0,-29651308.0,15988571.0
Turkey,30,78070309.0,10060813.0,8957660.0,473796.0,79285.0,2021,0.0,0.0,1914.0,44207.0,101.0,957.0,961.0,0.0,30868.0,10060813.0,548887878.0,259.0,9919869.0,39571178.0,-29651308.0,25294420.0
Turkey,30,78070309.0,10060813.0,8957660.0,473796.0,53403.0,2022,0.0,0.0,1574.0,24523.0,178.0,730.0,1094.0,0.0,25013.0,10060813.0,548887878.0,259.0,9919869.0,39571178.0,-29651308.0,18513419.0
Turkey,30,78070309.0,10060813.0,8957660.0,473796.0,54043.0,2023,0.0,0.0,1876.0,42143.0,269.0,1168.0,1797.0,0.0,6491.0,10060813.0,548887878.0,259.0,9919869.0,39571178.0,-29651308.0,20749663.0
Turkey,30,78070309.0,10060813.0,8957660.0,473796.0,40151.0,2024,0.0,0.0,1100.0,28127.0,215.0,937.0,1110.0,0.0,8373.0,10060813.0,548887878.0,259.0,9919869.0,39571178.0,-29651308.0,14860885.0
Turkmenistan,30,48959751.0,10179.0,7565.0,419.0,46.0,2001,0.0,0.0,0.0,0.0,5.0,24.0,0.0,0.0,0.0,10179.0,494163.0,98.0,5146.0,12848.0,-7702.0,12298.0
Turkmenistan,30,48959751.0,10179.0,7565.0,419.0,105.0,2002,0.0,0.0,0.0,0.0,51.0,29.0,0.0,0.0,1.0,10179.0,494163.0,98.0,5146.0,12848.0,-7702.0,29451.0
Turkmenistan,30,48959751.0,10179.0,7565.0,419.0,85.0,2003,0.0,0.0,0.0,28.0,15.0,10.0,0.0,0.0,16.0,10179.0,494163.0,98.0,5146.0,12848.0,-7702.0,17006.0
Turkmenistan,30,48959751.0,10179.0,7565.0,419.0,29.0,2004,0.0,0.0,0.0,0.0,13.0,4.0,0.0,0.0,1.0,10179.0,494163.0,98.0,5146.0,12848.0,-7702.0,7881.0
Turkmenistan,30,48959751.0,10179.0,7565.0,419.0,30.0,2005,0.0,0.0,0.0,1.0,15.0,4.0,0.0,0.0,1.0,10179.0,494163.0,98.0,5146.0,12848.0,-7702.0,7714.0
Turkmenistan,30,48959751.0,10179.0,7565.0,419.0,14.0,2006,0.0,0.0,0.0,0.0,7.0,1.0,0.0,0.0,0.0,10179.0,494163.0,98.0,5146.0,12848.0,-7702.0,3783.0
Turkmenistan,30,48959751.0,10179.0,7565.0,419.0,37.0,2007,0.0,0.0,0.0,1.0,8.0,20.0,0.0,0.0,2.0,10179.0,494163.0,98.0,5146.0,12848.0,-7702.0,10095.0
Turkmenistan,30,48959751.0,10179.0,7565.0,419.0,75.0,2008,0.0,0.0,1.0,0.0,44.0,8.0,0.0,0.0,0.0,10179.0,494163.0,98.0,5146.0,12848.0,-7702.0,22055.0
Turkmenistan,30,48959751.0,10179.0,7565.0,419.0,13.0,2009,0.0,0.0,0.0,0.0,6.0,1.0,0.0,0.0,0.0,10179.0,494163.0,98.0,5146.0,12848.0,-7702.0,3399.0
Turkmenistan,30,48959751.0,10179.0,7565.0,419.0,9.0,2010,0.0,0.0,0.0,0.0,4.0,1.0,0.0,0.0,0.0,10179.0,494163.0,98.0,5146.0,12848.0,-7702.0,2663.0
Turkmenistan,30,48959751.0,10179.0,7565.0,419.0,16.0,2011,0.0,0.0,0.0,0.0,4.0,7.0,0.0,0.0,0.0,10179.0,494163.0,98.0,5146.0,12848.0,-7702.0,4512.0
Turkmenistan,30,48959751.0,10179.0,7565.0,419.0,9.0,2012,0.0,0.0,0.0,0.0,3.0,0.0,0.0,0.0,0.0,10179.0,494163.0,98.0,5146.0,12848.0,-7702.0,2408.0
Turkmenistan,30,48959751.0,10179.0,7565.0,419.0,0.0,2013,0.0,0.0,0.0,0.0,0.0,0.0,0.0,0.0,0.0,10179.0,494163.0,98.0,5146.0,12848.0,-7702.0,87.0
Turkmenistan,30,48959751.0,10179.0,7565.0,419.0,1.0,2014,0.0,0.0,0.0,0.0,0.0,0.0,0.0,0.0,0.0,10179.0,494163.0,98.0,5146.0,12848.0,-7702.0,138.0
Turkmenistan,30,48959751.0,10179.0,7565.0,419.0,0.0,2015,0.0,0.0,0.0,0.0,0.0,0.0,0.0,0.0,0.0,10179.0,494163.0,98.0,5146.0,12848.0,-7702.0,0.0
Turkmenistan,30,48959751.0,10179.0,7565.0,419.0,0.0,2016,0.0,0.0,0.0,0.0,0.0,0.0,0.0,0.0,0.0,10179.0,494163.0,98.0,5146.0,12848.0,-7702.0,0.0
Turkmenistan,30,48959751.0,10179.0,7565.0,419.0,0.0,2017,0.0,0.0,0.0,0.0,0.0,0.0,0.0,0.0,0.0,10179.0,494163.0,98.0,5146.0,12848.0,-7702.0,8.0
Turkmenistan,30,48959751.0,10179.0,7565.0,419.0,0.0,2018,0.0,0.0,0.0,0.0,0.0,0.0,0.0,0.0,0.0,10179.0,494163.0,98.0,5146.0,12848.0,-7702.0,0.0
Turkmenistan,30,48959751.0,10179.0,7565.0,419.0,0.0,2019,0.0,0.0,0.0,0.0,0.0,0.0,0.0,0.0,0.0,10179.0,494163.0,98.0,5146.0,12848.0,-7702.0,0.0
Turkmenistan,30,48959751.0,10179.0,7565.0,419.0,0.0,2020,0.0,0.0,0.0,0.0,0.0,0.0,0.0,0.0,0.0,10179.0,494163.0,98.0,5146.0,12848.0,-7702.0,0.0
Turkmenistan,30,48959751.0,10179.0,7565.0,419.0,0.0,2021,0.0,0.0,0.0,0.0,0.0,0.0,0.0,0.0,0.0,10179.0,494163.0,98.0,5146.0,12848.0,-7702.0,0.0
Turkmenistan,30,48959751.0,10179.0,7565.0,419.0,0.0,2022,0.0,0.0,0.0,0.0,0.0,0.0,0.0,0.0,0.0,10179.0,494163.0,98.0,5146.0,12848.0,-7702.0,0.0
Turkmenistan,30,48959751.0,10179.0,7565.0,419.0,0.0,2023,0.0,0.0,0.0,0.0,0.0,0.0,0.0,0.0,0.0,10179.0,494163.0,98.0,5146.0,12848.0,-7702.0,0.0
Turkmenistan,30,48959751.0,10179.0,7565.0,419.0,0.0,2024,0.0,0.0,0.0,0.0,0.0,0.0,0.0,0.0,0.0,10179.0,494163.0,98.0,5146.0,12848.0,-7702.0,0.0
Uganda,30,24143898.0,7764953.0,6926883.0,185026.0,29658.0,2001,0.0,0.0,3.0,2371.0,547.0,25649.0,269.0,510.0,30.0,7764953.0,361429569.0,277.0,22536968.0,47296692.0,-24759724.0,11882690.0
Uganda,30,24143898.0,7764953.0,6926883.0,185026.0,10841.0,2002,509358.0,667.0,1.0,1066.0,114.0,9146.0,59.0,319.0,5.0,7764953.0,361429569.0,277.0,22536968.0,47296692.0,-24759724.0,3794305.0
Uganda,30,24143898.0,7764953.0,6926883.0,185026.0,11980.0,2003,509358.0,1521.0,2.0,1837.0,161.0,9419.0,113.0,270.0,17.0,7764953.0,361429569.0,277.0,22536968.0,47296692.0,-24759724.0,5173778.0
Uganda,30,24143898.0,7764953.0,6926883.0,185026.0,18076.0,2004,509358.0,1587.0,3.0,2436.0,254.0,14658.0,213.0,347.0,8.0,7764953.0,361429569.0,277.0,22536968.0,47296692.0,-24759724.0,7515101.0
Uganda,30,24143898.0,7764953.0,6926883.0,185026.0,29172.0,2005,509358.0,2899.0,4.0,2801.0,199.0,25161.0,389.0,446.0,10.0,7764953.0,361429569.0,277.0,22536968.0,47296692.0,-24759724.0,12467585.0
Uganda,30,24143898.0,7764953.0,6926883.0,185026.0,28450.0,2006,509358.0,2891.0,2.0,2224.0,605.0,24658.0,470.0,292.0,42.0,7764953.0,361429569.0,277.0,22536968.0,47296692.0,-24759724.0,11735594.0
Uganda,30,24143898.0,7764953.0,6926883.0,185026.0,36626.0,2007,509358.0,4043.0,3.0,3591.0,617.0,31303.0,414.0,400.0,15.0,7764953.0,361429569.0,277.0,22536968.0,47296692.0,-24759724.0,17026343.0
Uganda,30,24143898.0,7764953.0,6926883.0,185026.0,36926.0,2008,509358.0,4296.0,0.0,2823.0,358.0,32845.0,308.0,388.0,15.0,7764953.0,361429569.0,277.0,22536968.0,47296692.0,-24759724.0,16194701.0
Uganda,30,24143898.0,7764953.0,6926883.0,185026.0,23294.0,2009,509358.0,2385.0,2.0,2157.0,425.0,19900.0,295.0,269.0,30.0,7764953.0,361429569.0,277.0,22536968.0,47296692.0,-24759724.0,10133008.0
Uganda,30,24143898.0,7764953.0,6926883.0,185026.0,34149.0,2010,509358.0,4757.0,3.0,3762.0,368.0,29096.0,273.0,400.0,87.0,7764953.0,361429569.0,277.0,22536968.0,47296692.0,-24759724.0,17093810.0
Uganda,30,24143898.0,7764953.0,6926883.0,185026.0,65067.0,2011,509358.0,7940.0,3.0,5731.0,462.0,57258.0,824.0,526.0,49.0,7764953.0,361429569.0,277.0,22536968.0,47296692.0,-24759724.0,30711467.0
Uganda,30,24143898.0,7764953.0,6926883.0,185026.0,29142.0,2012,509358.0,4559.0,3.0,2648.0,260.0,25183.0,226.0,509.0,59.0,7764953.0,361429569.0,277.0,22536968.0,47296692.0,-24759724.0,13868494.0
Uganda,30,24143898.0,7764953.0,6926883.0,185026.0,47749.0,2013,509358.0,3558.0,5.0,4979.0,494.0,39461.0,723.0,1653.0,262.0,7764953.0,361429569.0,277.0,22536968.0,47296692.0,-24759724.0,20117017.0
Uganda,30,24143898.0,7764953.0,6926883.0,185026.0,54912.0,2014,509358.0,3435.0,27.0,6152.0,584.0,45944.0,602.0,1348.0,117.0,7764953.0,361429569.0,277.0,22536968.0,47296692.0,-24759724.0,23543919.0
Uganda,30,24143898.0,7764953.0,6926883.0,185026.0,54022.0,2015,509358.0,3129.0,46.0,5662.0,267.0,45588.0,547.0,1801.0,2.0,7764953.0,361429569.0,277.0,22536968.0,47296692.0,-24759724.0,23491012.0
Uganda,30,24143898.0,7764953.0,6926883.0,185026.0,67486.0,2016,509358.0,4314.0,36.0,7639.0,223.0,56856.0,767.0,1890.0,8.0,7764953.0,361429569.0,277.0,22536968.0,47296692.0,-24759724.0,30039021.0
Uganda,30,24143898.0,7764953.0,6926883.0,185026.0,116903.0,2017,509358.0,4858.0,23.0,10178.0,666.0,101854.0,959.0,3086.0,21.0,7764953.0,361429569.0,277.0,22536968.0,47296692.0,-24759724.0,51726916.0
Uganda,30,24143898.0,7764953.0,6926883.0,185026.0,86230.0,2018,509358.0,4087.0,22.0,9580.0,294.0,71656.0,638.0,3931.0,21.0,7764953.0,361429569.0,277.0,22536968.0,47296692.0,-24759724.0,38936954.0
Uganda,30,24143898.0,7764953.0,6926883.0,185026.0,63267.0,2019,509358.0,3334.0,140.0,7894.0,589.0,50463.0,647.0,3430.0,13.0,7764953.0,361429569.0,277.0,22536968.0,47296692.0,-24759724.0,29669800.0
Uganda,30,24143898.0,7764953.0,6926883.0,185026.0,73602.0,2020,509358.0,3585.0,103.0,9857.0,2141.0,57910.0,865.0,2457.0,144.0,7764953.0,361429569.0,277.0,22536968.0,47296692.0,-24759724.0,35904964.0
Uganda,30,24143898.0,7764953.0,6926883.0,185026.0,49246.0,2021,509358.0,3751.0,22.0,8081.0,372.0,38354.0,654.0,1639.0,74.0,7764953.0,361429569.0,277.0,22536968.0,47296692.0,-24759724.0,24814186.0
Uganda,30,24143898.0,7764953.0,6926883.0,185026.0,64135.0,2022,509358.0,3408.0,41.0,8444.0,384.0,52551.0,571.0,2068.0,25.0,7764953.0,361429569.0,277.0,22536968.0,47296692.0,-24759724.0,33391264.0
Uganda,30,24143898.0,7764953.0,6926883.0,185026.0,68915.0,2023,509358.0,2100.0,22.0,8316.0,256.0,56763.0,540.0,2952.0,23.0,7764953.0,361429569.0,277.0,22536968.0,47296692.0,-24759724.0,36399690.0
Uganda,30,24143898.0,7764953.0,6926883.0,185026.0,64859.0,2024,509358.0,2839.0,40.0,8639.0,289.0,52214.0,684.0,2813.0,119.0,7764953.0,361429569.0,277.0,22536968.0,47296692.0,-24759724.0,35255615.0
Ukraine,30,60136098.0,11133282.0,11363521.0,926364.0,28826.0,2001,0.0,0.0,44.0,26812.0,50.0,202.0,145.0,0.0,1087.0,11133282.0,583394886.0,240.0,21705723.0,90226679.0,-68520957.0,8966092.0
Ukraine,30,60136098.0,11133282.0,11363521.0,926364.0,27077.0,2002,0.0,0.0,54.0,24711.0,53.0,279.0,110.0,0.0,1460.0,11133282.0,583394886.0,240.0,21705723.0,90226679.0,-68520957.0,8163698.0
Ukraine,30,60136098.0,11133282.0,11363521.0,926364.0,38954.0,2003,0.0,0.0,152.0,34579.0,84.0,94.0,168.0,0.0,3561.0,11133282.0,583394886.0,240.0,21705723.0,90226679.0,-68520957.0,11908096.0
Ukraine,30,60136098.0,11133282.0,11363521.0,926364.0,49493.0,2004,0.0,0.0,153.0,46129.0,58.0,166.0,273.0,0.0,2229.0,11133282.0,583394886.0,240.0,21705723.0,90226679.0,-68520957.0,15959910.0
Ukraine,30,60136098.0,11133282.0,11363521.0,926364.0,36557.0,2005,0.0,0.0,123.0,34271.0,27.0,84.0,196.0,0.0,1531.0,11133282.0,583394886.0,240.0,21705723.0,90226679.0,-68520957.0,12393733.0
Ukraine,30,60136098.0,11133282.0,11363521.0,926364.0,42131.0,2006,0.0,0.0,132.0,39202.0,97.0,217.0,268.0,0.0,1832.0,11133282.0,583394886.0,240.0,21705723.0,90226679.0,-68520957.0,14294252.0
Ukraine,30,60136098.0,11133282.0,11363521.0,926364.0,64266.0,2007,0.0,0.0,241.0,61060.0,233.0,250.0,491.0,0.0,1503.0,11133282.0,583394886.0,240.0,21705723.0,90226679.0,-68520957.0,24552355.0
Ukraine,30,60136098.0,11133282.0,11363521.0,926364.0,53015.0,2008,0.0,0.0,227.0,48539.0,46.0,609.0,408.0,0.0,2787.0,11133282.0,583394886.0,240.0,21705723.0,90226679.0,-68520957.0,19299002.0
Ukraine,30,60136098.0,11133282.0,11363521.0,926364.0,48322.0,2009,0.0,0.0,156.0,43812.0,80.0,415.0,292.0,0.0,3113.0,11133282.0,583394886.0,240.0,21705723.0,90226679.0,-68520957.0,17525339.0
Ukraine,30,60136098.0,11133282.0,11363521.0,926364.0,52441.0,2010,0.0,0.0,171.0,49553.0,64.0,218.0,279.0,0.0,1713.0,11133282.0,583394886.0,240.0,21705723.0,90226679.0,-68520957.0,20211059.0
Ukraine,30,60136098.0,11133282.0,11363521.0,926364.0,60356.0,2011,0.0,0.0,192.0,56400.0,159.0,279.0,306.0,0.0,2496.0,11133282.0,583394886.0,240.0,21705723.0,90226679.0,-68520957.0,23970885.0
Ukraine,30,60136098.0,11133282.0,11363521.0,926364.0,55521.0,2012,0.0,0.0,248.0,52004.0,152.0,355.0,230.0,0.0,1953.0,11133282.0,583394886.0,240.0,21705723.0,90226679.0,-68520957.0,22332570.0
Ukraine,30,60136098.0,11133282.0,11363521.0,926364.0,37712.0,2013,0.0,0.0,92.0,36142.0,14.0,162.0,165.0,0.0,928.0,11133282.0,583394886.0,240.0,21705723.0,90226679.0,-68520957.0,14941263.0
Ukraine,30,60136098.0,11133282.0,11363521.0,926364.0,47187.0,2014,0.0,0.0,197.0,45528.0,26.0,125.0,136.0,0.0,946.0,11133282.0,583394886.0,240.0,21705723.0,90226679.0,-68520957.0,19162033.0
Ukraine,30,60136098.0,11133282.0,11363521.0,926364.0,48914.0,2015,0.0,0.0,206.0,45410.0,9.0,196.0,146.0,0.0,2747.0,11133282.0,583394886.0,240.0,21705723.0,90226679.0,-68520957.0,19520569.0
Ukraine,30,60136098.0,11133282.0,11363521.0,926364.0,106760.0,2016,0.0,0.0,577.0,88417.0,57.0,623.0,459.0,0.0,16213.0,11133282.0,583394886.0,240.0,21705723.0,90226679.0,-68520957.0,41284896.0
Ukraine,30,60136098.0,11133282.0,11363521.0,926364.0,85861.0,2017,0.0,0.0,364.0,80121.0,89.0,777.0,436.0,0.0,3474.0,11133282.0,583394886.0,240.0,21705723.0,90226679.0,-68520957.0,34963906.0
Ukraine,30,60136098.0,11133282.0,11363521.0,926364.0,74423.0,2018,0.0,0.0,392.0,68464.0,129.0,559.0,442.0,0.0,4108.0,11133282.0,583394886.0,240.0,21705723.0,90226679.0,-68520957.0,31385363.0
Ukraine,30,60136098.0,11133282.0,11363521.0,926364.0,45144.0,2019,0.0,0.0,292.0,41098.0,30.0,279.0,216.0,0.0,3059.0,11133282.0,583394886.0,240.0,21705723.0,90226679.0,-68520957.0,19056657.0
Ukraine,30,60136098.0,11133282.0,11363521.0,926364.0,79461.0,2020,0.0,0.0,184.0,54127.0,275.0,524.0,308.0,0.0,23750.0,11133282.0,583394886.0,240.0,21705723.0,90226679.0,-68520957.0,28980872.0
Ukraine,30,60136098.0,11133282.0,11363521.0,926364.0,66593.0,2021,0.0,0.0,285.0,46981.0,1469.0,346.0,375.0,0.0,16835.0,11133282.0,583394886.0,240.0,21705723.0,90226679.0,-68520957.0,27363077.0
Ukraine,30,60136098.0,11133282.0,11363521.0,926364.0,47990.0,2022,0.0,0.0,140.0,37561.0,305.0,368.0,182.0,0.0,9197.0,11133282.0,583394886.0,240.0,21705723.0,90226679.0,-68520957.0,21045234.0
Ukraine,30,60136098.0,11133282.0,11363521.0,926364.0,67103.0,2023,0.0,0.0,170.0,46817.0,1303.0,277.0,260.0,0.0,18136.0,11133282.0,583394886.0,240.0,21705723.0,90226679.0,-68520957.0,29966476.0
Ukraine,30,60136098.0,11133282.0,11363521.0,926364.0,80279.0,2024,0.0,0.0,167.0,41651.0,275.0,415.0,257.0,0.0,37381.0,11133282.0,583394886.0,240.0,21705723.0,90226679.0,-68520957.0,33690009.0
United Arab Emirates,30,7109644.0,0.0,0.0,596.0,0.0,2001,0.0,0.0,0.0,0.0,0.0,0.0,0.0,0.0,0.0,0.0,0.0,0.0,0.0,20423.0,-20422.0,0.0
United Arab Emirates,30,7109644.0,0.0,0.0,596.0,0.0,2002,0.0,0.0,0.0,0.0,0.0,0.0,0.0,0.0,0.0,0.0,0.0,0.0,0.0,20423.0,-20422.0,0.0
United Arab Emirates,30,7109644.0,0.0,0.0,596.0,0.0,2003,0.0,0.0,0.0,0.0,0.0,0.0,0.0,0.0,0.0,0.0,0.0,0.0,0.0,20423.0,-20422.0,0.0
United Arab Emirates,30,7109644.0,0.0,0.0,596.0,0.0,2004,0.0,0.0,0.0,0.0,0.0,0.0,0.0,0.0,0.0,0.0,0.0,0.0,0.0,20423.0,-20422.0,0.0
United Arab Emirates,30,7109644.0,0.0,0.0,596.0,0.0,2005,0.0,0.0,0.0,0.0,0.0,0.0,0.0,0.0,0.0,0.0,0.0,0.0,0.0,20423.0,-20422.0,0.0
United Arab Emirates,30,7109644.0,0.0,0.0,596.0,0.0,2006,0.0,0.0,0.0,0.0,0.0,0.0,0.0,0.0,0.0,0.0,0.0,0.0,0.0,20423.0,-20422.0,0.0
United Arab Emirates,30,7109644.0,0.0,0.0,596.0,0.0,2007,0.0,0.0,0.0,0.0,0.0,0.0,0.0,0.0,0.0,0.0,0.0,0.0,0.0,20423.0,-20422.0,0.0
United Arab Emirates,30,7109644.0,0.0,0.0,596.0,0.0,2008,0.0,0.0,0.0,0.0,0.0,0.0,0.0,0.0,0.0,0.0,0.0,0.0,0.0,20423.0,-20422.0,0.0
United Arab Emirates,30,7109644.0,0.0,0.0,596.0,0.0,2009,0.0,0.0,0.0,0.0,0.0,0.0,0.0,0.0,0.0,0.0,0.0,0.0,0.0,20423.0,-20422.0,0.0
United Arab Emirates,30,7109644.0,0.0,0.0,596.0,0.0,2010,0.0,0.0,0.0,0.0,0.0,0.0,0.0,0.0,0.0,0.0,0.0,0.0,0.0,20423.0,-20422.0,0.0
United Arab Emirates,30,7109644.0,0.0,0.0,596.0,0.0,2011,0.0,0.0,0.0,0.0,0.0,0.0,0.0,0.0,0.0,0.0,0.0,0.0,0.0,20423.0,-20422.0,0.0
United Arab Emirates,30,7109644.0,0.0,0.0,596.0,0.0,2012,0.0,0.0,0.0,0.0,0.0,0.0,0.0,0.0,0.0,0.0,0.0,0.0,0.0,20423.0,-20422.0,8.0
United Arab Emirates,30,7109644.0,0.0,0.0,596.0,0.0,2013,0.0,0.0,0.0,0.0,0.0,0.0,0.0,0.0,0.0,0.0,0.0,0.0,0.0,20423.0,-20422.0,0.0
United Arab Emirates,30,7109644.0,0.0,0.0,596.0,0.0,2014,0.0,0.0,0.0,0.0,0.0,0.0,0.0,0.0,0.0,0.0,0.0,0.0,0.0,20423.0,-20422.0,0.0
United Arab Emirates,30,7109644.0,0.0,0.0,596.0,0.0,2015,0.0,0.0,0.0,0.0,0.0,0.0,0.0,0.0,0.0,0.0,0.0,0.0,0.0,20423.0,-20422.0,0.0
United Arab Emirates,30,7109644.0,0.0,0.0,596.0,0.0,2016,0.0,0.0,0.0,0.0,0.0,0.0,0.0,0.0,0.0,0.0,0.0,0.0,0.0,20423.0,-20422.0,0.0
United Arab Emirates,30,7109644.0,0.0,0.0,596.0,0.0,2017,0.0,0.0,0.0,0.0,0.0,0.0,0.0,0.0,0.0,0.0,0.0,0.0,0.0,20423.0,-20422.0,0.0
United Arab Emirates,30,7109644.0,0.0,0.0,596.0,0.0,2018,0.0,0.0,0.0,0.0,0.0,0.0,0.0,0.0,0.0,0.0,0.0,0.0,0.0,20423.0,-20422.0,0.0
United Arab Emirates,30,7109644.0,0.0,0.0,596.0,0.0,2019,0.0,0.0,0.0,0.0,0.0,0.0,0.0,0.0,0.0,0.0,0.0,0.0,0.0,20423.0,-20422.0,0.0
United Arab Emirates,30,7109644.0,0.0,0.0,596.0,0.0,2020,0.0,0.0,0.0,0.0,0.0,0.0,0.0,0.0,0.0,0.0,0.0,0.0,0.0,20423.0,-20422.0,0.0
United Arab Emirates,30,7109644.0,0.0,0.0,596.0,0.0,2021,0.0,0.0,0.0,0.0,0.0,0.0,0.0,0.0,0.0,0.0,0.0,0.0,0.0,20423.0,-20422.0,0.0
United Arab Emirates,30,7109644.0,0.0,0.0,596.0,0.0,2022,0.0,0.0,0.0,0.0,0.0,0.0,0.0,0.0,0.0,0.0,0.0,0.0,0.0,20423.0,-20422.0,0.0
United Arab Emirates,30,7109644.0,0.0,0.0,596.0,0.0,2023,0.0,0.0,0.0,0.0,0.0,0.0,0.0,0.0,0.0,0.0,0.0,0.0,0.0,20423.0,-20422.0,0.0
United Arab Emirates,30,7109644.0,0.0,0.0,596.0,0.0,2024,0.0,0.0,0.0,0.0,0.0,0.0,0.0,0.0,0.0,0.0,0.0,0.0,0.0,20423.0,-20422.0,0.0
United Kingdom,30,24682844.0,3697149.0,5031036.0,473171.0,23248.0,2001,0.0,0.0,30.0,15376.0,102.0,3888.0,168.0,0.0,1713.0,3697149.0,256508746.0,355.0,10722836.0,23930159.0,-13207323.0,9039261.0
United Kingdom,30,24682844.0,3697149.0,5031036.0,473171.0,20107.0,2002,0.0,0.0,73.0,16540.0,78.0,1250.0,83.0,0.0,1290.0,3697149.0,256508746.0,355.0,10722836.0,23930159.0,-13207323.0,7674572.0
United Kingdom,30,24682844.0,3697149.0,5031036.0,473171.0,1866.0,2003,0.0,0.0,0.0,1555.0,0.0,185.0,11.0,0.0,72.0,3697149.0,256508746.0,355.0,10722836.0,23930159.0,-13207323.0,626853.0
United Kingdom,30,24682844.0,3697149.0,5031036.0,473171.0,24840.0,2004,0.0,0.0,17.0,21351.0,141.0,997.0,90.0,0.0,1853.0,3697149.0,256508746.0,355.0,10722836.0,23930159.0,-13207323.0,9743024.0
United Kingdom,30,24682844.0,3697149.0,5031036.0,473171.0,8873.0,2005,0.0,0.0,23.0,7506.0,35.0,529.0,57.0,0.0,360.0,3697149.0,256508746.0,355.0,10722836.0,23930159.0,-13207323.0,3887510.0
United Kingdom,30,24682844.0,3697149.0,5031036.0,473171.0,21054.0,2006,0.0,0.0,24.0,17673.0,207.0,970.0,135.0,0.0,1431.0,3697149.0,256508746.0,355.0,10722836.0,23930159.0,-13207323.0,8450191.0
United Kingdom,30,24682844.0,3697149.0,5031036.0,473171.0,31215.0,2007,0.0,0.0,150.0,28595.0,67.0,715.0,100.0,0.0,1158.0,3697149.0,256508746.0,355.0,10722836.0,23930159.0,-13207323.0,12466885.0
United Kingdom,30,24682844.0,3697149.0,5031036.0,473171.0,12504.0,2008,0.0,0.0,19.0,10866.0,60.0,373.0,157.0,0.0,573.0,3697149.0,256508746.0,355.0,10722836.0,23930159.0,-13207323.0,5322014.0
United Kingdom,30,24682844.0,3697149.0,5031036.0,473171.0,37716.0,2009,0.0,0.0,17.0,33877.0,152.0,1019.0,112.0,0.0,1968.0,3697149.0,256508746.0,355.0,10722836.0,23930159.0,-13207323.0,14912456.0
United Kingdom,30,24682844.0,3697149.0,5031036.0,473171.0,28469.0,2010,0.0,0.0,259.0,25950.0,117.0,614.0,112.0,0.0,722.0,3697149.0,256508746.0,355.0,10722836.0,23930159.0,-13207323.0,12390704.0
United Kingdom,30,24682844.0,3697149.0,5031036.0,473171.0,22663.0,2011,0.0,0.0,51.0,21423.0,15.0,310.0,83.0,0.0,421.0,3697149.0,256508746.0,355.0,10722836.0,23930159.0,-13207323.0,10522757.0
United Kingdom,30,24682844.0,3697149.0,5031036.0,473171.0,35664.0,2012,0.0,0.0,77.0,34091.0,29.0,310.0,111.0,0.0,487.0,3697149.0,256508746.0,355.0,10722836.0,23930159.0,-13207323.0,15032753.0
United Kingdom,30,24682844.0,3697149.0,5031036.0,473171.0,28590.0,2013,0.0,0.0,81.0,27074.0,162.0,113.0,94.0,0.0,678.0,3697149.0,256508746.0,355.0,10722836.0,23930159.0,-13207323.0,12124386.0
United Kingdom,30,24682844.0,3697149.0,5031036.0,473171.0,30369.0,2014,0.0,0.0,46.0,29329.0,40.0,178.0,129.0,0.0,308.0,3697149.0,256508746.0,355.0,10722836.0,23930159.0,-13207323.0,13279327.0
United Kingdom,30,24682844.0,3697149.0,5031036.0,473171.0,23997.0,2015,0.0,0.0,22.0,23746.0,1.0,71.0,53.0,0.0,29.0,3697149.0,256508746.0,355.0,10722836.0,23930159.0,-13207323.0,10621998.0
United Kingdom,30,24682844.0,3697149.0,5031036.0,473171.0,28806.0,2016,0.0,0.0,29.0,28413.0,1.0,94.0,114.0,0.0,86.0,3697149.0,256508746.0,355.0,10722836.0,23930159.0,-13207323.0,12894530.0
United Kingdom,30,24682844.0,3697149.0,5031036.0,473171.0,23044.0,2017,0.0,0.0,29.0,22618.0,4.0,74.0,97.0,0.0,105.0,3697149.0,256508746.0,355.0,10722836.0,23930159.0,-13207323.0,10583282.0
United Kingdom,30,24682844.0,3697149.0,5031036.0,473171.0,26250.0,2018,0.0,0.0,37.0,25977.0,2.0,97.0,74.0,0.0,16.0,3697149.0,256508746.0,355.0,10722836.0,23930159.0,-13207323.0,12129957.0
United Kingdom,30,24682844.0,3697149.0,5031036.0,473171.0,28393.0,2019,0.0,0.0,41.0,28078.0,16.0,75.0,73.0,0.0,25.0,3697149.0,256508746.0,355.0,10722836.0,23930159.0,-13207323.0,13322194.0
United Kingdom,30,24682844.0,3697149.0,5031036.0,473171.0,22836.0,2020,0.0,0.0,36.0,22611.0,2.0,55.0,42.0,0.0,32.0,3697149.0,256508746.0,355.0,10722836.0,23930159.0,-13207323.0,10654448.0
United Kingdom,30,24682844.0,3697149.0,5031036.0,473171.0,26216.0,2021,0.0,0.0,7.0,25997.0,3.0,45.0,48.0,0.0,32.0,3697149.0,256508746.0,355.0,10722836.0,23930159.0,-13207323.0,12823395.0
United Kingdom,30,24682844.0,3697149.0,5031036.0,473171.0,34175.0,2022,0.0,0.0,75.0,33722.0,0.0,144.0,47.0,0.0,76.0,3697149.0,256508746.0,355.0,10722836.0,23930159.0,-13207323.0,16551598.0
United Kingdom,30,24682844.0,3697149.0,5031036.0,473171.0,21609.0,2023,0.0,0.0,53.0,21395.0,0.0,39.0,41.0,0.0,43.0,3697149.0,256508746.0,355.0,10722836.0,23930159.0,-13207323.0,10805402.0
United Kingdom,30,24682844.0,3697149.0,5031036.0,473171.0,22835.0,2024,0.0,0.0,33.0,22536.0,39.0,61.0,44.0,0.0,70.0,3697149.0,256508746.0,355.0,10722836.0,23930159.0,-13207323.0,11488575.0
United States,30,947283216.0,279375325.0,271961088.0,13986671.0,1943319.0,2001,0.0,0.0,11158.0,1382089.0,35758.0,83235.0,83188.0,0.0,338191.0,279375325.0,17240141126.0,285.0,806214830.0,1431056144.0,-624841317.0,623378602.0
United States,30,947283216.0,279375325.0,271961088.0,13986671.0,2038414.0,2002,200776.0,12.0,10955.0,1263896.0,22632.0,73956.0,77161.0,0.0,581184.0,279375325.0,17240141126.0,285.0,806214830.0,1431056144.0,-624841317.0,660779231.0
United States,30,947283216.0,279375325.0,271961088.0,13986671.0,1649363.0,2003,200776.0,8.0,8660.0,1073212.0,19561.0,61987.0,71816.0,0.0,409389.0,279375325.0,17240141126.0,285.0,806214830.0,1431056144.0,-624841317.0,546456657.0
United States,30,947283216.0,279375325.0,271961088.0,13986671.0,2746245.0,2004,200776.0,31.0,12836.0,1505258.0,88819.0,95708.0,115641.0,0.0,917220.0,279375325.0,17240141126.0,285.0,806214830.0,1431056144.0,-624841317.0,849143538.0
United States,30,947283216.0,279375325.0,271961088.0,13986671.0,2691531.0,2005,200776.0,10.0,17732.0,1490492.0,62465.0,95267.0,120264.0,0.0,896537.0,279375325.0,17240141126.0,285.0,806214830.0,1431056144.0,-624841317.0,826109991.0
United States,30,947283216.0,279375325.0,271961088.0,13986671.0,2605853.0,2006,200776.0,20.0,16564.0,1475656.0,28420.0,105904.0,119919.0,0.0,851498.0,279375325.0,17240141126.0,285.0,806214830.0,1431056144.0,-624841317.0,858305441.0
United States,30,947283216.0,279375325.0,271961088.0,13986671.0,2435115.0,2007,200776.0,37.0,19374.0,1488421.0,80564.0,111624.0,105388.0,0.0,620719.0,279375325.0,17240141126.0,285.0,806214830.0,1431056144.0,-624841317.0,862752976.0
United States,30,947283216.0,279375325.0,271961088.0,13986671.0,2213710.0,2008,200776.0,32.0,18249.0,1483701.0,48131.0,100520.0,76123.0,0.0,478858.0,279375325.0,17240141126.0,285.0,806214830.0,1431056144.0,-624841317.0,872489682.0
United States,30,947283216.0,279375325.0,271961088.0,13986671.0,1608981.0,2009,200776.0,39.0,14838.0,1139405.0,31398.0,86333.0,47057.0,0.0,283620.0,279375325.0,17240141126.0,285.0,806214830.0,1431056144.0,-624841317.0,630619181.0
United States,30,947283216.0,279375325.0,271961088.0,13986671.0,2167604.0,2010,200776.0,29.0,16142.0,1338998.0,46964.0,97052.0,52754.0,0.0,607837.0,279375325.0,17240141126.0,285.0,806214830.0,1431056144.0,-624841317.0,761785154.0
United States,30,947283216.0,279375325.0,271961088.0,13986671.0,1663677.0,2011,200776.0,42.0,15309.0,1192066.0,45834.0,93825.0,46305.0,0.0,263582.0,279375325.0,17240141126.0,285.0,806214830.0,1431056144.0,-624841317.0,694916521.0
United States,30,947283216.0,279375325.0,271961088.0,13986671.0,1964078.0,2012,200776.0,95.0,17047.0,1371673.0,26285.0,121882.0,53185.0,0.0,362001.0,279375325.0,17240141126.0,285.0,806214830.0,1431056144.0,-624841317.0,801872731.0
United States,30,947283216.0,279375325.0,271961088.0,13986671.0,1736445.0,2013,200776.0,86.0,9874.0,1185001.0,20129.0,72541.0,36849.0,0.0,399300.0,279375325.0,17240141126.0,285.0,806214830.0,1431056144.0,-624841317.0,688910098.0
United States,30,947283216.0,279375325.0,271961088.0,13986671.0,1736529.0,2014,200776.0,162.0,13181.0,1290996.0,22002.0,87388.0,48247.0,0.0,265169.0,279375325.0,17240141126.0,285.0,806214830.0,1431056144.0,-624841317.0,788433908.0
United States,30,947283216.0,279375325.0,271961088.0,13986671.0,2289654.0,2015,200776.0,265.0,10880.0,1203367.0,12238.0,73804.0,46643.0,0.0,939205.0,279375325.0,17240141126.0,285.0,806214830.0,1431056144.0,-624841317.0,782071350.0
United States,30,947283216.0,279375325.0,271961088.0,13986671.0,2264072.0,2016,200776.0,285.0,13978.0,1430017.0,16397.0,98162.0,66061.0,0.0,634659.0,279375325.0,17240141126.0,285.0,806214830.0,1431056144.0,-624841317.0,953799275.0
United States,30,947283216.0,279375325.0,271961088.0,13986671.0,2311358.0,2017,200776.0,26.0,15175.0,1506292.0,43293.0,95850.0,74848.0,0.0,570822.0,279375325.0,17240141126.0,285.0,806214830.0,1431056144.0,-624841317.0,1043530607.0
United States,30,947283216.0,279375325.0,271961088.0,13986671.0,2092360.0,2018,200776.0,88.0,13615.0,1340633.0,35900.0,72293.0,61073.0,0.0,565444.0,279375325.0,17240141126.0,285.0,806214830.0,1431056144.0,-624841317.0,938668183.0
United States,30,947283216.0,279375325.0,271961088.0,13986671.0,2109922.0,2019,200776.0,73.0,11531.0,1287317.0,25718.0,60599.0,58433.0,0.0,662813.0,279375325.0,17240141126.0,285.0,806214830.0,1431056144.0,-624841317.0,905511061.0
United States,30,947283216.0,279375325.0,271961088.0,13986671.0,1966726.0,2020,200776.0,39.0,10125.0,1144891.0,11835.0,51709.0,57255.0,0.0,687668.0,279375325.0,17240141126.0,285.0,806214830.0,1431056144.0,-624841317.0,932685425.0
United States,30,947283216.0,279375325.0,271961088.0,13986671.0,2044299.0,2021,200776.0,4.0,9335.0,1039150.0,25484.0,46495.0,58183.0,0.0,862273.0,279375325.0,17240141126.0,285.0,806214830.0,1431056144.0,-624841317.0,971352357.0
United States,30,947283216.0,279375325.0,271961088.0,13986671.0,2204642.0,2022,200776.0,9.0,10865.0,1087404.0,15841.0,46541.0,62458.0,0.0,978021.0,279375325.0,17240141126.0,285.0,806214830.0,1431056144.0,-624841317.0,898018738.0
United States,30,947283216.0,279375325.0,271961088.0,13986671.0,1382423.0,2023,200776.0,51.0,11600.0,957392.0,12922.0,48458.0,49123.0,0.0,301854.0,279375325.0,17240141126.0,285.0,806214830.0,1431056144.0,-624841317.0,723273401.0
United States,30,947283216.0,279375325.0,271961088.0,13986671.0,1596540.0,2024,200776.0,393.0,8477.0,944879.0,13723.0,47200.0,49343.0,0.0,530978.0,279375325.0,17240141126.0,285.0,806214830.0,1431056144.0,-624841317.0,734291818.0
Uruguay,30,17759937.0,1693390.0,2116774.0,655684.0,7662.0,2001,0.0,0.0,2.0,5947.0,105.0,1197.0,29.0,0.0,10.0,1693390.0,65624167.0,224.0,16241535.0,23917408.0,-7675872.0,1778380.0
Uruguay,30,17759937.0,1693390.0,2116774.0,655684.0,6898.0,2002,0.0,0.0,5.0,5749.0,29.0,886.0,30.0,0.0,2.0,1693390.0,65624167.0,224.0,16241535.0,23917408.0,-7675872.0,1757828.0
Uruguay,30,17759937.0,1693390.0,2116774.0,655684.0,10611.0,2003,0.0,0.0,3.0,8994.0,65.0,1192.0,61.0,0.0,7.0,1693390.0,65624167.0,224.0,16241535.0,23917408.0,-7675872.0,2959412.0
Uruguay,30,17759937.0,1693390.0,2116774.0,655684.0,15125.0,2004,0.0,0.0,9.0,12862.0,116.0,1787.0,65.0,0.0,2.0,1693390.0,65624167.0,224.0,16241535.0,23917408.0,-7675872.0,4581999.0
Uruguay,30,17759937.0,1693390.0,2116774.0,655684.0,15946.0,2005,0.0,0.0,10.0,13448.0,136.0,1713.0,146.0,0.0,132.0,1693390.0,65624167.0,224.0,16241535.0,23917408.0,-7675872.0,5164341.0
Uruguay,30,17759937.0,1693390.0,2116774.0,655684.0,21038.0,2006,0.0,0.0,22.0,18269.0,215.0,2087.0,84.0,0.0,15.0,1693390.0,65624167.0,224.0,16241535.0,23917408.0,-7675872.0,7472905.0
Uruguay,30,17759937.0,1693390.0,2116774.0,655684.0,21549.0,2007,0.0,0.0,21.0,19015.0,41.0,2095.0,69.0,0.0,7.0,1693390.0,65624167.0,224.0,16241535.0,23917408.0,-7675872.0,8277083.0
Uruguay,30,17759937.0,1693390.0,2116774.0,655684.0,23687.0,2008,0.0,0.0,60.0,20563.0,113.0,2532.0,72.0,0.0,11.0,1693390.0,65624167.0,224.0,16241535.0,23917408.0,-7675872.0,9782929.0
Uruguay,30,17759937.0,1693390.0,2116774.0,655684.0,19312.0,2009,0.0,0.0,21.0,16202.0,141.0,2392.0,103.0,0.0,59.0,1693390.0,65624167.0,224.0,16241535.0,23917408.0,-7675872.0,8558777.0
Uruguay,30,17759937.0,1693390.0,2116774.0,655684.0,17840.0,2010,0.0,0.0,7.0,16140.0,47.0,1369.0,65.0,0.0,3.0,1693390.0,65624167.0,224.0,16241535.0,23917408.0,-7675872.0,8964977.0
Uruguay,30,17759937.0,1693390.0,2116774.0,655684.0,28007.0,2011,0.0,0.0,29.0,24376.0,153.0,2927.0,97.0,0.0,4.0,1693390.0,65624167.0,224.0,16241535.0,23917408.0,-7675872.0,14615636.0
Uruguay,30,17759937.0,1693390.0,2116774.0,655684.0,31403.0,2012,0.0,0.0,30.0,25978.0,242.0,4065.0,198.0,0.0,36.0,1693390.0,65624167.0,224.0,16241535.0,23917408.0,-7675872.0,17087215.0
Uruguay,30,17759937.0,1693390.0,2116774.0,655684.0,19244.0,2013,0.0,0.0,10.0,16377.0,366.0,2110.0,73.0,0.0,15.0,1693390.0,65624167.0,224.0,16241535.0,23917408.0,-7675872.0,13026627.0
Uruguay,30,17759937.0,1693390.0,2116774.0,655684.0,25661.0,2014,0.0,0.0,5.0,22418.0,115.0,2651.0,59.0,0.0,39.0,1693390.0,65624167.0,224.0,16241535.0,23917408.0,-7675872.0,19026376.0
Uruguay,30,17759937.0,1693390.0,2116774.0,655684.0,17588.0,2015,0.0,0.0,2.0,16611.0,7.0,894.0,24.0,0.0,2.0,1693390.0,65624167.0,224.0,16241535.0,23917408.0,-7675872.0,15987073.0
Uruguay,30,17759937.0,1693390.0,2116774.0,655684.0,23861.0,2016,0.0,0.0,3.0,21480.0,9.0,2226.0,66.0,0.0,8.0,1693390.0,65624167.0,224.0,16241535.0,23917408.0,-7675872.0,26022270.0
Uruguay,30,17759937.0,1693390.0,2116774.0,655684.0,21902.0,2017,0.0,0.0,3.0,19630.0,34.0,2001.0,93.0,0.0,29.0,1693390.0,65624167.0,224.0,16241535.0,23917408.0,-7675872.0,26646042.0
Uruguay,30,17759937.0,1693390.0,2116774.0,655684.0,19531.0,2018,0.0,0.0,1.0,18576.0,6.0,827.0,74.0,0.0,9.0,1693390.0,65624167.0,224.0,16241535.0,23917408.0,-7675872.0,19035708.0
Uruguay,30,17759937.0,1693390.0,2116774.0,655684.0,14520.0,2019,0.0,0.0,2.0,13860.0,4.0,590.0,36.0,0.0,4.0,1693390.0,65624167.0,224.0,16241535.0,23917408.0,-7675872.0,10294249.0
Uruguay,30,17759937.0,1693390.0,2116774.0,655684.0,12733.0,2020,0.0,0.0,2.0,12091.0,16.0,512.0,17.0,0.0,63.0,1693390.0,65624167.0,224.0,16241535.0,23917408.0,-7675872.0,8799086.0
Uruguay,30,17759937.0,1693390.0,2116774.0,655684.0,17035.0,2021,0.0,0.0,4.0,15795.0,19.0,1049.0,81.0,0.0,25.0,1693390.0,65624167.0,224.0,16241535.0,23917408.0,-7675872.0,34618567.0
Uruguay,30,17759937.0,1693390.0,2116774.0,655684.0,15873.0,2022,0.0,0.0,0.0,14106.0,10.0,1664.0,47.0,0.0,13.0,1693390.0,65624167.0,224.0,16241535.0,23917408.0,-7675872.0,35585421.0
Uruguay,30,17759937.0,1693390.0,2116774.0,655684.0,20954.0,2023,0.0,0.0,8.0,18041.0,41.0,2325.0,116.0,0.0,349.0,1693390.0,65624167.0,224.0,16241535.0,23917408.0,-7675872.0,56881218.0
Uruguay,30,17759937.0,1693390.0,2116774.0,655684.0,11482.0,2024,0.0,0.0,3.0,10239.0,13.0,1087.0,67.0,0.0,37.0,1693390.0,65624167.0,224.0,16241535.0,23917408.0,-7675872.0,32872719.0
Uzbekistan,30,44755383.0,106177.0,74272.0,43150.0,295.0,2001,0.0,0.0,6.0,4.0,100.0,71.0,6.0,0.0,1.0,106177.0,4959364.0,188.0,12458.0,407127.0,-394669.0,73715.0
Uzbekistan,30,44755383.0,106177.0,74272.0,43150.0,266.0,2002,0.0,0.0,2.0,3.0,75.0,71.0,13.0,0.0,0.0,106177.0,4959364.0,188.0,12458.0,407127.0,-394669.0,64420.0
Uzbekistan,30,44755383.0,106177.0,74272.0,43150.0,52.0,2003,0.0,0.0,0.0,1.0,5.0,10.0,6.0,0.0,0.0,106177.0,4959364.0,188.0,12458.0,407127.0,-394669.0,14251.0
Uzbekistan,30,44755383.0,106177.0,74272.0,43150.0,48.0,2004,0.0,0.0,0.0,0.0,4.0,10.0,5.0,0.0,0.0,106177.0,4959364.0,188.0,12458.0,407127.0,-394669.0,12921.0
Uzbekistan,30,44755383.0,106177.0,74272.0,43150.0,20.0,2005,0.0,0.0,0.0,0.0,3.0,4.0,1.0,0.0,0.0,106177.0,4959364.0,188.0,12458.0,407127.0,-394669.0,5839.0
Uzbekistan,30,44755383.0,106177.0,74272.0,43150.0,53.0,2006,0.0,0.0,1.0,4.0,7.0,12.0,6.0,0.0,2.0,106177.0,4959364.0,188.0,12458.0,407127.0,-394669.0,13382.0
Uzbekistan,30,44755383.0,106177.0,74272.0,43150.0,43.0,2007,0.0,0.0,0.0,0.0,7.0,13.0,3.0,0.0,0.0,106177.0,4959364.0,188.0,12458.0,407127.0,-394669.0,11541.0
Uzbekistan,30,44755383.0,106177.0,74272.0,43150.0,43.0,2008,0.0,0.0,0.0,0.0,11.0,9.0,2.0,0.0,0.0,106177.0,4959364.0,188.0,12458.0,407127.0,-394669.0,12314.0
Uzbekistan,30,44755383.0,106177.0,74272.0,43150.0,97.0,2009,0.0,0.0,0.0,2.0,17.0,16.0,23.0,0.0,0.0,106177.0,4959364.0,188.0,12458.0,407127.0,-394669.0,26623.0
Uzbekistan,30,44755383.0,106177.0,74272.0,43150.0,31.0,2010,0.0,0.0,0.0,9.0,2.0,4.0,1.0,0.0,0.0,106177.0,4959364.0,188.0,12458.0,407127.0,-394669.0,8067.0
Uzbekistan,30,44755383.0,106177.0,74272.0,43150.0,33.0,2011,0.0,0.0,0.0,0.0,1.0,11.0,4.0,0.0,0.0,106177.0,4959364.0,188.0,12458.0,407127.0,-394669.0,10035.0
Uzbekistan,30,44755383.0,106177.0,74272.0,43150.0,56.0,2012,0.0,0.0,0.0,2.0,3.0,13.0,4.0,0.0,0.0,106177.0,4959364.0,188.0,12458.0,407127.0,-394669.0,14602.0
Uzbekistan,30,44755383.0,106177.0,74272.0,43150.0,24.0,2013,0.0,0.0,0.0,0.0,0.0,3.0,1.0,0.0,16.0,106177.0,4959364.0,188.0,12458.0,407127.0,-394669.0,4272.0
Uzbekistan,30,44755383.0,106177.0,74272.0,43150.0,83.0,2014,0.0,0.0,0.0,0.0,0.0,0.0,0.0,0.0,82.0,106177.0,4959364.0,188.0,12458.0,407127.0,-394669.0,11315.0
Uzbekistan,30,44755383.0,106177.0,74272.0,43150.0,0.0,2015,0.0,0.0,0.0,0.0,0.0,0.0,0.0,0.0,0.0,106177.0,4959364.0,188.0,12458.0,407127.0,-394669.0,0.0
Uzbekistan,30,44755383.0,106177.0,74272.0,43150.0,0.0,2016,0.0,0.0,0.0,0.0,0.0,0.0,0.0,0.0,0.0,106177.0,4959364.0,188.0,12458.0,407127.0,-394669.0,0.0
Uzbekistan,30,44755383.0,106177.0,74272.0,43150.0,2.0,2017,0.0,0.0,0.0,0.0,0.0,0.0,0.0,0.0,0.0,106177.0,4959364.0,188.0,12458.0,407127.0,-394669.0,467.0
Uzbekistan,30,44755383.0,106177.0,74272.0,43150.0,0.0,2018,0.0,0.0,0.0,0.0,0.0,0.0,0.0,0.0,0.0,106177.0,4959364.0,188.0,12458.0,407127.0,-394669.0,195.0
Uzbekistan,30,44755383.0,106177.0,74272.0,43150.0,18.0,2019,0.0,0.0,12.0,0.0,0.0,0.0,1.0,0.0,0.0,106177.0,4959364.0,188.0,12458.0,407127.0,-394669.0,6715.0
Uzbekistan,30,44755383.0,106177.0,74272.0,43150.0,3.0,2020,0.0,0.0,0.0,0.0,0.0,1.0,0.0,0.0,0.0,106177.0,4959364.0,188.0,12458.0,407127.0,-394669.0,1120.0
Uzbekistan,30,44755383.0,106177.0,74272.0,43150.0,4.0,2021,0.0,0.0,0.0,0.0,2.0,0.0,0.0,0.0,0.0,106177.0,4959364.0,188.0,12458.0,407127.0,-394669.0,1309.0
Uzbekistan,30,44755383.0,106177.0,74272.0,43150.0,7.0,2022,0.0,0.0,0.0,0.0,0.0,1.0,0.0,0.0,5.0,106177.0,4959364.0,188.0,12458.0,407127.0,-394669.0,2368.0
Uzbekistan,30,44755383.0,106177.0,74272.0,43150.0,0.0,2023,0.0,0.0,0.0,0.0,0.0,0.0,0.0,0.0,0.0,106177.0,4959364.0,188.0,12458.0,407127.0,-394669.0,1209.0
Uzbekistan,30,44755383.0,106177.0,74272.0,43150.0,4.0,2024,0.0,0.0,0.0,0.0,0.0,0.0,0.0,0.0,2.0,106177.0,4959364.0,188.0,12458.0,407127.0,-394669.0,2278.0
Vanuatu,30,1231888.0,1181154.0,1148002.0,302.0,125.0,2001,0.0,0.0,0.0,26.0,25.0,23.0,3.0,3.0,0.0,1181154.0,127083866.0,432.0,406572.0,5219233.0,-4812661.0,69641.0
Vanuatu,30,1231888.0,1181154.0,1148002.0,302.0,108.0,2002,371390.0,18.0,0.0,9.0,28.0,40.0,4.0,3.0,0.0,1181154.0,127083866.0,432.0,406572.0,5219233.0,-4812661.0,59324.0
Vanuatu,30,1231888.0,1181154.0,1148002.0,302.0,530.0,2003,371390.0,329.0,0.0,210.0,192.0,51.0,6.0,4.0,7.0,1181154.0,127083866.0,432.0,406572.0,5219233.0,-4812661.0,275477.0
Vanuatu,30,1231888.0,1181154.0,1148002.0,302.0,377.0,2004,371390.0,110.0,0.0,57.0,142.0,74.0,9.0,7.0,4.0,1181154.0,127083866.0,432.0,406572.0,5219233.0,-4812661.0,201072.0
Vanuatu,30,1231888.0,1181154.0,1148002.0,302.0,254.0,2005,371390.0,52.0,0.0,17.0,91.0,48.0,7.0,3.0,48.0,1181154.0,127083866.0,432.0,406572.0,5219233.0,-4812661.0,126294.0
Vanuatu,30,1231888.0,1181154.0,1148002.0,302.0,219.0,2006,371390.0,68.0,0.0,37.0,78.0,35.0,4.0,3.0,9.0,1181154.0,127083866.0,432.0,406572.0,5219233.0,-4812661.0,116612.0
Vanuatu,30,1231888.0,1181154.0,1148002.0,302.0,112.0,2007,371390.0,27.0,0.0,8.0,35.0,43.0,5.0,0.0,3.0,1181154.0,127083866.0,432.0,406572.0,5219233.0,-4812661.0,62504.0
Vanuatu,30,1231888.0,1181154.0,1148002.0,302.0,194.0,2008,371390.0,48.0,0.0,22.0,47.0,63.0,14.0,3.0,0.0,1181154.0,127083866.0,432.0,406572.0,5219233.0,-4812661.0,110761.0
Vanuatu,30,1231888.0,1181154.0,1148002.0,302.0,1095.0,2009,371390.0,824.0,0.0,361.0,584.0,79.0,15.0,1.0,6.0,1181154.0,127083866.0,432.0,406572.0,5219233.0,-4812661.0,596060.0
Vanuatu,30,1231888.0,1181154.0,1148002.0,302.0,307.0,2010,371390.0,128.0,0.0,40.0,126.0,62.0,9.0,3.0,12.0,1181154.0,127083866.0,432.0,406572.0,5219233.0,-4812661.0,166335.0
Vanuatu,30,1231888.0,1181154.0,1148002.0,302.0,607.0,2011,371390.0,367.0,0.0,143.0,356.0,45.0,9.0,1.0,11.0,1181154.0,127083866.0,432.0,406572.0,5219233.0,-4812661.0,331442.0
Vanuatu,30,1231888.0,1181154.0,1148002.0,302.0,199.0,2012,371390.0,62.0,0.0,8.0,63.0,70.0,6.0,3.0,0.0,1181154.0,127083866.0,432.0,406572.0,5219233.0,-4812661.0,112300.0
Vanuatu,30,1231888.0,1181154.0,1148002.0,302.0,1110.0,2013,371390.0,230.0,0.0,60.0,425.0,372.0,18.0,30.0,92.0,1181154.0,127083866.0,432.0,406572.0,5219233.0,-4812661.0,551971.0
Vanuatu,30,1231888.0,1181154.0,1148002.0,302.0,634.0,2014,371390.0,118.0,0.0,36.0,245.0,167.0,13.0,29.0,19.0,1181154.0,127083866.0,432.0,406572.0,5219233.0,-4812661.0,339518.0
Vanuatu,30,1231888.0,1181154.0,1148002.0,302.0,3477.0,2015,371390.0,699.0,0.0,903.0,1949.0,225.0,32.0,71.0,191.0,1181154.0,127083866.0,432.0,406572.0,5219233.0,-4812661.0,1817954.0
Vanuatu,30,1231888.0,1181154.0,1148002.0,302.0,1341.0,2016,371390.0,224.0,0.0,211.0,324.0,282.0,21.0,72.0,396.0,1181154.0,127083866.0,432.0,406572.0,5219233.0,-4812661.0,679327.0
Vanuatu,30,1231888.0,1181154.0,1148002.0,302.0,435.0,2017,371390.0,187.0,0.0,28.0,192.0,87.0,5.0,10.0,87.0,1181154.0,127083866.0,432.0,406572.0,5219233.0,-4812661.0,212494.0
Vanuatu,30,1231888.0,1181154.0,1148002.0,302.0,1031.0,2018,371390.0,238.0,0.0,384.0,575.0,34.0,2.0,6.0,11.0,1181154.0,127083866.0,432.0,406572.0,5219233.0,-4812661.0,682790.0
Vanuatu,30,1231888.0,1181154.0,1148002.0,302.0,251.0,2019,371390.0,51.0,0.0,29.0,112.0,79.0,3.0,10.0,8.0,1181154.0,127083866.0,432.0,406572.0,5219233.0,-4812661.0,129463.0
Vanuatu,30,1231888.0,1181154.0,1148002.0,302.0,3935.0,2020,371390.0,1674.0,0.0,1696.0,1783.0,221.0,6.0,176.0,0.0,1181154.0,127083866.0,432.0,406572.0,5219233.0,-4812661.0,2479162.0
Vanuatu,30,1231888.0,1181154.0,1148002.0,302.0,58.0,2021,371390.0,13.0,0.0,15.0,26.0,8.0,2.0,0.0,0.0,1181154.0,127083866.0,432.0,406572.0,5219233.0,-4812661.0,30138.0
Vanuatu,30,1231888.0,1181154.0,1148002.0,302.0,49.0,2022,371390.0,15.0,0.0,2.0,30.0,8.0,0.0,1.0,0.0,1181154.0,127083866.0,432.0,406572.0,5219233.0,-4812661.0,27962.0
Vanuatu,30,1231888.0,1181154.0,1148002.0,302.0,839.0,2023,371390.0,75.0,0.0,70.0,544.0,139.0,24.0,20.0,26.0,1181154.0,127083866.0,432.0,406572.0,5219233.0,-4812661.0,428922.0
Vanuatu,30,1231888.0,1181154.0,1148002.0,302.0,311.0,2024,371390.0,77.0,0.0,10.0,126.0,63.0,2.0,31.0,69.0,1181154.0,127083866.0,432.0,406572.0,5219233.0,-4812661.0,150206.0
Venezuela,30,91236016.0,56519470.0,57258606.0,491073.0,123901.0,2001,0.0,0.0,928.0,4746.0,7247.0,93630.0,614.0,5908.0,8744.0,56519470.0,5788715869.0,485.0,47639215.0,163318714.0,-115679497.0,49775584.0
Venezuela,30,91236016.0,56519470.0,57258606.0,491073.0,90340.0,2002,38654064.0,11320.0,1160.0,5773.0,3208.0,73666.0,478.0,3145.0,1282.0,56519470.0,5788715869.0,485.0,47639215.0,163318714.0,-115679497.0,35252248.0
Venezuela,30,91236016.0,56519470.0,57258606.0,491073.0,87218.0,2003,38654064.0,20761.0,1098.0,4523.0,5061.0,62840.0,367.0,4805.0,7183.0,56519470.0,5788715869.0,485.0,47639215.0,163318714.0,-115679497.0,36137290.0
Venezuela,30,91236016.0,56519470.0,57258606.0,491073.0,90926.0,2004,38654064.0,15891.0,1418.0,7722.0,2988.0,69859.0,450.0,3658.0,3660.0,56519470.0,5788715869.0,485.0,47639215.0,163318714.0,-115679497.0,37417600.0
Venezuela,30,91236016.0,56519470.0,57258606.0,491073.0,94954.0,2005,38654064.0,15561.0,1293.0,5298.0,2569.0,76178.0,619.0,3422.0,4465.0,56519470.0,5788715869.0,485.0,47639215.0,163318714.0,-115679497.0,39154372.0
Venezuela,30,91236016.0,56519470.0,57258606.0,491073.0,85505.0,2006,38654064.0,14243.0,1484.0,8015.0,2820.0,65772.0,681.0,2962.0,2622.0,56519470.0,5788715869.0,485.0,47639215.0,163318714.0,-115679497.0,35334994.0
Venezuela,30,91236016.0,56519470.0,57258606.0,491073.0,114340.0,2007,38654064.0,26102.0,1478.0,6251.0,6657.0,88224.0,984.0,4911.0,4610.0,56519470.0,5788715869.0,485.0,47639215.0,163318714.0,-115679497.0,49119698.0
Venezuela,30,91236016.0,56519470.0,57258606.0,491073.0,120585.0,2008,38654064.0,19852.0,1513.0,10236.0,3920.0,96710.0,919.0,4119.0,1773.0,56519470.0,5788715869.0,485.0,47639215.0,163318714.0,-115679497.0,50645980.0
Venezuela,30,91236016.0,56519470.0,57258606.0,491073.0,142454.0,2009,38654064.0,23435.0,2333.0,9209.0,5360.0,115120.0,911.0,3918.0,3755.0,56519470.0,5788715869.0,485.0,47639215.0,163318714.0,-115679497.0,60335857.0
Venezuela,30,91236016.0,56519470.0,57258606.0,491073.0,101296.0,2010,38654064.0,25787.0,1292.0,5743.0,7084.0,70530.0,403.0,4300.0,10258.0,56519470.0,5788715869.0,485.0,47639215.0,163318714.0,-115679497.0,45358995.0
Venezuela,30,91236016.0,56519470.0,57258606.0,491073.0,74407.0,2011,38654064.0,15592.0,2021.0,9334.0,1982.0,54159.0,564.0,2769.0,1956.0,56519470.0,5788715869.0,485.0,47639215.0,163318714.0,-115679497.0,33564279.0
Venezuela,30,91236016.0,56519470.0,57258606.0,491073.0,105951.0,2012,38654064.0,22108.0,2251.0,11671.0,3052.0,79122.0,680.0,2836.0,2169.0,56519470.0,5788715869.0,485.0,47639215.0,163318714.0,-115679497.0,47494740.0
Venezuela,30,91236016.0,56519470.0,57258606.0,491073.0,64490.0,2013,38654064.0,15331.0,1126.0,8755.0,2399.0,44238.0,202.0,3833.0,2540.0,56519470.0,5788715869.0,485.0,47639215.0,163318714.0,-115679497.0,28825624.0
Venezuela,30,91236016.0,56519470.0,57258606.0,491073.0,100941.0,2014,38654064.0,20598.0,1660.0,8709.0,4544.0,76776.0,289.0,4322.0,3169.0,56519470.0,5788715869.0,485.0,47639215.0,163318714.0,-115679497.0,45434420.0
Venezuela,30,91236016.0,56519470.0,57258606.0,491073.0,61336.0,2015,38654064.0,15534.0,1467.0,3584.0,2800.0,46652.0,191.0,3132.0,3121.0,56519470.0,5788715869.0,485.0,47639215.0,163318714.0,-115679497.0,28071778.0
Venezuela,30,91236016.0,56519470.0,57258606.0,491073.0,207336.0,2016,38654064.0,84699.0,3117.0,3895.0,10478.0,95891.0,241.0,9922.0,82820.0,56519470.0,5788715869.0,485.0,47639215.0,163318714.0,-115679497.0,82499088.0
Venezuela,30,91236016.0,56519470.0,57258606.0,491073.0,166998.0,2017,38654064.0,43748.0,4971.0,2673.0,5976.0,129539.0,264.0,14450.0,8455.0,56519470.0,5788715869.0,485.0,47639215.0,163318714.0,-115679497.0,81294075.0
Venezuela,30,91236016.0,56519470.0,57258606.0,491073.0,112166.0,2018,38654064.0,30125.0,3420.0,2415.0,6876.0,78725.0,181.0,11447.0,8654.0,56519470.0,5788715869.0,485.0,47639215.0,163318714.0,-115679497.0,54184764.0
Venezuela,30,91236016.0,56519470.0,57258606.0,491073.0,140699.0,2019,38654064.0,58767.0,3862.0,4674.0,21839.0,67968.0,158.0,9365.0,32196.0,56519470.0,5788715869.0,485.0,47639215.0,163318714.0,-115679497.0,62126797.0
Venezuela,30,91236016.0,56519470.0,57258606.0,491073.0,139222.0,2020,38654064.0,53669.0,3280.0,2494.0,10020.0,87433.0,214.0,12952.0,22192.0,56519470.0,5788715869.0,485.0,47639215.0,163318714.0,-115679497.0,67291721.0
Venezuela,30,91236016.0,56519470.0,57258606.0,491073.0,64338.0,2021,38654064.0,22680.0,3071.0,2020.0,4761.0,44942.0,102.0,6223.0,2703.0,56519470.0,5788715869.0,485.0,47639215.0,163318714.0,-115679497.0,32868913.0
Venezuela,30,91236016.0,56519470.0,57258606.0,491073.0,55748.0,2022,38654064.0,19802.0,2735.0,2036.0,2808.0,40598.0,60.0,5108.0,2022.0,56519470.0,5788715869.0,485.0,47639215.0,163318714.0,-115679497.0,29368654.0
Venezuela,30,91236016.0,56519470.0,57258606.0,491073.0,76608.0,2023,38654064.0,27488.0,4369.0,2502.0,3667.0,55259.0,117.0,6268.0,4164.0,56519470.0,5788715869.0,485.0,47639215.0,163318714.0,-115679497.0,41263905.0
Venezuela,30,91236016.0,56519470.0,57258606.0,491073.0,145094.0,2024,38654064.0,74428.0,4448.0,3752.0,13169.0,66743.0,105.0,7999.0,48257.0,56519470.0,5788715869.0,485.0,47639215.0,163318714.0,-115679497.0,70519802.0
Vietnam,30,32926973.0,16550836.0,16371002.0,1004749.0,47457.0,2001,0.0,0.0,353.0,13888.0,279.0,24882.0,812.0,6499.0,23.0,16550836.0,1637375684.0,453.0,110722233.0,116820082.0,-6097852.0,24262726.0
Vietnam,30,32926973.0,16550836.0,16371002.0,1004749.0,49625.0,2002,6792860.0,11028.0,434.0,9143.0,343.0,33903.0,586.0,4742.0,45.0,16550836.0,1637375684.0,453.0,110722233.0,116820082.0,-6097852.0,25405282.0
Vietnam,30,32926973.0,16550836.0,16371002.0,1004749.0,43005.0,2003,6792860.0,9521.0,466.0,12467.0,225.0,20781.0,717.0,7956.0,30.0,16550836.0,1637375684.0,453.0,110722233.0,116820082.0,-6097852.0,22451034.0
Vietnam,30,32926973.0,16550836.0,16371002.0,1004749.0,73883.0,2004,6792860.0,21113.0,899.0,22489.0,393.0,38391.0,1905.0,9332.0,46.0,16550836.0,1637375684.0,453.0,110722233.0,116820082.0,-6097852.0,40098315.0
Vietnam,30,32926973.0,16550836.0,16371002.0,1004749.0,102213.0,2005,6792860.0,27779.0,1161.0,31198.0,630.0,54474.0,1095.0,13094.0,78.0,16550836.0,1637375684.0,453.0,110722233.0,116820082.0,-6097852.0,56363607.0
Vietnam,30,32926973.0,16550836.0,16371002.0,1004749.0,78782.0,2006,6792860.0,20141.0,1022.0,23756.0,499.0,38721.0,1197.0,13164.0,72.0,16550836.0,1637375684.0,453.0,110722233.0,116820082.0,-6097852.0,44889933.0
Vietnam,30,32926973.0,16550836.0,16371002.0,1004749.0,80229.0,2007,6792860.0,22289.0,1264.0,30112.0,734.0,33275.0,1376.0,12972.0,135.0,16550836.0,1637375684.0,453.0,110722233.0,116820082.0,-6097852.0,46374980.0
Vietnam,30,32926973.0,16550836.0,16371002.0,1004749.0,108304.0,2008,6792860.0,34412.0,1429.0,23262.0,419.0,69982.0,1458.0,11406.0,47.0,16550836.0,1637375684.0,453.0,110722233.0,116820082.0,-6097852.0,66523666.0
Vietnam,30,32926973.0,16550836.0,16371002.0,1004749.0,137762.0,2009,6792860.0,46840.0,1614.0,46481.0,1036.0,68031.0,1999.0,17942.0,64.0,16550836.0,1637375684.0,453.0,110722233.0,116820082.0,-6097852.0,87014816.0
Vietnam,30,32926973.0,16550836.0,16371002.0,1004749.0,174283.0,2010,6792860.0,64643.0,1482.0,36595.0,1234.0,111107.0,1343.0,21494.0,346.0,16550836.0,1637375684.0,453.0,110722233.0,116820082.0,-6097852.0,109622301.0
Vietnam,30,32926973.0,16550836.0,16371002.0,1004749.0,130811.0,2011,6792860.0,45426.0,1724.0,38114.0,673.0,75302.0,1204.0,13226.0,158.0,16550836.0,1637375684.0,453.0,110722233.0,116820082.0,-6097852.0,90211514.0
Vietnam,30,32926973.0,16550836.0,16371002.0,1004749.0,181276.0,2012,6792860.0,68368.0,2166.0,76960.0,883.0,86209.0,948.0,13410.0,64.0,16550836.0,1637375684.0,453.0,110722233.0,116820082.0,-6097852.0,128710936.0
Vietnam,30,32926973.0,16550836.0,16371002.0,1004749.0,132425.0,2013,6792860.0,26716.0,1714.0,80936.0,387.0,31244.0,661.0,17277.0,52.0,16550836.0,1637375684.0,453.0,110722233.0,116820082.0,-6097852.0,93722648.0
Vietnam,30,32926973.0,16550836.0,16371002.0,1004749.0,217326.0,2014,6792860.0,41815.0,4088.0,126523.0,742.0,59963.0,1542.0,24123.0,90.0,16550836.0,1637375684.0,453.0,110722233.0,116820082.0,-6097852.0,144035001.0
Vietnam,30,32926973.0,16550836.0,16371002.0,1004749.0,217883.0,2015,6792860.0,38580.0,1648.0,131479.0,617.0,51872.0,1123.0,30885.0,104.0,16550836.0,1637375684.0,453.0,110722233.0,116820082.0,-6097852.0,145570034.0
Vietnam,30,32926973.0,16550836.0,16371002.0,1004749.0,353430.0,2016,6792860.0,68841.0,3254.0,201281.0,1675.0,91429.0,2518.0,51022.0,2092.0,16550836.0,1637375684.0,453.0,110722233.0,116820082.0,-6097852.0,256123229.0
Vietnam,30,32926973.0,16550836.0,16371002.0,1004749.0,286999.0,2017,6792860.0,45060.0,3218.0,158345.0,1420.0,74672.0,2477.0,46482.0,196.0,16550836.0,1637375684.0,453.0,110722233.0,116820082.0,-6097852.0,223236801.0
Vietnam,30,32926973.0,16550836.0,16371002.0,1004749.0,225177.0,2018,6792860.0,33410.0,1857.0,129864.0,1001.0,52229.0,1652.0,38152.0,323.0,16550836.0,1637375684.0,453.0,110722233.0,116820082.0,-6097852.0,184037072.0
Vietnam,30,32926973.0,16550836.0,16371002.0,1004749.0,216777.0,2019,6792860.0,30898.0,1523.0,125443.0,372.0,52512.0,1185.0,35502.0,162.0,16550836.0,1637375684.0,453.0,110722233.0,116820082.0,-6097852.0,168050216.0
Vietnam,30,32926973.0,16550836.0,16371002.0,1004749.0,207647.0,2020,6792860.0,32629.0,1894.0,111657.0,391.0,52111.0,1116.0,40211.0,160.0,16550836.0,1637375684.0,453.0,110722233.0,116820082.0,-6097852.0,157081750.0
Vietnam,30,32926973.0,16550836.0,16371002.0,1004749.0,193095.0,2021,6792860.0,29028.0,2533.0,109805.0,1473.0,40855.0,1096.0,37064.0,119.0,16550836.0,1637375684.0,453.0,110722233.0,116820082.0,-6097852.0,168387714.0
Vietnam,30,32926973.0,16550836.0,16371002.0,1004749.0,165150.0,2022,6792860.0,21676.0,1295.0,87421.0,349.0,40887.0,1050.0,33944.0,115.0,16550836.0,1637375684.0,453.0,110722233.0,116820082.0,-6097852.0,142322720.0
Vietnam,30,32926973.0,16550836.0,16371002.0,1004749.0,135321.0,2023,6792860.0,16455.0,1044.0,66383.0,477.0,37653.0,736.0,28834.0,157.0,16550836.0,1637375684.0,453.0,110722233.0,116820082.0,-6097852.0,117827967.0
Vietnam,30,32926973.0,16550836.0,16371002.0,1004749.0,128461.0,2024,6792860.0,16924.0,937.0,60335.0,352.0,39061.0,764.0,26121.0,835.0,16550836.0,1637375684.0,453.0,110722233.0,116820082.0,-6097852.0,115009309.0
"Virgin Islands, U.S.",30,36213.0,18998.0,18647.0,209.0,123.0,2001,0.0,0.0,0.0,0.0,0.0,70.0,45.0,3.0,0.0,18998.0,1373643.0,210.0,38563.0,78299.0,-39736.0,48247.0
"Virgin Islands, U.S.",30,36213.0,18998.0,18647.0,209.0,21.0,2002,2762.0,0.0,0.0,0.0,0.0,5.0,9.0,5.0,0.0,18998.0,1373643.0,210.0,38563.0,78299.0,-39736.0,9163.0
"Virgin Islands, U.S.",30,36213.0,18998.0,18647.0,209.0,40.0,2003,2762.0,6.0,0.0,0.0,0.0,11.0,25.0,1.0,0.0,18998.0,1373643.0,210.0,38563.0,78299.0,-39736.0,16314.0
"Virgin Islands, U.S.",30,36213.0,18998.0,18647.0,209.0,33.0,2004,2762.0,0.0,0.0,0.0,2.0,9.0,19.0,1.0,0.0,18998.0,1373643.0,210.0,38563.0,78299.0,-39736.0,14671.0
"Virgin Islands, U.S.",30,36213.0,18998.0,18647.0,209.0,20.0,2005,2762.0,1.0,0.0,0.0,0.0,6.0,12.0,0.0,0.0,18998.0,1373643.0,210.0,38563.0,78299.0,-39736.0,7729.0
"Virgin Islands, U.S.",30,36213.0,18998.0,18647.0,209.0,74.0,2006,2762.0,1.0,0.0,0.0,1.0,15.0,48.0,7.0,0.0,18998.0,1373643.0,210.0,38563.0,78299.0,-39736.0,31280.0
"Virgin Islands, U.S.",30,36213.0,18998.0,18647.0,209.0,25.0,2007,2762.0,1.0,0.0,0.0,1.0,3.0,15.0,4.0,0.0,18998.0,1373643.0,210.0,38563.0,78299.0,-39736.0,10812.0
"Virgin Islands, U.S.",30,36213.0,18998.0,18647.0,209.0,41.0,2008,2762.0,0.0,0.0,0.0,1.0,7.0,25.0,4.0,0.0,18998.0,1373643.0,210.0,38563.0,78299.0,-39736.0,16974.0
"Virgin Islands, U.S.",30,36213.0,18998.0,18647.0,209.0,86.0,2009,2762.0,0.0,0.0,0.0,1.0,20.0,52.0,8.0,0.0,18998.0,1373643.0,210.0,38563.0,78299.0,-39736.0,35360.0
"Virgin Islands, U.S.",30,36213.0,18998.0,18647.0,209.0,21.0,2010,2762.0,0.0,0.0,0.0,0.0,3.0,15.0,0.0,0.0,18998.0,1373643.0,210.0,38563.0,78299.0,-39736.0,8640.0
"Virgin Islands, U.S.",30,36213.0,18998.0,18647.0,209.0,50.0,2011,2762.0,0.0,0.0,0.0,1.0,10.0,30.0,4.0,0.0,18998.0,1373643.0,210.0,38563.0,78299.0,-39736.0,22621.0
"Virgin Islands, U.S.",30,36213.0,18998.0,18647.0,209.0,26.0,2012,2762.0,1.0,0.0,0.0,0.0,10.0,9.0,4.0,0.0,18998.0,1373643.0,210.0,38563.0,78299.0,-39736.0,11575.0
"Virgin Islands, U.S.",30,36213.0,18998.0,18647.0,209.0,27.0,2013,2762.0,51.0,0.0,0.0,0.0,7.0,15.0,2.0,0.0,18998.0,1373643.0,210.0,38563.0,78299.0,-39736.0,11643.0
"Virgin Islands, U.S.",30,36213.0,18998.0,18647.0,209.0,21.0,2014,2762.0,17.0,0.0,0.0,0.0,6.0,13.0,0.0,0.0,18998.0,1373643.0,210.0,38563.0,78299.0,-39736.0,8795.0
"Virgin Islands, U.S.",30,36213.0,18998.0,18647.0,209.0,0.0,2015,2762.0,0.0,0.0,0.0,0.0,0.0,0.0,0.0,0.0,18998.0,1373643.0,210.0,38563.0,78299.0,-39736.0,146.0
"Virgin Islands, U.S.",30,36213.0,18998.0,18647.0,209.0,8.0,2016,2762.0,0.0,0.0,0.0,5.0,0.0,1.0,1.0,0.0,18998.0,1373643.0,210.0,38563.0,78299.0,-39736.0,3357.0
"Virgin Islands, U.S.",30,36213.0,18998.0,18647.0,209.0,1127.0,2017,2762.0,0.0,0.0,0.0,331.0,187.0,83.0,506.0,14.0,18998.0,1373643.0,210.0,38563.0,78299.0,-39736.0,594994.0
"Virgin Islands, U.S.",30,36213.0,18998.0,18647.0,209.0,45.0,2018,2762.0,0.0,0.0,0.0,23.0,8.0,12.0,0.0,0.0,18998.0,1373643.0,210.0,38563.0,78299.0,-39736.0,17544.0
"Virgin Islands, U.S.",30,36213.0,18998.0,18647.0,209.0,20.0,2019,2762.0,0.0,0.0,0.0,0.0,11.0,5.0,0.0,0.0,18998.0,1373643.0,210.0,38563.0,78299.0,-39736.0,7770.0
"Virgin Islands, U.S.",30,36213.0,18998.0,18647.0,209.0,14.0,2020,2762.0,0.0,0.0,0.0,0.0,4.0,9.0,0.0,0.0,18998.0,1373643.0,210.0,38563.0,78299.0,-39736.0,5559.0
"Virgin Islands, U.S.",30,36213.0,18998.0,18647.0,209.0,19.0,2021,2762.0,0.0,0.0,0.0,0.0,5.0,13.0,0.0,0.0,18998.0,1373643.0,210.0,38563.0,78299.0,-39736.0,8097.0
"Virgin Islands, U.S.",30,36213.0,18998.0,18647.0,209.0,34.0,2022,2762.0,0.0,0.0,0.0,2.0,10.0,19.0,0.0,0.0,18998.0,1373643.0,210.0,38563.0,78299.0,-39736.0,13687.0
"Virgin Islands, U.S.",30,36213.0,18998.0,18647.0,209.0,27.0,2023,2762.0,0.0,0.0,0.0,0.0,17.0,7.0,1.0,0.0,18998.0,1373643.0,210.0,38563.0,78299.0,-39736.0,10580.0
"Virgin Islands, U.S.",30,36213.0,18998.0,18647.0,209.0,21.0,2024,2762.0,0.0,0.0,0.0,5.0,6.0,5.0,3.0,0.0,18998.0,1373643.0,210.0,38563.0,78299.0,-39736.0,9970.0
Yemen,30,45217989.0,126.0,147.0,7050.0,0.0,2001,0.0,0.0,0.0,0.0,0.0,0.0,0.0,0.0,0.0,126.0,4799.0,38.0,0.0,25907.0,-25907.0,0.0
Yemen,30,45217989.0,126.0,147.0,7050.0,0.0,2002,0.0,0.0,0.0,0.0,0.0,0.0,0.0,0.0,0.0,126.0,4799.0,38.0,0.0,25907.0,-25907.0,0.0
Yemen,30,45217989.0,126.0,147.0,7050.0,0.0,2003,0.0,0.0,0.0,0.0,0.0,0.0,0.0,0.0,0.0,126.0,4799.0,38.0,0.0,25907.0,-25907.0,0.0
Yemen,30,45217989.0,126.0,147.0,7050.0,0.0,2004,0.0,0.0,0.0,0.0,0.0,0.0,0.0,0.0,0.0,126.0,4799.0,38.0,0.0,25907.0,-25907.0,0.0
Yemen,30,45217989.0,126.0,147.0,7050.0,0.0,2005,0.0,0.0,0.0,0.0,0.0,0.0,0.0,0.0,0.0,126.0,4799.0,38.0,0.0,25907.0,-25907.0,0.0
Yemen,30,45217989.0,126.0,147.0,7050.0,0.0,2006,0.0,0.0,0.0,0.0,0.0,0.0,0.0,0.0,0.0,126.0,4799.0,38.0,0.0,25907.0,-25907.0,0.0
Yemen,30,45217989.0,126.0,147.0,7050.0,0.0,2007,0.0,0.0,0.0,0.0,0.0,0.0,0.0,0.0,0.0,126.0,4799.0,38.0,0.0,25907.0,-25907.0,0.0
Yemen,30,45217989.0,126.0,147.0,7050.0,0.0,2008,0.0,0.0,0.0,0.0,0.0,0.0,0.0,0.0,0.0,126.0,4799.0,38.0,0.0,25907.0,-25907.0,0.0
Yemen,30,45217989.0,126.0,147.0,7050.0,0.0,2009,0.0,0.0,0.0,0.0,0.0,0.0,0.0,0.0,0.0,126.0,4799.0,38.0,0.0,25907.0,-25907.0,0.0
Yemen,30,45217989.0,126.0,147.0,7050.0,0.0,2010,0.0,0.0,0.0,0.0,0.0,0.0,0.0,0.0,0.0,126.0,4799.0,38.0,0.0,25907.0,-25907.0,0.0
Yemen,30,45217989.0,126.0,147.0,7050.0,0.0,2011,0.0,0.0,0.0,0.0,0.0,0.0,0.0,0.0,0.0,126.0,4799.0,38.0,0.0,25907.0,-25907.0,0.0
Yemen,30,45217989.0,126.0,147.0,7050.0,0.0,2012,0.0,0.0,0.0,0.0,0.0,0.0,0.0,0.0,0.0,126.0,4799.0,38.0,0.0,25907.0,-25907.0,0.0
Yemen,30,45217989.0,126.0,147.0,7050.0,0.0,2013,0.0,0.0,0.0,0.0,0.0,0.0,0.0,0.0,0.0,126.0,4799.0,38.0,0.0,25907.0,-25907.0,0.0
Yemen,30,45217989.0,126.0,147.0,7050.0,0.0,2014,0.0,0.0,0.0,0.0,0.0,0.0,0.0,0.0,0.0,126.0,4799.0,38.0,0.0,25907.0,-25907.0,0.0
Yemen,30,45217989.0,126.0,147.0,7050.0,0.0,2015,0.0,0.0,0.0,0.0,0.0,0.0,0.0,0.0,0.0,126.0,4799.0,38.0,0.0,25907.0,-25907.0,0.0
Yemen,30,45217989.0,126.0,147.0,7050.0,0.0,2016,0.0,0.0,0.0,0.0,0.0,0.0,0.0,0.0,0.0,126.0,4799.0,38.0,0.0,25907.0,-25907.0,0.0
Yemen,30,45217989.0,126.0,147.0,7050.0,0.0,2017,0.0,0.0,0.0,0.0,0.0,0.0,0.0,0.0,0.0,126.0,4799.0,38.0,0.0,25907.0,-25907.0,0.0
Yemen,30,45217989.0,126.0,147.0,7050.0,0.0,2018,0.0,0.0,0.0,0.0,0.0,0.0,0.0,0.0,0.0,126.0,4799.0,38.0,0.0,25907.0,-25907.0,0.0
Yemen,30,45217989.0,126.0,147.0,7050.0,0.0,2019,0.0,0.0,0.0,0.0,0.0,0.0,0.0,0.0,0.0,126.0,4799.0,38.0,0.0,25907.0,-25907.0,0.0
Yemen,30,45217989.0,126.0,147.0,7050.0,0.0,2020,0.0,0.0,0.0,0.0,0.0,0.0,0.0,0.0,0.0,126.0,4799.0,38.0,0.0,25907.0,-25907.0,0.0
Yemen,30,45217989.0,126.0,147.0,7050.0,0.0,2021,0.0,0.0,0.0,0.0,0.0,0.0,0.0,0.0,0.0,126.0,4799.0,38.0,0.0,25907.0,-25907.0,0.0
Yemen,30,45217989.0,126.0,147.0,7050.0,0.0,2022,0.0,0.0,0.0,0.0,0.0,0.0,0.0,0.0,0.0,126.0,4799.0,38.0,0.0,25907.0,-25907.0,0.0
Yemen,30,45217989.0,126.0,147.0,7050.0,0.0,2023,0.0,0.0,0.0,0.0,0.0,0.0,0.0,0.0,0.0,126.0,4799.0,38.0,0.0,25907.0,-25907.0,0.0
Yemen,30,45217989.0,126.0,147.0,7050.0,0.0,2024,0.0,0.0,0.0,0.0,0.0,0.0,0.0,0.0,0.0,126.0,4799.0,38.0,0.0,25907.0,-25907.0,0.0
Zambia,30,75117410.0,24075023.0,22464658.0,766935.0,30104.0,2001,0.0,0.0,87.0,154.0,183.0,23847.0,126.0,4633.0,524.0,24075023.0,1605549401.0,326.0,42037269.0,54573216.0,-12535946.0,12543712.0
Zambia,30,75117410.0,24075023.0,22464658.0,766935.0,46275.0,2002,331125.0,62.0,211.0,273.0,212.0,33596.0,261.0,10361.0,660.0,24075023.0,1605549401.0,326.0,42037269.0,54573216.0,-12535946.0,17176948.0
Zambia,30,75117410.0,24075023.0,22464658.0,766935.0,42087.0,2003,331125.0,133.0,149.0,98.0,197.0,31412.0,115.0,9054.0,510.0,24075023.0,1605549401.0,326.0,42037269.0,54573216.0,-12535946.0,16446540.0
Zambia,30,75117410.0,24075023.0,22464658.0,766935.0,28473.0,2004,331125.0,431.0,72.0,27.0,184.0,22581.0,53.0,4308.0,911.0,24075023.0,1605549401.0,326.0,42037269.0,54573216.0,-12535946.0,10133385.0
Zambia,30,75117410.0,24075023.0,22464658.0,766935.0,57545.0,2005,331125.0,242.0,461.0,215.0,188.0,43000.0,168.0,12092.0,817.0,24075023.0,1605549401.0,326.0,42037269.0,54573216.0,-12535946.0,20414512.0
Zambia,30,75117410.0,24075023.0,22464658.0,766935.0,40470.0,2006,331125.0,277.0,264.0,302.0,184.0,31293.0,94.0,5936.0,2075.0,24075023.0,1605549401.0,326.0,42037269.0,54573216.0,-12535946.0,14249544.0
Zambia,30,75117410.0,24075023.0,22464658.0,766935.0,53769.0,2007,331125.0,538.0,483.0,283.0,284.0,37836.0,129.0,13222.0,1114.0,24075023.0,1605549401.0,326.0,42037269.0,54573216.0,-12535946.0,18560918.0
Zambia,30,75117410.0,24075023.0,22464658.0,766935.0,66102.0,2008,331125.0,305.0,294.0,485.0,70.0,52012.0,184.0,11977.0,625.0,24075023.0,1605549401.0,326.0,42037269.0,54573216.0,-12535946.0,22635575.0
Zambia,30,75117410.0,24075023.0,22464658.0,766935.0,117626.0,2009,331125.0,1298.0,1279.0,812.0,76.0,97244.0,545.0,16356.0,794.0,24075023.0,1605549401.0,326.0,42037269.0,54573216.0,-12535946.0,44200925.0
Zambia,30,75117410.0,24075023.0,22464658.0,766935.0,172817.0,2010,331125.0,2850.0,665.0,4163.0,257.0,134644.0,275.0,31330.0,768.0,24075023.0,1605549401.0,326.0,42037269.0,54573216.0,-12535946.0,67045145.0
Zambia,30,75117410.0,24075023.0,22464658.0,766935.0,60115.0,2011,331125.0,176.0,1130.0,404.0,56.0,51212.0,306.0,6216.0,297.0,24075023.0,1605549401.0,326.0,42037269.0,54573216.0,-12535946.0,24204359.0
Zambia,30,75117410.0,24075023.0,22464658.0,766935.0,128442.0,2012,331125.0,949.0,1863.0,5234.0,334.0,98749.0,444.0,20526.0,688.0,24075023.0,1605549401.0,326.0,42037269.0,54573216.0,-12535946.0,52173183.0
Zambia,30,75117410.0,24075023.0,22464658.0,766935.0,84673.0,2013,331125.0,1598.0,1736.0,3942.0,390.0,52557.0,337.0,21816.0,2503.0,24075023.0,1605549401.0,326.0,42037269.0,54573216.0,-12535946.0,30254451.0
Zambia,30,75117410.0,24075023.0,22464658.0,766935.0,114810.0,2014,331125.0,2061.0,1213.0,3821.0,311.0,79491.0,389.0,26563.0,2209.0,24075023.0,1605549401.0,326.0,42037269.0,54573216.0,-12535946.0,41572133.0
Zambia,30,75117410.0,24075023.0,22464658.0,766935.0,87182.0,2015,331125.0,2336.0,961.0,2840.0,86.0,59955.0,270.0,19082.0,3813.0,24075023.0,1605549401.0,326.0,42037269.0,54573216.0,-12535946.0,31501758.0
Zambia,30,75117410.0,24075023.0,22464658.0,766935.0,141401.0,2016,331125.0,2860.0,1069.0,4102.0,155.0,93248.0,387.0,33252.0,9025.0,24075023.0,1605549401.0,326.0,42037269.0,54573216.0,-12535946.0,50645660.0
Zambia,30,75117410.0,24075023.0,22464658.0,766935.0,162432.0,2017,331125.0,3360.0,925.0,3634.0,112.0,115359.0,470.0,41033.0,756.0,24075023.0,1605549401.0,326.0,42037269.0,54573216.0,-12535946.0,58988276.0
Zambia,30,75117410.0,24075023.0,22464658.0,766935.0,143922.0,2018,331125.0,2424.0,801.0,3438.0,62.0,100877.0,313.0,38043.0,286.0,24075023.0,1605549401.0,326.0,42037269.0,54573216.0,-12535946.0,52760128.0
Zambia,30,75117410.0,24075023.0,22464658.0,766935.0,124580.0,2019,331125.0,2555.0,990.0,2167.0,25.0,85090.0,231.0,34369.0,1633.0,24075023.0,1605549401.0,326.0,42037269.0,54573216.0,-12535946.0,45680278.0
Zambia,30,75117410.0,24075023.0,22464658.0,766935.0,162801.0,2020,331125.0,2165.0,687.0,961.0,47.0,119942.0,217.0,40388.0,445.0,24075023.0,1605549401.0,326.0,42037269.0,54573216.0,-12535946.0,60708720.0
Zambia,30,75117410.0,24075023.0,22464658.0,766935.0,201228.0,2021,331125.0,2911.0,826.0,886.0,67.0,156079.0,332.0,41043.0,1841.0,24075023.0,1605549401.0,326.0,42037269.0,54573216.0,-12535946.0,79141457.0
Zambia,30,75117410.0,24075023.0,22464658.0,766935.0,179006.0,2022,331125.0,2422.0,1015.0,404.0,52.0,133366.0,150.0,42685.0,1205.0,24075023.0,1605549401.0,326.0,42037269.0,54573216.0,-12535946.0,70284982.0
Zambia,30,75117410.0,24075023.0,22464658.0,766935.0,190289.0,2023,331125.0,2675.0,1752.0,545.0,59.0,141849.0,155.0,44759.0,1063.0,24075023.0,1605549401.0,326.0,42037269.0,54573216.0,-12535946.0,75447016.0
Zambia,30,75117410.0,24075023.0,22464658.0,766935.0,229624.0,2024,331125.0,3913.0,1800.0,662.0,93.0,168810.0,228.0,54407.0,3222.0,24075023.0,1605549401.0,326.0,42037269.0,54573216.0,-12535946.0,92124870.0
Zimbabwe,30,39004305.0,1411915.0,1059391.0,151868.0,8191.0,2001,0.0,0.0,6.0,3149.0,10.0,4580.0,16.0,106.0,83.0,1411915.0,71226778.0,287.0,4875231.0,6227387.0,-1352156.0,3140516.0
Zimbabwe,30,39004305.0,1411915.0,1059391.0,151868.0,8011.0,2002,7612.0,14.0,8.0,2597.0,2.0,5077.0,28.0,45.0,23.0,1411915.0,71226778.0,287.0,4875231.0,6227387.0,-1352156.0,2877888.0
Zimbabwe,30,39004305.0,1411915.0,1059391.0,151868.0,7315.0,2003,7612.0,8.0,5.0,3497.0,25.0,3618.0,23.0,25.0,33.0,1411915.0,71226778.0,287.0,4875231.0,6227387.0,-1352156.0,3027550.0
Zimbabwe,30,39004305.0,1411915.0,1059391.0,151868.0,8418.0,2004,7612.0,20.0,4.0,4093.0,2.0,4133.0,17.0,96.0,21.0,1411915.0,71226778.0,287.0,4875231.0,6227387.0,-1352156.0,3375915.0
Zimbabwe,30,39004305.0,1411915.0,1059391.0,151868.0,11748.0,2005,7612.0,27.0,9.0,3646.0,5.0,7713.0,24.0,84.0,54.0,1411915.0,71226778.0,287.0,4875231.0,6227387.0,-1352156.0,4442356.0
Zimbabwe,30,39004305.0,1411915.0,1059391.0,151868.0,14876.0,2006,7612.0,25.0,18.0,8251.0,10.0,6328.0,26.0,76.0,48.0,1411915.0,71226778.0,287.0,4875231.0,6227387.0,-1352156.0,7127279.0
Zimbabwe,30,39004305.0,1411915.0,1059391.0,151868.0,9295.0,2007,7612.0,16.0,13.0,3245.0,12.0,5744.0,40.0,22.0,87.0,1411915.0,71226778.0,287.0,4875231.0,6227387.0,-1352156.0,3693575.0
Zimbabwe,30,39004305.0,1411915.0,1059391.0,151868.0,5427.0,2008,7612.0,8.0,11.0,1379.0,2.0,3888.0,24.0,25.0,12.0,1411915.0,71226778.0,287.0,4875231.0,6227387.0,-1352156.0,1994473.0
Zimbabwe,30,39004305.0,1411915.0,1059391.0,151868.0,19397.0,2009,7612.0,18.0,23.0,6424.0,23.0,12410.0,72.0,59.0,213.0,1411915.0,71226778.0,287.0,4875231.0,6227387.0,-1352156.0,7897019.0
Zimbabwe,30,39004305.0,1411915.0,1059391.0,151868.0,6628.0,2010,7612.0,3.0,16.0,1395.0,3.0,5013.0,53.0,33.0,13.0,1411915.0,71226778.0,287.0,4875231.0,6227387.0,-1352156.0,2435097.0
Zimbabwe,30,39004305.0,1411915.0,1059391.0,151868.0,9032.0,2011,7612.0,3.0,13.0,4103.0,0.0,4648.0,37.0,65.0,69.0,1411915.0,71226778.0,287.0,4875231.0,6227387.0,-1352156.0,4258267.0
Zimbabwe,30,39004305.0,1411915.0,1059391.0,151868.0,13791.0,2012,7612.0,63.0,14.0,5834.0,2.0,7678.0,37.0,49.0,64.0,1411915.0,71226778.0,287.0,4875231.0,6227387.0,-1352156.0,6044059.0
Zimbabwe,30,39004305.0,1411915.0,1059391.0,151868.0,9608.0,2013,7612.0,100.0,19.0,5375.0,2.0,3862.0,27.0,122.0,137.0,1411915.0,71226778.0,287.0,4875231.0,6227387.0,-1352156.0,4699598.0
Zimbabwe,30,39004305.0,1411915.0,1059391.0,151868.0,9614.0,2014,7612.0,37.0,72.0,4789.0,0.0,4451.0,34.0,152.0,55.0,1411915.0,71226778.0,287.0,4875231.0,6227387.0,-1352156.0,4509451.0
Zimbabwe,30,39004305.0,1411915.0,1059391.0,151868.0,12244.0,2015,7612.0,62.0,9.0,7283.0,0.0,4582.0,14.0,138.0,190.0,1411915.0,71226778.0,287.0,4875231.0,6227387.0,-1352156.0,6991506.0
Zimbabwe,30,39004305.0,1411915.0,1059391.0,151868.0,10926.0,2016,7612.0,50.0,10.0,5665.0,31.0,4785.0,12.0,114.0,284.0,1411915.0,71226778.0,287.0,4875231.0,6227387.0,-1352156.0,5884579.0
Zimbabwe,30,39004305.0,1411915.0,1059391.0,151868.0,25913.0,2017,7612.0,275.0,26.0,13438.0,18.0,10325.0,41.0,586.0,1409.0,1411915.0,71226778.0,287.0,4875231.0,6227387.0,-1352156.0,14462427.0
Zimbabwe,30,39004305.0,1411915.0,1059391.0,151868.0,6541.0,2018,7612.0,27.0,12.0,3135.0,8.0,3150.0,25.0,63.0,134.0,1411915.0,71226778.0,287.0,4875231.0,6227387.0,-1352156.0,3463904.0
Zimbabwe,30,39004305.0,1411915.0,1059391.0,151868.0,11514.0,2019,7612.0,50.0,15.0,5808.0,291.0,4594.0,57.0,150.0,579.0,1411915.0,71226778.0,287.0,4875231.0,6227387.0,-1352156.0,6226192.0
Zimbabwe,30,39004305.0,1411915.0,1059391.0,151868.0,6201.0,2020,7612.0,37.0,15.0,2908.0,6.0,3067.0,11.0,51.0,128.0,1411915.0,71226778.0,287.0,4875231.0,6227387.0,-1352156.0,3456851.0
Zimbabwe,30,39004305.0,1411915.0,1059391.0,151868.0,9013.0,2021,7612.0,42.0,35.0,3000.0,4.0,5738.0,44.0,62.0,89.0,1411915.0,71226778.0,287.0,4875231.0,6227387.0,-1352156.0,4795234.0
Zimbabwe,30,39004305.0,1411915.0,1059391.0,151868.0,8226.0,2022,7612.0,55.0,82.0,3978.0,7.0,3698.0,78.0,87.0,272.0,1411915.0,71226778.0,287.0,4875231.0,6227387.0,-1352156.0,5057994.0
Zimbabwe,30,39004305.0,1411915.0,1059391.0,151868.0,5669.0,2023,7612.0,40.0,132.0,2077.0,1.0,3202.0,40.0,58.0,143.0,1411915.0,71226778.0,287.0,4875231.0,6227387.0,-1352156.0,3260961.0
Zimbabwe,30,39004305.0,1411915.0,1059391.0,151868.0,5834.0,2024,7612.0,32.0,41.0,3003.0,2.0,2532.0,29.0,39.0,172.0,1411915.0,71226778.0,287.0,4875231.0,6227387.0,-1352156.0,3882854.0
Åland,30,150613.0,107739.0,103087.0,2583.0,397.0,2001,0.0,0.0,0.0,372.0,0.0,7.0,9.0,0.0,0.0,107739.0,3702622.0,63.0,199822.0,548179.0,-348357.0,76145.0
Åland,30,150613.0,107739.0,103087.0,2583.0,277.0,2002,0.0,0.0,0.0,268.0,0.0,0.0,7.0,0.0,0.0,107739.0,3702622.0,63.0,199822.0,548179.0,-348357.0,55690.0
Åland,30,150613.0,107739.0,103087.0,2583.0,221.0,2003,0.0,0.0,0.0,204.0,0.0,2.0,8.0,0.0,1.0,107739.0,3702622.0,63.0,199822.0,548179.0,-348357.0,44746.0
Åland,30,150613.0,107739.0,103087.0,2583.0,736.0,2004,0.0,0.0,0.0,717.0,0.0,6.0,8.0,0.0,1.0,107739.0,3702622.0,63.0,199822.0,548179.0,-348357.0,154959.0
Åland,30,150613.0,107739.0,103087.0,2583.0,699.0,2005,0.0,0.0,0.0,666.0,0.0,8.0,20.0,0.0,0.0,107739.0,3702622.0,63.0,199822.0,548179.0,-348357.0,152018.0
Åland,30,150613.0,107739.0,103087.0,2583.0,100.0,2006,0.0,0.0,0.0,96.0,0.0,0.0,0.0,0.0,1.0,107739.0,3702622.0,63.0,199822.0,548179.0,-348357.0,21971.0
Åland,30,150613.0,107739.0,103087.0,2583.0,248.0,2007,0.0,0.0,0.0,238.0,0.0,4.0,0.0,0.0,4.0,107739.0,3702622.0,63.0,199822.0,548179.0,-348357.0,54325.0
Åland,30,150613.0,107739.0,103087.0,2583.0,1292.0,2008,0.0,0.0,0.0,1251.0,0.0,14.0,19.0,0.0,0.0,107739.0,3702622.0,63.0,199822.0,548179.0,-348357.0,294791.0
Åland,30,150613.0,107739.0,103087.0,2583.0,676.0,2009,0.0,0.0,0.0,652.0,0.0,13.0,6.0,0.0,1.0,107739.0,3702622.0,63.0,199822.0,548179.0,-348357.0,153903.0
Åland,30,150613.0,107739.0,103087.0,2583.0,633.0,2010,0.0,0.0,0.0,584.0,0.0,25.0,19.0,0.0,0.0,107739.0,3702622.0,63.0,199822.0,548179.0,-348357.0,152818.0
Åland,30,150613.0,107739.0,103087.0,2583.0,466.0,2011,0.0,0.0,0.0,449.0,0.0,3.0,10.0,0.0,0.0,107739.0,3702622.0,63.0,199822.0,548179.0,-348357.0,114472.0
Åland,30,150613.0,107739.0,103087.0,2583.0,655.0,2012,0.0,0.0,0.0,629.0,0.0,1.0,20.0,0.0,0.0,107739.0,3702622.0,63.0,199822.0,548179.0,-348357.0,160158.0
Åland,30,150613.0,107739.0,103087.0,2583.0,509.0,2013,0.0,0.0,0.0,494.0,0.0,8.0,6.0,0.0,0.0,107739.0,3702622.0,63.0,199822.0,548179.0,-348357.0,127886.0
Åland,30,150613.0,107739.0,103087.0,2583.0,550.0,2014,0.0,0.0,0.0,529.0,0.0,4.0,15.0,0.0,0.0,107739.0,3702622.0,63.0,199822.0,548179.0,-348357.0,137438.0
Åland,30,150613.0,107739.0,103087.0,2583.0,567.0,2015,0.0,0.0,0.0,563.0,0.0,1.0,2.0,0.0,0.0,107739.0,3702622.0,63.0,199822.0,548179.0,-348357.0,146921.0
Åland,30,150613.0,107739.0,103087.0,2583.0,672.0,2016,0.0,0.0,0.0,642.0,0.0,8.0,20.0,0.0,0.0,107739.0,3702622.0,63.0,199822.0,548179.0,-348357.0,181156.0
Åland,30,150613.0,107739.0,103087.0,2583.0,735.0,2017,0.0,0.0,0.0,719.0,0.0,7.0,5.0,0.0,1.0,107739.0,3702622.0,63.0,199822.0,548179.0,-348357.0,204553.0
Åland,30,150613.0,107739.0,103087.0,2583.0,620.0,2018,0.0,0.0,0.0,601.0,0.0,5.0,12.0,0.0,0.0,107739.0,3702622.0,63.0,199822.0,548179.0,-348357.0,181186.0
Åland,30,150613.0,107739.0,103087.0,2583.0,2361.0,2019,0.0,0.0,0.0,2329.0,0.0,15.0,13.0,0.0,0.0,107739.0,3702622.0,63.0,199822.0,548179.0,-348357.0,720707.0
Åland,30,150613.0,107739.0,103087.0,2583.0,674.0,2020,0.0,0.0,0.0,655.0,0.0,9.0,7.0,0.0,0.0,107739.0,3702622.0,63.0,199822.0,548179.0,-348357.0,206427.0
Åland,30,150613.0,107739.0,103087.0,2583.0,1355.0,2021,0.0,0.0,0.0,1331.0,0.0,13.0,9.0,0.0,0.0,107739.0,3702622.0,63.0,199822.0,548179.0,-348357.0,422422.0
Åland,30,150613.0,107739.0,103087.0,2583.0,1167.0,2022,0.0,0.0,0.0,1150.0,0.0,6.0,8.0,0.0,0.0,107739.0,3702622.0,63.0,199822.0,548179.0,-348357.0,365660.0
Åland,30,150613.0,107739.0,103087.0,2583.0,1093.0,2023,0.0,0.0,0.0,1086.0,0.0,2.0,3.0,0.0,0.0,107739.0,3702622.0,63.0,199822.0,548179.0,-348357.0,354122.0
Åland,30,150613.0,107739.0,103087.0,2583.0,951.0,2024,0.0,0.0,0.0,943.0,0.0,1.0,5.0,0.0,0.0,107739.0,3702622.0,63.0,199822.0,548179.0,-348357.0,311241.0
